extuserid,cc,cat
std_Ppe6-pzb4_1700738999116_1,Ppe6-pzb4,3B8PE
std_Ppe6-pzb4_1700739027972_1,Ppe6-pzb4,3B8PE
std_Ppe6-pzb4_1700739060979_1,Ppe6-pzb4,3B8PE
std_Ppe6-pzb4_1700739090217_1,Ppe6-pzb4,3B8PE
std_Ppe6-pzb4_1700739118521_1,Ppe6-pzb4,3B8PE
std_93Gh-um3L_1700739146144_2,93Gh-um3L,3B8PE
std_Ppe6-pzb4_1700739153557_1,Ppe6-pzb4,3B8PE
std_93Gh-um3L_1700739180741_2,93Gh-um3L,3B8PE
std_Ppe6-pzb4_1700739188714_1,Ppe6-pzb4,3B8PE
std_93Gh-um3L_1700739211115_2,93Gh-um3L,3B8PE
std_Ppe6-pzb4_1700739221782_1,Ppe6-pzb4,3B8PE
std_93Gh-um3L_1700739239624_2,93Gh-um3L,3B8PE
std_Ppe6-pzb4_1700739256276_1,Ppe6-pzb4,3B8PE
std_93Gh-um3L_1700739266810_2,93Gh-um3L,3B8PE
std_Ppe6-pzb4_1700739285478_1,Ppe6-pzb4,3B8PE
std_93Gh-um3L_1700739300807_2,93Gh-um3L,3B8PE
std_qtBx-d7bh_1700739304119_3,qtBx-d7bh,3B8PE
std_Ppe6-pzb4_1700739315721_1,Ppe6-pzb4,3B8PE
std_93Gh-um3L_1700739330721_2,93Gh-um3L,3B8PE
std_qtBx-d7bh_1700739336734_3,qtBx-d7bh,3B8PE
std_Ppe6-pzb4_1700739348595_1,Ppe6-pzb4,3B8PE
std_93Gh-um3L_1700739366752_2,93Gh-um3L,3B8PE
std_qtBx-d7bh_1700739367961_3,qtBx-d7bh,3B8PE
std_Ppe6-pzb4_1700739382127_1,Ppe6-pzb4,3B8PE
std_93Gh-um3L_1700739393971_2,93Gh-um3L,3B8PE
std_qtBx-d7bh_1700739399198_3,qtBx-d7bh,3B8PE
std_Ppe6-pzb4_1700739416532_1,Ppe6-pzb4,3B8PE
std_93Gh-um3L_1700739421349_2,93Gh-um3L,3B8PE
std_qtBx-d7bh_1700739436526_3,qtBx-d7bh,3B8PE
std_86EU-cW83_1700739438394_4,86EU-cW83,3B8PE
std_93Gh-um3L_1700739449393_2,93Gh-um3L,3B8PE
std_Ppe6-pzb4_1700739448740_1,Ppe6-pzb4,3B8PE
std_qtBx-d7bh_1700739470574_3,qtBx-d7bh,3B8PE
std_86EU-cW83_1700739473100_4,86EU-cW83,3B8PE
std_93Gh-um3L_1700739479122_2,93Gh-um3L,3B8PE
std_Ppe6-pzb4_1700739481578_1,Ppe6-pzb4,3B8PE
std_86EU-cW83_1700739502590_4,86EU-cW83,3B8PE
std_qtBx-d7bh_1700739496623_3,qtBx-d7bh,3B8PE
std_Ppe6-pzb4_1700739517135_1,Ppe6-pzb4,3B8PE
std_93Gh-um3L_1700739512915_2,93Gh-um3L,3B8PE
std_qtBx-d7bh_1700739530672_3,qtBx-d7bh,3B8PE
std_86EU-cW83_1700739529996_4,86EU-cW83,3B8PE
std_Ppe6-pzb4_1700739545177_1,Ppe6-pzb4,3B8PE
std_93Gh-um3L_1700739545603_2,93Gh-um3L,3B8PE
std_qtBx-d7bh_1700739556852_3,qtBx-d7bh,3B8PE
std_86EU-cW83_1700739563620_4,86EU-cW83,3B8PE
std_Ppe6-pzb4_1700739576483_1,Ppe6-pzb4,3B8PE
std_93Gh-um3L_1700739580548_2,93Gh-um3L,3B8PE
std_qtBx-d7bh_1700739586129_3,qtBx-d7bh,3B8PE
std_86EU-cW83_1700739591879_4,86EU-cW83,3B8PE
std_LYE4-LCo6_1700739598014_5,LYE4-LCo6,3B8PE
std_Ppe6-pzb4_1700739607809_1,Ppe6-pzb4,3B8PE
std_93Gh-um3L_1700739613176_2,93Gh-um3L,3B8PE
std_86EU-cW83_1700739624915_4,86EU-cW83,3B8PE
std_LYE4-LCo6_1700739627802_5,LYE4-LCo6,3B8PE
std_qtBx-d7bh_1700739619595_3,qtBx-d7bh,3B8PE
std_Ppe6-pzb4_1700739634821_1,Ppe6-pzb4,3B8PE
std_93Gh-um3L_1700739640579_2,93Gh-um3L,3B8PE
std_86EU-cW83_1700739651783_4,86EU-cW83,3B8PE
std_qtBx-d7bh_1700739654134_3,qtBx-d7bh,3B8PE
std_LYE4-LCo6_1700739653225_5,LYE4-LCo6,3B8PE
std_Ppe6-pzb4_1700739661947_1,Ppe6-pzb4,3B8PE
std_93Gh-um3L_1700739669385_2,93Gh-um3L,3B8PE
std_86EU-cW83_1700739680586_4,86EU-cW83,3B8PE
std_qtBx-d7bh_1700739681324_3,qtBx-d7bh,3B8PE
std_LYE4-LCo6_1700739683512_5,LYE4-LCo6,3B8PE
std_Ppe6-pzb4_1700739695704_1,Ppe6-pzb4,3B8PE
std_93Gh-um3L_1700739698284_2,93Gh-um3L,3B8PE
std_qtBx-d7bh_1700739712603_3,qtBx-d7bh,3B8PE
std_86EU-cW83_1700739711029_4,86EU-cW83,3B8PE
std_LYE4-LCo6_1700739717655_5,LYE4-LCo6,3B8PE
std_Ppe6-pzb4_1700739722345_1,Ppe6-pzb4,3B8PE
std_93Gh-um3L_1700739733101_2,93Gh-um3L,3B8PE
std_QNyw-j8gq_1700739734010_6,QNyw-j8gq,3B8PE
std_LYE4-LCo6_1700739744667_5,LYE4-LCo6,3B8PE
std_qtBx-d7bh_1700739743789_3,qtBx-d7bh,3B8PE
std_86EU-cW83_1700739744149_4,86EU-cW83,3B8PE
std_Ppe6-pzb4_1700739755307_1,Ppe6-pzb4,3B8PE
std_93Gh-um3L_1700739759947_2,93Gh-um3L,3B8PE
std_QNyw-j8gq_1700739763743_6,QNyw-j8gq,3B8PE
std_LYE4-LCo6_1700739772776_5,LYE4-LCo6,3B8PE
std_qtBx-d7bh_1700739773403_3,qtBx-d7bh,3B8PE
std_86EU-cW83_1700739780009_4,86EU-cW83,3B8PE
std_93Gh-um3L_1700739788922_2,93Gh-um3L,3B8PE
std_Ppe6-pzb4_1700739788120_1,Ppe6-pzb4,3B8PE
std_QNyw-j8gq_1700739793440_6,QNyw-j8gq,3B8PE
std_LYE4-LCo6_1700739802087_5,LYE4-LCo6,3B8PE
std_86EU-cW83_1700739805824_4,86EU-cW83,3B8PE
std_qtBx-d7bh_1700739805307_3,qtBx-d7bh,3B8PE
std_Ppe6-pzb4_1700739824494_1,Ppe6-pzb4,3B8PE
std_93Gh-um3L_1700739821796_2,93Gh-um3L,3B8PE
std_QNyw-j8gq_1700739824542_6,QNyw-j8gq,3B8PE
std_LYE4-LCo6_1700739833430_5,LYE4-LCo6,3B8PE
std_86EU-cW83_1700739835361_4,86EU-cW83,3B8PE
std_qtBx-d7bh_1700739838420_3,qtBx-d7bh,3B8PE
std_Ppe6-pzb4_1700739851425_1,Ppe6-pzb4,3B8PE
std_93Gh-um3L_1700739854118_2,93Gh-um3L,3B8PE
std_LYE4-LCo6_1700739861516_5,LYE4-LCo6,3B8PE
std_86EU-cW83_1700739865415_4,86EU-cW83,3B8PE
std_QNyw-j8gq_1700739861083_6,QNyw-j8gq,3B8PE
std_qtBx-d7bh_1700739870361_3,qtBx-d7bh,3B8PE
std_93Gh-um3L_1700739889421_2,93Gh-um3L,3B8PE
std_LYE4-LCo6_1700739892186_5,LYE4-LCo6,3B8PE
std_Ppe6-pzb4_1700739884954_1,Ppe6-pzb4,3B8PE
std_QNyw-j8gq_1700739895077_6,QNyw-j8gq,3B8PE
std_86EU-cW83_1700739895024_4,86EU-cW83,3B8PE
std_qtBx-d7bh_1700739906260_3,qtBx-d7bh,3B8PE
std_Ppe6-pzb4_1700739919551_1,Ppe6-pzb4,3B8PE
std_93Gh-um3L_1700739917036_2,93Gh-um3L,3B8PE
std_etE7-yk26_1700739913773_7,etE7-yk26,3B8PE
std_LYE4-LCo6_1700739919218_5,LYE4-LCo6,3B8PE
std_QNyw-j8gq_1700739928164_6,QNyw-j8gq,3B8PE
std_86EU-cW83_1700739930312_4,86EU-cW83,3B8PE
std_qtBx-d7bh_1700739935109_3,qtBx-d7bh,3B8PE
std_Ppe6-pzb4_1700739946233_1,Ppe6-pzb4,3B8PE
std_93Gh-um3L_1700739946644_2,93Gh-um3L,3B8PE
std_etE7-yk26_1700739948497_7,etE7-yk26,3B8PE
std_LYE4-LCo6_1700739954114_5,LYE4-LCo6,3B8PE
std_86EU-cW83_1700739965884_4,86EU-cW83,3B8PE
std_QNyw-j8gq_1700739961593_6,QNyw-j8gq,3B8PE
std_qtBx-d7bh_1700739971343_3,qtBx-d7bh,3B8PE
std_Ppe6-pzb4_1700739973824_1,Ppe6-pzb4,3B8PE
std_93Gh-um3L_1700739976450_2,93Gh-um3L,3B8PE
std_etE7-yk26_1700739981558_7,etE7-yk26,3B8PE
std_LYE4-LCo6_1700739988549_5,LYE4-LCo6,3B8PE
std_qtBx-d7bh_1700739997204_3,qtBx-d7bh,3B8PE
std_86EU-cW83_1700739995932_4,86EU-cW83,3B8PE
std_QNyw-j8gq_1700739996903_6,QNyw-j8gq,3B8PE
std_Ppe6-pzb4_1700740005247_1,Ppe6-pzb4,3B8PE
std_93Gh-um3L_1700740008962_2,93Gh-um3L,3B8PE
std_LYE4-LCo6_1700740016676_5,LYE4-LCo6,3B8PE
std_qtBx-d7bh_1700740024007_3,qtBx-d7bh,3B8PE
std_etE7-yk26_1700740016268_7,etE7-yk26,3B8PE
std_86EU-cW83_1700740030201_4,86EU-cW83,3B8PE
std_Ppe6-pzb4_1700740033788_1,Ppe6-pzb4,3B8PE
std_QNyw-j8gq_1700740031737_6,QNyw-j8gq,3B8PE
std_93Gh-um3L_1700740044085_2,93Gh-um3L,3B8PE
std_qtBx-d7bh_1700740049435_3,qtBx-d7bh,3B8PE
std_LYE4-LCo6_1700740049278_5,LYE4-LCo6,3B8PE
std_86EU-cW83_1700740056171_4,86EU-cW83,3B8PE
std_etE7-yk26_1700740051232_7,etE7-yk26,3B8PE
std_2Av6-3Nn3_1700740053515_8,2Av6-3Nn3,3B8PE
std_QNyw-j8gq_1700740063142_6,QNyw-j8gq,3B8PE
std_Ppe6-pzb4_1700740062139_1,Ppe6-pzb4,3B8PE
std_qtBx-d7bh_1700740075670_3,qtBx-d7bh,3B8PE
std_93Gh-um3L_1700740070513_2,93Gh-um3L,3B8PE
std_LYE4-LCo6_1700740082396_5,LYE4-LCo6,3B8PE
std_etE7-yk26_1700740085528_7,etE7-yk26,3B8PE
std_86EU-cW83_1700740085277_4,86EU-cW83,3B8PE
std_2Av6-3Nn3_1700740087816_8,2Av6-3Nn3,3B8PE
std_QNyw-j8gq_1700740094472_6,QNyw-j8gq,3B8PE
std_Ppe6-pzb4_1700740095118_1,Ppe6-pzb4,3B8PE
std_qtBx-d7bh_1700740102809_3,qtBx-d7bh,3B8PE
std_93Gh-um3L_1700740103252_2,93Gh-um3L,3B8PE
std_LYE4-LCo6_1700740114976_5,LYE4-LCo6,3B8PE
std_etE7-yk26_1700740117925_7,etE7-yk26,3B8PE
std_86EU-cW83_1700740118036_4,86EU-cW83,3B8PE
std_2Av6-3Nn3_1700740121900_8,2Av6-3Nn3,3B8PE
std_Ppe6-pzb4_1700740128056_1,Ppe6-pzb4,3B8PE
std_QNyw-j8gq_1700740125735_6,QNyw-j8gq,3B8PE
std_qtBx-d7bh_1700740133171_3,qtBx-d7bh,3B8PE
std_93Gh-um3L_1700740135824_2,93Gh-um3L,3B8PE
std_LYE4-LCo6_1700740144655_5,LYE4-LCo6,3B8PE
std_2Av6-3Nn3_1700740152640_8,2Av6-3Nn3,3B8PE
std_86EU-cW83_1700740151132_4,86EU-cW83,3B8PE
std_etE7-yk26_1700740149426_7,etE7-yk26,3B8PE
std_QNyw-j8gq_1700740155756_6,QNyw-j8gq,3B8PE
std_Ppe6-pzb4_1700740155725_1,Ppe6-pzb4,3B8PE
std_qtBx-d7bh_1700740165967_3,qtBx-d7bh,3B8PE
std_93Gh-um3L_1700740168744_2,93Gh-um3L,3B8PE
std_LYE4-LCo6_1700740178701_5,LYE4-LCo6,3B8PE
std_86EU-cW83_1700740181655_4,86EU-cW83,3B8PE
std_Ppe6-pzb4_1700740192901_1,Ppe6-pzb4,3B8PE
std_QNyw-j8gq_1700740191186_6,QNyw-j8gq,3B8PE
std_93Gh-um3L_1700740202104_2,93Gh-um3L,3B8PE
std_qtBx-d7bh_1700740196136_3,qtBx-d7bh,3B8PE
std_LYE4-LCo6_1700740205978_5,LYE4-LCo6,3B8PE
std_7z96-W86v_1700740206942_9,7z96-W86v,3B8PE
std_etE7-yk26_1700740211303_7,etE7-yk26,3B8PE
std_2Av6-3Nn3_1700740211302_8,2Av6-3Nn3,3B8PE
std_86EU-cW83_1700740214010_4,86EU-cW83,3B8PE
std_Ppe6-pzb4_1700740221464_1,Ppe6-pzb4,3B8PE
std_QNyw-j8gq_1700740226081_6,QNyw-j8gq,3B8PE
std_93Gh-um3L_1700740228829_2,93Gh-um3L,3B8PE
std_LYE4-LCo6_1700740237910_5,LYE4-LCo6,3B8PE
std_qtBx-d7bh_1700740232309_3,qtBx-d7bh,3B8PE
std_7z96-W86v_1700740237941_9,7z96-W86v,3B8PE
std_etE7-yk26_1700740238569_7,etE7-yk26,3B8PE
std_2Av6-3Nn3_1700740245329_8,2Av6-3Nn3,3B8PE
std_86EU-cW83_1700740247855_4,86EU-cW83,3B8PE
std_QNyw-j8gq_1700740256705_6,QNyw-j8gq,3B8PE
std_Ppe6-pzb4_1700740255682_1,Ppe6-pzb4,3B8PE
std_93Gh-um3L_1700740258089_2,93Gh-um3L,3B8PE
std_qtBx-d7bh_1700740267759_3,qtBx-d7bh,3B8PE
std_LYE4-LCo6_1700740265696_5,LYE4-LCo6,3B8PE
std_7z96-W86v_1700740271451_9,7z96-W86v,3B8PE
std_etE7-yk26_1700740273488_7,etE7-yk26,3B8PE
std_2Av6-3Nn3_1700740276161_8,2Av6-3Nn3,3B8PE
std_86EU-cW83_1700740283520_4,86EU-cW83,3B8PE
std_QNyw-j8gq_1700740290106_6,QNyw-j8gq,3B8PE
std_Ppe6-pzb4_1700740291467_1,Ppe6-pzb4,3B8PE
std_93Gh-um3L_1700740292094_2,93Gh-um3L,3B8PE
std_qtBx-d7bh_1700740296218_3,qtBx-d7bh,3B8PE
std_LYE4-LCo6_1700740298391_5,LYE4-LCo6,3B8PE
std_7z96-W86v_1700740303870_9,7z96-W86v,3B8PE
std_etE7-yk26_1700740307643_7,etE7-yk26,3B8PE
std_2Av6-3Nn3_1700740308450_8,2Av6-3Nn3,3B8PE
std_86EU-cW83_1700740312586_4,86EU-cW83,3B8PE
std_QNyw-j8gq_1700740320341_6,QNyw-j8gq,3B8PE
std_Ppe6-pzb4_1700740321241_1,Ppe6-pzb4,3B8PE
std_93Gh-um3L_1700740326905_2,93Gh-um3L,3B8PE
std_LYE4-LCo6_1700740334068_5,LYE4-LCo6,3B8PE
std_qtBx-d7bh_1700740332319_3,qtBx-d7bh,3B8PE
std_7z96-W86v_1700740337778_9,7z96-W86v,3B8PE
std_etE7-yk26_1700740339044_7,etE7-yk26,3B8PE
std_86EU-cW83_1700740350749_4,86EU-cW83,3B8PE
std_QNyw-j8gq_1700740356173_6,QNyw-j8gq,3B8PE
std_2Av6-3Nn3_1700740342656_8,2Av6-3Nn3,3B8PE
std_Ppe6-pzb4_1700740357522_1,Ppe6-pzb4,3B8PE
std_oej6-WiuB_1700740358912_10,oej6-WiuB,3B8PE
std_LYE4-LCo6_1700740366491_5,LYE4-LCo6,3B8PE
std_93Gh-um3L_1700740362028_2,93Gh-um3L,3B8PE
std_7z96-W86v_1700740374325_9,7z96-W86v,3B8PE
std_qtBx-d7bh_1700740371660_3,qtBx-d7bh,3B8PE
std_etE7-yk26_1700740374968_7,etE7-yk26,3B8PE
std_86EU-cW83_1700740380567_4,86EU-cW83,3B8PE
std_2Av6-3Nn3_1700740386172_8,2Av6-3Nn3,3B8PE
std_QNyw-j8gq_1700740383867_6,QNyw-j8gq,3B8PE
std_Ppe6-pzb4_1700740387182_1,Ppe6-pzb4,3B8PE
std_oej6-WiuB_1700740392781_10,oej6-WiuB,3B8PE
std_LYE4-LCo6_1700740397659_5,LYE4-LCo6,3B8PE
std_93Gh-um3L_1700740400094_2,93Gh-um3L,3B8PE
std_7z96-W86v_1700740411557_9,7z96-W86v,3B8PE
std_QNyw-j8gq_1700740416341_6,QNyw-j8gq,3B8PE
std_etE7-yk26_1700740415579_7,etE7-yk26,3B8PE
std_2Av6-3Nn3_1700740416325_8,2Av6-3Nn3,3B8PE
std_qtBx-d7bh_1700740411875_3,qtBx-d7bh,3B8PE
std_86EU-cW83_1700740415626_4,86EU-cW83,3B8PE
std_Ppe6-pzb4_1700740421260_1,Ppe6-pzb4,3B8PE
std_93Gh-um3L_1700740431076_2,93Gh-um3L,3B8PE
std_oej6-WiuB_1700740429001_10,oej6-WiuB,3B8PE
std_LYE4-LCo6_1700740429472_5,LYE4-LCo6,3B8PE
std_QNyw-j8gq_1700740442915_6,QNyw-j8gq,3B8PE
std_7z96-W86v_1700740440732_9,7z96-W86v,3B8PE
std_2Av6-3Nn3_1700740446326_8,2Av6-3Nn3,3B8PE
std_etE7-yk26_1700740444987_7,etE7-yk26,3B8PE
std_86EU-cW83_1700740448393_4,86EU-cW83,3B8PE
std_qtBx-d7bh_1700740446425_3,qtBx-d7bh,3B8PE
std_Ppe6-pzb4_1700740455636_1,Ppe6-pzb4,3B8PE
std_93Gh-um3L_1700740461574_2,93Gh-um3L,3B8PE
std_oej6-WiuB_1700740465159_10,oej6-WiuB,3B8PE
std_LYE4-LCo6_1700740465641_5,LYE4-LCo6,3B8PE
std_7z96-W86v_1700740470340_9,7z96-W86v,3B8PE
std_2Av6-3Nn3_1700740472154_8,2Av6-3Nn3,3B8PE
std_QNyw-j8gq_1700740469991_6,QNyw-j8gq,3B8PE
std_86EU-cW83_1700740474535_4,86EU-cW83,3B8PE
std_etE7-yk26_1700740474420_7,etE7-yk26,3B8PE
std_qtBx-d7bh_1700740475487_3,qtBx-d7bh,3B8PE
std_Ppe6-pzb4_1700740486379_1,Ppe6-pzb4,3B8PE
std_93Gh-um3L_1700740488146_2,93Gh-um3L,3B8PE
std_LYE4-LCo6_1700740500204_5,LYE4-LCo6,3B8PE
std_oej6-WiuB_1700740495676_10,oej6-WiuB,3B8PE
std_7z96-W86v_1700740503611_9,7z96-W86v,3B8PE
std_QNyw-j8gq_1700740506269_6,QNyw-j8gq,3B8PE
std_etE7-yk26_1700740509054_7,etE7-yk26,3B8PE
std_2Av6-3Nn3_1700740505140_8,2Av6-3Nn3,3B8PE
std_E7Zt-YR38_1700740504473_11,E7Zt-YR38,3B8PE
std_86EU-cW83_1700740508418_4,86EU-cW83,3B8PE
std_qtBx-d7bh_1700740511781_3,qtBx-d7bh,3B8PE
std_LYE4-LCo6_1700740525905_5,LYE4-LCo6,3B8PE
std_93Gh-um3L_1700740520389_2,93Gh-um3L,3B8PE
std_Ppe6-pzb4_1700740519338_1,Ppe6-pzb4,3B8PE
std_oej6-WiuB_1700740527114_10,oej6-WiuB,3B8PE
std_7z96-W86v_1700740534440_9,7z96-W86v,3B8PE
std_etE7-yk26_1700740538821_7,etE7-yk26,3B8PE
std_86EU-cW83_1700740539940_4,86EU-cW83,3B8PE
std_E7Zt-YR38_1700740539838_11,E7Zt-YR38,3B8PE
std_2Av6-3Nn3_1700740539575_8,2Av6-3Nn3,3B8PE
std_QNyw-j8gq_1700740538209_6,QNyw-j8gq,3B8PE
std_qtBx-d7bh_1700740544061_3,qtBx-d7bh,3B8PE
std_Ppe6-pzb4_1700740556584_1,Ppe6-pzb4,3B8PE
std_LYE4-LCo6_1700740555680_5,LYE4-LCo6,3B8PE
std_oej6-WiuB_1700740558489_10,oej6-WiuB,3B8PE
std_93Gh-um3L_1700740556231_2,93Gh-um3L,3B8PE
std_etE7-yk26_1700740570621_7,etE7-yk26,3B8PE
std_7z96-W86v_1700740569404_9,7z96-W86v,3B8PE
std_86EU-cW83_1700740573092_4,86EU-cW83,3B8PE
std_qtBx-d7bh_1700740582979_3,qtBx-d7bh,3B8PE
std_2Av6-3Nn3_1700740577686_8,2Av6-3Nn3,3B8PE
std_E7Zt-YR38_1700740576450_11,E7Zt-YR38,3B8PE
std_QNyw-j8gq_1700740580254_6,QNyw-j8gq,3B8PE
std_Ppe6-pzb4_1700740587768_1,Ppe6-pzb4,3B8PE
std_oej6-WiuB_1700740590917_10,oej6-WiuB,3B8PE
std_93Gh-um3L_1700740592268_2,93Gh-um3L,3B8PE
std_LYE4-LCo6_1700740590901_5,LYE4-LCo6,3B8PE
std_7z96-W86v_1700740600052_9,7z96-W86v,3B8PE
std_etE7-yk26_1700740599596_7,etE7-yk26,3B8PE
std_86EU-cW83_1700740609041_4,86EU-cW83,3B8PE
std_QNyw-j8gq_1700740619384_6,QNyw-j8gq,3B8PE
std_E7Zt-YR38_1700740617658_11,E7Zt-YR38,3B8PE
std_qtBx-d7bh_1700740615462_3,qtBx-d7bh,3B8PE
std_oej6-WiuB_1700740623950_10,oej6-WiuB,3B8PE
std_93Gh-um3L_1700740626943_2,93Gh-um3L,3B8PE
std_etE7-yk26_1700740635593_7,etE7-yk26,3B8PE
std_7z96-W86v_1700740633210_9,7z96-W86v,3B8PE
std_LYE4-LCo6_1700740633210_5,LYE4-LCo6,3B8PE
std_qo9t-34Kr_1700740634856_12,qo9t-34Kr,3B8PE
std_86EU-cW83_1700740644963_4,86EU-cW83,3B8PE
std_QNyw-j8gq_1700740653179_6,QNyw-j8gq,3B8PE
std_Ppe6-pzb4_1700740652705_1,Ppe6-pzb4,3B8PE
std_oej6-WiuB_1700740656974_10,oej6-WiuB,3B8PE
std_2Av6-3Nn3_1700740652705_8,2Av6-3Nn3,3B8PE
std_93Gh-um3L_1700740661637_2,93Gh-um3L,3B8PE
std_7z96-W86v_1700740668714_9,7z96-W86v,3B8PE
std_etE7-yk26_1700740667506_7,etE7-yk26,3B8PE
std_qtBx-d7bh_1700740654441_3,qtBx-d7bh,3B8PE
std_E7Zt-YR38_1700740653697_11,E7Zt-YR38,3B8PE
std_qo9t-34Kr_1700740671198_12,qo9t-34Kr,3B8PE
std_LYE4-LCo6_1700740669708_5,LYE4-LCo6,3B8PE
std_86EU-cW83_1700740675313_4,86EU-cW83,3B8PE
std_QNyw-j8gq_1700740684786_6,QNyw-j8gq,3B8PE
std_93Gh-um3L_1700740694931_2,93Gh-um3L,3B8PE
std_E7Zt-YR38_1700740700939_11,E7Zt-YR38,3B8PE
std_Ppe6-pzb4_1700740687131_1,Ppe6-pzb4,3B8PE
std_qo9t-34Kr_1700740705256_12,qo9t-34Kr,3B8PE
std_etE7-yk26_1700740698602_7,etE7-yk26,3B8PE
std_LYE4-LCo6_1700740705853_5,LYE4-LCo6,3B8PE
std_86EU-cW83_1700740712565_4,86EU-cW83,3B8PE
std_oej6-WiuB_1700740722168_10,oej6-WiuB,3B8PE
std_93Gh-um3L_1700740725251_2,93Gh-um3L,3B8PE
std_2Av6-3Nn3_1700740722168_8,2Av6-3Nn3,3B8PE
std_QNyw-j8gq_1700740724494_6,QNyw-j8gq,3B8PE
std_E7Zt-YR38_1700740730359_11,E7Zt-YR38,3B8PE
std_7z96-W86v_1700740734920_9,7z96-W86v,3B8PE
std_etE7-yk26_1700740736165_7,etE7-yk26,3B8PE
std_LYE4-LCo6_1700740739543_5,LYE4-LCo6,3B8PE
std_qtBx-d7bh_1700740734920_3,qtBx-d7bh,3B8PE
std_Ppe6-pzb4_1700740733282_1,Ppe6-pzb4,3B8PE
std_qo9t-34Kr_1700740735898_12,qo9t-34Kr,3B8PE
std_86EU-cW83_1700740746141_4,86EU-cW83,3B8PE
std_93Gh-um3L_1700740752930_2,93Gh-um3L,3B8PE
std_2Av6-3Nn3_1700740757070_8,2Av6-3Nn3,3B8PE
std_oej6-WiuB_1700740752648_10,oej6-WiuB,3B8PE
std_QNyw-j8gq_1700740761997_6,QNyw-j8gq,3B8PE
std_Ppe6-pzb4_1700740771498_1,Ppe6-pzb4,3B8PE
std_qtBx-d7bh_1700740769817_3,qtBx-d7bh,3B8PE
std_7z96-W86v_1700740769080_9,7z96-W86v,3B8PE
std_E7Zt-YR38_1700740763413_11,E7Zt-YR38,3B8PE
std_etE7-yk26_1700740769456_7,etE7-yk26,3B8PE
std_LYE4-LCo6_1700740769770_5,LYE4-LCo6,3B8PE
std_qo9t-34Kr_1700740773194_12,qo9t-34Kr,3B8PE
std_86EU-cW83_1700740779526_4,86EU-cW83,3B8PE
std_2Av6-3Nn3_1700740786797_8,2Av6-3Nn3,3B8PE
std_QNyw-j8gq_1700740790313_6,QNyw-j8gq,3B8PE
std_93Gh-um3L_1700740786168_2,93Gh-um3L,3B8PE
std_oej6-WiuB_1700740788603_10,oej6-WiuB,3B8PE
std_Ppe6-pzb4_1700740798501_1,Ppe6-pzb4,3B8PE
std_qtBx-d7bh_1700740799571_3,qtBx-d7bh,3B8PE
std_7z96-W86v_1700740801849_9,7z96-W86v,3B8PE
std_qo9t-34Kr_1700740806530_12,qo9t-34Kr,3B8PE
std_LYE4-LCo6_1700740805711_5,LYE4-LCo6,3B8PE
std_etE7-yk26_1700740804376_7,etE7-yk26,3B8PE
std_E7Zt-YR38_1700740802901_11,E7Zt-YR38,3B8PE
std_qY6D-7DU3_1700740810055_13,qY6D-7DU3,3B8PE
std_86EU-cW83_1700740813603_4,86EU-cW83,3B8PE
std_2Av6-3Nn3_1700740813736_8,2Av6-3Nn3,3B8PE
std_oej6-WiuB_1700740823532_10,oej6-WiuB,3B8PE
std_93Gh-um3L_1700740821523_2,93Gh-um3L,3B8PE
std_QNyw-j8gq_1700740820186_6,QNyw-j8gq,3B8PE
std_7z96-W86v_1700740830550_9,7z96-W86v,3B8PE
std_Ppe6-pzb4_1700740826234_1,Ppe6-pzb4,3B8PE
std_qtBx-d7bh_1700740827552_3,qtBx-d7bh,3B8PE
std_LYE4-LCo6_1700740835499_5,LYE4-LCo6,3B8PE
std_qo9t-34Kr_1700740834040_12,qo9t-34Kr,3B8PE
std_E7Zt-YR38_1700740837695_11,E7Zt-YR38,3B8PE
std_etE7-yk26_1700740836393_7,etE7-yk26,3B8PE
std_86EU-cW83_1700740847310_4,86EU-cW83,3B8PE
std_qY6D-7DU3_1700740844897_13,qY6D-7DU3,3B8PE
std_93Gh-um3L_1700740853712_2,93Gh-um3L,3B8PE
std_7z96-W86v_1700740856723_9,7z96-W86v,3B8PE
std_2Av6-3Nn3_1700740848831_8,2Av6-3Nn3,3B8PE
std_Ppe6-pzb4_1700740857304_1,Ppe6-pzb4,3B8PE
std_oej6-WiuB_1700740851953_10,oej6-WiuB,3B8PE
std_qtBx-d7bh_1700740860728_3,qtBx-d7bh,3B8PE
std_QNyw-j8gq_1700740856566_6,QNyw-j8gq,3B8PE
std_etE7-yk26_1700740873074_7,etE7-yk26,3B8PE
std_LYE4-LCo6_1700740866033_5,LYE4-LCo6,3B8PE
std_qo9t-34Kr_1700740869479_12,qo9t-34Kr,3B8PE
std_E7Zt-YR38_1700740870107_11,E7Zt-YR38,3B8PE
std_qY6D-7DU3_1700740875394_13,qY6D-7DU3,3B8PE
std_86EU-cW83_1700740874281_4,86EU-cW83,3B8PE
std_Ppe6-pzb4_1700740885147_1,Ppe6-pzb4,3B8PE
std_93Gh-um3L_1700740880699_2,93Gh-um3L,3B8PE
std_2Av6-3Nn3_1700740884362_8,2Av6-3Nn3,3B8PE
std_7z96-W86v_1700740882872_9,7z96-W86v,3B8PE
std_QNyw-j8gq_1700740889969_6,QNyw-j8gq,3B8PE
std_qtBx-d7bh_1700740888916_3,qtBx-d7bh,3B8PE
std_oej6-WiuB_1700740886136_10,oej6-WiuB,3B8PE
std_E7Zt-YR38_1700740902764_11,E7Zt-YR38,3B8PE
std_LYE4-LCo6_1700740900191_5,LYE4-LCo6,3B8PE
std_qo9t-34Kr_1700740902403_12,qo9t-34Kr,3B8PE
std_etE7-yk26_1700740899122_7,etE7-yk26,3B8PE
std_86EU-cW83_1700740905707_4,86EU-cW83,3B8PE
std_qY6D-7DU3_1700740904829_13,qY6D-7DU3,3B8PE
std_Ppe6-pzb4_1700740911532_1,Ppe6-pzb4,3B8PE
std_93Gh-um3L_1700740913437_2,93Gh-um3L,3B8PE
std_QNyw-j8gq_1700740919441_6,QNyw-j8gq,3B8PE
std_2Av6-3Nn3_1700740915864_8,2Av6-3Nn3,3B8PE
std_oej6-WiuB_1700740921871_10,oej6-WiuB,3B8PE
std_7z96-W86v_1700740919441_9,7z96-W86v,3B8PE
std_qtBx-d7bh_1700740920483_3,qtBx-d7bh,3B8PE
std_E7Zt-YR38_1700740928322_11,E7Zt-YR38,3B8PE
std_qo9t-34Kr_1700740930793_12,qo9t-34Kr,3B8PE
std_etE7-yk26_1700740931475_7,etE7-yk26,3B8PE
std_86EU-cW83_1700740932878_4,86EU-cW83,3B8PE
std_LYE4-LCo6_1700740928653_5,LYE4-LCo6,3B8PE
std_Ppe6-pzb4_1700740937762_1,Ppe6-pzb4,3B8PE
std_qY6D-7DU3_1700740937351_13,qY6D-7DU3,3B8PE
std_oej6-WiuB_1700740947241_10,oej6-WiuB,3B8PE
std_2Av6-3Nn3_1700740946517_8,2Av6-3Nn3,3B8PE
std_93Gh-um3L_1700740941736_2,93Gh-um3L,3B8PE
std_QNyw-j8gq_1700740944924_6,QNyw-j8gq,3B8PE
std_E7Zt-YR38_1700740954369_11,E7Zt-YR38,3B8PE
std_etE7-yk26_1700740959072_7,etE7-yk26,3B8PE
std_amDu-3Fsq_1700740962679_14,amDu-3Fsq,3B8PE
std_qo9t-34Kr_1700740956453_12,qo9t-34Kr,3B8PE
std_86EU-cW83_1700740960806_4,86EU-cW83,3B8PE
std_LYE4-LCo6_1700740962364_5,LYE4-LCo6,3B8PE
std_Ppe6-pzb4_1700740967161_1,Ppe6-pzb4,3B8PE
std_qY6D-7DU3_1700740968001_13,qY6D-7DU3,3B8PE
std_2Av6-3Nn3_1700740976512_8,2Av6-3Nn3,3B8PE
std_93Gh-um3L_1700740977139_2,93Gh-um3L,3B8PE
std_oej6-WiuB_1700740975885_10,oej6-WiuB,3B8PE
std_QNyw-j8gq_1700740979780_6,QNyw-j8gq,3B8PE
std_qtBx-d7bh_1700740982571_3,qtBx-d7bh,3B8PE
std_7z96-W86v_1700740982571_9,7z96-W86v,3B8PE
std_E7Zt-YR38_1700740987339_11,E7Zt-YR38,3B8PE
std_etE7-yk26_1700740987997_7,etE7-yk26,3B8PE
std_amDu-3Fsq_1700740993843_14,amDu-3Fsq,3B8PE
std_86EU-cW83_1700740994454_4,86EU-cW83,3B8PE
std_qo9t-34Kr_1700740994031_12,qo9t-34Kr,3B8PE
std_Ppe6-pzb4_1700740998032_1,Ppe6-pzb4,3B8PE
std_LYE4-LCo6_1700740996462_5,LYE4-LCo6,3B8PE
std_oej6-WiuB_1700741005587_10,oej6-WiuB,3B8PE
std_qY6D-7DU3_1700741001969_13,qY6D-7DU3,3B8PE
std_93Gh-um3L_1700741004231_2,93Gh-um3L,3B8PE
std_2Av6-3Nn3_1700741003602_8,2Av6-3Nn3,3B8PE
std_QNyw-j8gq_1700741009906_6,QNyw-j8gq,3B8PE
std_7z96-W86v_1700741016262_9,7z96-W86v,3B8PE
std_qtBx-d7bh_1700741010848_3,qtBx-d7bh,3B8PE
std_etE7-yk26_1700741023751_7,etE7-yk26,3B8PE
std_86EU-cW83_1700741027470_4,86EU-cW83,3B8PE
std_E7Zt-YR38_1700741018852_11,E7Zt-YR38,3B8PE
std_amDu-3Fsq_1700741025902_14,amDu-3Fsq,3B8PE
std_qo9t-34Kr_1700741027862_12,qo9t-34Kr,3B8PE
std_2Av6-3Nn3_1700741036312_8,2Av6-3Nn3,3B8PE
std_Ppe6-pzb4_1700741028536_1,Ppe6-pzb4,3B8PE
std_qY6D-7DU3_1700741034058_13,qY6D-7DU3,3B8PE
std_93Gh-um3L_1700741035314_2,93Gh-um3L,3B8PE
std_LYE4-LCo6_1700741031781_5,LYE4-LCo6,3B8PE
std_oej6-WiuB_1700741033964_10,oej6-WiuB,3B8PE
std_QNyw-j8gq_1700741040886_6,QNyw-j8gq,3B8PE
std_7z96-W86v_1700741042964_9,7z96-W86v,3B8PE
std_qtBx-d7bh_1700741044159_3,qtBx-d7bh,3B8PE
std_etE7-yk26_1700741052850_7,etE7-yk26,3B8PE
std_86EU-cW83_1700741054092_4,86EU-cW83,3B8PE
std_amDu-3Fsq_1700741055819_14,amDu-3Fsq,3B8PE
std_E7Zt-YR38_1700741054830_11,E7Zt-YR38,3B8PE
std_qo9t-34Kr_1700741061860_12,qo9t-34Kr,3B8PE
std_LYE4-LCo6_1700741067039_5,LYE4-LCo6,3B8PE
std_Ppe6-pzb4_1700741063924_1,Ppe6-pzb4,3B8PE
std_2Av6-3Nn3_1700741063196_8,2Av6-3Nn3,3B8PE
std_93Gh-um3L_1700741066386_2,93Gh-um3L,3B8PE
std_qY6D-7DU3_1700741066134_13,qY6D-7DU3,3B8PE
std_oej6-WiuB_1700741069980_10,oej6-WiuB,3B8PE
std_QNyw-j8gq_1700741073686_6,QNyw-j8gq,3B8PE
std_qtBx-d7bh_1700741075812_3,qtBx-d7bh,3B8PE
std_7z96-W86v_1700741074410_9,7z96-W86v,3B8PE
std_etE7-yk26_1700741082330_7,etE7-yk26,3B8PE
std_B8sG-2Efr_1700741087125_15,B8sG-2Efr,3B8PE
std_2Av6-3Nn3_1700741095350_8,2Av6-3Nn3,3B8PE
std_E7Zt-YR38_1700741090335_11,E7Zt-YR38,3B8PE
std_86EU-cW83_1700741086779_4,86EU-cW83,3B8PE
std_amDu-3Fsq_1700741089329_14,amDu-3Fsq,3B8PE
std_qo9t-34Kr_1700741092371_12,qo9t-34Kr,3B8PE
std_LYE4-LCo6_1700741094814_5,LYE4-LCo6,3B8PE
std_qY6D-7DU3_1700741098440_13,qY6D-7DU3,3B8PE
std_Ppe6-pzb4_1700741095176_1,Ppe6-pzb4,3B8PE
std_oej6-WiuB_1700741099969_10,oej6-WiuB,3B8PE
std_93Gh-um3L_1700741097291_2,93Gh-um3L,3B8PE
std_qtBx-d7bh_1700741107771_3,qtBx-d7bh,3B8PE
std_QNyw-j8gq_1700741105544_6,QNyw-j8gq,3B8PE
std_7z96-W86v_1700741112076_9,7z96-W86v,3B8PE
std_amDu-3Fsq_1700741125819_14,amDu-3Fsq,3B8PE
std_etE7-yk26_1700741116530_7,etE7-yk26,3B8PE
std_86EU-cW83_1700741123889_4,86EU-cW83,3B8PE
std_qY6D-7DU3_1700741128569_13,qY6D-7DU3,3B8PE
std_2Av6-3Nn3_1700741123606_8,2Av6-3Nn3,3B8PE
std_LYE4-LCo6_1700741128553_5,LYE4-LCo6,3B8PE
std_Ppe6-pzb4_1700741130429_1,Ppe6-pzb4,3B8PE
std_qo9t-34Kr_1700741127277_12,qo9t-34Kr,3B8PE
std_oej6-WiuB_1700741133501_10,oej6-WiuB,3B8PE
std_93Gh-um3L_1700741136416_2,93Gh-um3L,3B8PE
std_qtBx-d7bh_1700741137801_3,qtBx-d7bh,3B8PE
std_7z96-W86v_1700741148561_9,7z96-W86v,3B8PE
std_B8sG-2Efr_1700741155916_15,B8sG-2Efr,3B8PE
std_E7Zt-YR38_1700741155916_11,E7Zt-YR38,3B8PE
std_etE7-yk26_1700741156902_7,etE7-yk26,3B8PE
std_QNyw-j8gq_1700741145211_6,QNyw-j8gq,3B8PE
std_amDu-3Fsq_1700741154874_14,amDu-3Fsq,3B8PE
std_Ppe6-pzb4_1700741164399_1,Ppe6-pzb4,3B8PE
std_qY6D-7DU3_1700741160438_13,qY6D-7DU3,3B8PE
std_86EU-cW83_1700741158945_4,86EU-cW83,3B8PE
std_2Av6-3Nn3_1700741161272_8,2Av6-3Nn3,3B8PE
std_qo9t-34Kr_1700741165596_12,qo9t-34Kr,3B8PE
std_93Gh-um3L_1700741175997_2,93Gh-um3L,3B8PE
std_oej6-WiuB_1700741167493_10,oej6-WiuB,3B8PE
std_qtBx-d7bh_1700741178005_3,qtBx-d7bh,3B8PE
std_QNyw-j8gq_1700741187128_6,QNyw-j8gq,3B8PE
std_etE7-yk26_1700741186295_7,etE7-yk26,3B8PE
std_LYE4-LCo6_1700741163770_5,LYE4-LCo6,3B8PE
std_B8sG-2Efr_1700741183926_15,B8sG-2Efr,3B8PE
std_amDu-3Fsq_1700741190925_14,amDu-3Fsq,3B8PE
std_Ppe6-pzb4_1700741192401_1,Ppe6-pzb4,3B8PE
std_E7Zt-YR38_1700741185385_11,E7Zt-YR38,3B8PE
std_7z96-W86v_1700741182464_9,7z96-W86v,3B8PE
std_qY6D-7DU3_1700741193530_13,qY6D-7DU3,3B8PE
std_2Av6-3Nn3_1700741198978_8,2Av6-3Nn3,3B8PE
std_86EU-cW83_1700741197991_4,86EU-cW83,3B8PE
std_qo9t-34Kr_1700741205741_12,qo9t-34Kr,3B8PE
std_93Gh-um3L_1700741209977_2,93Gh-um3L,3B8PE
std_QNyw-j8gq_1700741215754_6,QNyw-j8gq,3B8PE
std_oej6-WiuB_1700741211108_10,oej6-WiuB,3B8PE
std_LYE4-LCo6_1700741216907_5,LYE4-LCo6,3B8PE
std_qtBx-d7bh_1700741214374_3,qtBx-d7bh,3B8PE
std_etE7-yk26_1700741216461_7,etE7-yk26,3B8PE
std_B8sG-2Efr_1700741221861_15,B8sG-2Efr,3B8PE
std_E7Zt-YR38_1700741226492_11,E7Zt-YR38,3B8PE
std_amDu-3Fsq_1700741224034_14,amDu-3Fsq,3B8PE
std_Ppe6-pzb4_1700741224951_1,Ppe6-pzb4,3B8PE
std_2Av6-3Nn3_1700741231549_8,2Av6-3Nn3,3B8PE
std_86EU-cW83_1700741233000_4,86EU-cW83,3B8PE
std_7z96-W86v_1700741229378_9,7z96-W86v,3B8PE
std_qY6D-7DU3_1700741230306_13,qY6D-7DU3,3B8PE
std_93Gh-um3L_1700741238744_2,93Gh-um3L,3B8PE
std_oej6-WiuB_1700741243669_10,oej6-WiuB,3B8PE
std_qo9t-34Kr_1700741238400_12,qo9t-34Kr,3B8PE
std_QNyw-j8gq_1700741243340_6,QNyw-j8gq,3B8PE
std_qtBx-d7bh_1700741245728_3,qtBx-d7bh,3B8PE
std_LYE4-LCo6_1700741245445_5,LYE4-LCo6,3B8PE
std_B8sG-2Efr_1700741252272_15,B8sG-2Efr,3B8PE
std_E7Zt-YR38_1700741253466_11,E7Zt-YR38,3B8PE
std_amDu-3Fsq_1700741254864_14,amDu-3Fsq,3B8PE
std_Ppe6-pzb4_1700741257971_1,Ppe6-pzb4,3B8PE
std_W2Pb-p3Fv_1700741255304_16,W2Pb-p3Fv,3B8PE
std_etE7-yk26_1700741251942_7,etE7-yk26,3B8PE
std_7z96-W86v_1700741268012_9,7z96-W86v,3B8PE
std_qY6D-7DU3_1700741268310_13,qY6D-7DU3,3B8PE
std_2Av6-3Nn3_1700741264369_8,2Av6-3Nn3,3B8PE
std_93Gh-um3L_1700741270223_2,93Gh-um3L,3B8PE
std_86EU-cW83_1700741266646_4,86EU-cW83,3B8PE
std_oej6-WiuB_1700741274099_10,oej6-WiuB,3B8PE
std_qo9t-34Kr_1700741278144_12,qo9t-34Kr,3B8PE
std_LYE4-LCo6_1700741282260_5,LYE4-LCo6,3B8PE
std_QNyw-j8gq_1700741281553_6,QNyw-j8gq,3B8PE
std_E7Zt-YR38_1700741283876_11,E7Zt-YR38,3B8PE
std_qtBx-d7bh_1700741282245_3,qtBx-d7bh,3B8PE
std_amDu-3Fsq_1700741284756_14,amDu-3Fsq,3B8PE
std_B8sG-2Efr_1700741283546_15,B8sG-2Efr,3B8PE
std_Ppe6-pzb4_1700741287924_1,Ppe6-pzb4,3B8PE
std_etE7-yk26_1700741288630_7,etE7-yk26,3B8PE
std_W2Pb-p3Fv_1700741288269_16,W2Pb-p3Fv,3B8PE
std_7z96-W86v_1700741299234_9,7z96-W86v,3B8PE
std_qY6D-7DU3_1700741301859_13,qY6D-7DU3,3B8PE
std_93Gh-um3L_1700741303663_2,93Gh-um3L,3B8PE
std_2Av6-3Nn3_1700741302722_8,2Av6-3Nn3,3B8PE
std_qo9t-34Kr_1700741306725_12,qo9t-34Kr,3B8PE
std_86EU-cW83_1700741304249_4,86EU-cW83,3B8PE
std_oej6-WiuB_1700741305612_10,oej6-WiuB,3B8PE
std_LYE4-LCo6_1700741311451_5,LYE4-LCo6,3B8PE
std_QNyw-j8gq_1700741312770_6,QNyw-j8gq,3B8PE
std_E7Zt-YR38_1700741315029_11,E7Zt-YR38,3B8PE
std_amDu-3Fsq_1700741316206_14,amDu-3Fsq,3B8PE
std_qtBx-d7bh_1700741315578_3,qtBx-d7bh,3B8PE
std_B8sG-2Efr_1700741318063_15,B8sG-2Efr,3B8PE
std_Ppe6-pzb4_1700741323941_1,Ppe6-pzb4,3B8PE
std_etE7-yk26_1700741325713_7,etE7-yk26,3B8PE
std_W2Pb-p3Fv_1700741328599_16,W2Pb-p3Fv,3B8PE
std_93Gh-um3L_1700741336125_2,93Gh-um3L,3B8PE
std_qY6D-7DU3_1700741334790_13,qY6D-7DU3,3B8PE
std_7z96-W86v_1700741330939_9,7z96-W86v,3B8PE
std_qo9t-34Kr_1700741336830_12,qo9t-34Kr,3B8PE
std_2Av6-3Nn3_1700741336817_8,2Av6-3Nn3,3B8PE
std_86EU-cW83_1700741337553_4,86EU-cW83,3B8PE
std_LYE4-LCo6_1700741340599_5,LYE4-LCo6,3B8PE
std_oej6-WiuB_1700741339987_10,oej6-WiuB,3B8PE
std_E7Zt-YR38_1700741342907_11,E7Zt-YR38,3B8PE
std_amDu-3Fsq_1700741347975_14,amDu-3Fsq,3B8PE
std_B8sG-2Efr_1700741350782_15,B8sG-2Efr,3B8PE
std_Ppe6-pzb4_1700741357191_1,Ppe6-pzb4,3B8PE
std_etE7-yk26_1700741359215_7,etE7-yk26,3B8PE
std_W2Pb-p3Fv_1700741361948_16,W2Pb-p3Fv,3B8PE
std_7z96-W86v_1700741366934_9,7z96-W86v,3B8PE
std_93Gh-um3L_1700741362870_2,93Gh-um3L,3B8PE
std_qo9t-34Kr_1700741367939_12,qo9t-34Kr,3B8PE
std_qY6D-7DU3_1700741366605_13,qY6D-7DU3,3B8PE
std_qtBx-d7bh_1700741378011_3,qtBx-d7bh,3B8PE
std_LYE4-LCo6_1700741372589_5,LYE4-LCo6,3B8PE
std_oej6-WiuB_1700741373533_10,oej6-WiuB,3B8PE
std_E7Zt-YR38_1700741377570_11,E7Zt-YR38,3B8PE
std_QNyw-j8gq_1700741378011_6,QNyw-j8gq,3B8PE
std_amDu-3Fsq_1700741383927_14,amDu-3Fsq,3B8PE
std_B8sG-2Efr_1700741385685_15,B8sG-2Efr,3B8PE
std_q9qb-oF7m_1700741391478_17,q9qb-oF7m,3B8PE
std_etE7-yk26_1700741394443_7,etE7-yk26,3B8PE
std_Ppe6-pzb4_1700741392904_1,Ppe6-pzb4,3B8PE
std_93Gh-um3L_1700741402338_2,93Gh-um3L,3B8PE
std_W2Pb-p3Fv_1700741399150_16,W2Pb-p3Fv,3B8PE
std_2Av6-3Nn3_1700741405712_8,2Av6-3Nn3,3B8PE
std_qo9t-34Kr_1700741402794_12,qo9t-34Kr,3B8PE
std_LYE4-LCo6_1700741408755_5,LYE4-LCo6,3B8PE
std_86EU-cW83_1700741405712_4,86EU-cW83,3B8PE
std_oej6-WiuB_1700741410481_10,oej6-WiuB,3B8PE
std_E7Zt-YR38_1700741412678_11,E7Zt-YR38,3B8PE
std_qtBx-d7bh_1700741407391_3,qtBx-d7bh,3B8PE
std_QNyw-j8gq_1700741419172_6,QNyw-j8gq,3B8PE
std_q9qb-oF7m_1700741426035_17,q9qb-oF7m,3B8PE
std_etE7-yk26_1700741428853_7,etE7-yk26,3B8PE
std_amDu-3Fsq_1700741419360_14,amDu-3Fsq,3B8PE
std_B8sG-2Efr_1700741420113_15,B8sG-2Efr,3B8PE
std_93Gh-um3L_1700741430304_2,93Gh-um3L,3B8PE
std_Ppe6-pzb4_1700741429846_1,Ppe6-pzb4,3B8PE
std_2Av6-3Nn3_1700741435207_8,2Av6-3Nn3,3B8PE
std_7z96-W86v_1700741432289_9,7z96-W86v,3B8PE
std_qY6D-7DU3_1700741432289_13,qY6D-7DU3,3B8PE
std_W2Pb-p3Fv_1700741434688_16,W2Pb-p3Fv,3B8PE
std_oej6-WiuB_1700741442437_10,oej6-WiuB,3B8PE
std_qo9t-34Kr_1700741437333_12,qo9t-34Kr,3B8PE
std_LYE4-LCo6_1700741439538_5,LYE4-LCo6,3B8PE
std_E7Zt-YR38_1700741444680_11,E7Zt-YR38,3B8PE
std_86EU-cW83_1700741440264_4,86EU-cW83,3B8PE
std_etE7-yk26_1700741455197_7,etE7-yk26,3B8PE
std_QNyw-j8gq_1700741450537_6,QNyw-j8gq,3B8PE
std_qtBx-d7bh_1700741446458_3,qtBx-d7bh,3B8PE
std_amDu-3Fsq_1700741457973_14,amDu-3Fsq,3B8PE
std_93Gh-um3L_1700741458961_2,93Gh-um3L,3B8PE
std_B8sG-2Efr_1700741458020_15,B8sG-2Efr,3B8PE
std_qY6D-7DU3_1700741467378_13,qY6D-7DU3,3B8PE
std_q9qb-oF7m_1700741454534_17,q9qb-oF7m,3B8PE
std_Ppe6-pzb4_1700741465525_1,Ppe6-pzb4,3B8PE
std_2Av6-3Nn3_1700741465786_8,2Av6-3Nn3,3B8PE
std_7z96-W86v_1700741466077_9,7z96-W86v,3B8PE
std_LYE4-LCo6_1700741474050_5,LYE4-LCo6,3B8PE
std_86EU-cW83_1700741476266_4,86EU-cW83,3B8PE
std_E7Zt-YR38_1700741474913_11,E7Zt-YR38,3B8PE
std_oej6-WiuB_1700741473646_10,oej6-WiuB,3B8PE
std_etE7-yk26_1700741485914_7,etE7-yk26,3B8PE
std_QNyw-j8gq_1700741489145_6,QNyw-j8gq,3B8PE
std_amDu-3Fsq_1700741489959_14,amDu-3Fsq,3B8PE
std_qY6D-7DU3_1700741498032_13,qY6D-7DU3,3B8PE
std_qtBx-d7bh_1700741489209_3,qtBx-d7bh,3B8PE
std_93Gh-um3L_1700741494867_2,93Gh-um3L,3B8PE
std_q9qb-oF7m_1700741498079_17,q9qb-oF7m,3B8PE
std_B8sG-2Efr_1700741496430_15,B8sG-2Efr,3B8PE
std_Ppe6-pzb4_1700741498569_1,Ppe6-pzb4,3B8PE
std_LYE4-LCo6_1700741504833_5,LYE4-LCo6,3B8PE
std_7z96-W86v_1700741504100_9,7z96-W86v,3B8PE
std_qo9t-34Kr_1700741506919_12,qo9t-34Kr,3B8PE
std_E7Zt-YR38_1700741509901_11,E7Zt-YR38,3B8PE
std_W2Pb-p3Fv_1700741506919_16,W2Pb-p3Fv,3B8PE
std_2Av6-3Nn3_1700741503373_8,2Av6-3Nn3,3B8PE
std_86EU-cW83_1700741507327_4,86EU-cW83,3B8PE
std_oej6-WiuB_1700741514062_10,oej6-WiuB,3B8PE
std_QNyw-j8gq_1700741520297_6,QNyw-j8gq,3B8PE
std_etE7-yk26_1700741519244_7,etE7-yk26,3B8PE
std_q9qb-oF7m_1700741527105_17,q9qb-oF7m,3B8PE
std_qtBx-d7bh_1700741524375_3,qtBx-d7bh,3B8PE
std_93Gh-um3L_1700741526651_2,93Gh-um3L,3B8PE
std_amDu-3Fsq_1700741520688_14,amDu-3Fsq,3B8PE
std_qY6D-7DU3_1700741523998_13,qY6D-7DU3,3B8PE
std_E7Zt-YR38_1700741536601_11,E7Zt-YR38,3B8PE
std_B8sG-2Efr_1700741529959_15,B8sG-2Efr,3B8PE
std_qo9t-34Kr_1700741536601_12,qo9t-34Kr,3B8PE
std_LYE4-LCo6_1700741535533_5,LYE4-LCo6,3B8PE
std_7z96-W86v_1700741535957_9,7z96-W86v,3B8PE
std_Ppe6-pzb4_1700741534479_1,Ppe6-pzb4,3B8PE
std_86EU-cW83_1700741541795_4,86EU-cW83,3B8PE
std_W2Pb-p3Fv_1700741538218_16,W2Pb-p3Fv,3B8PE
std_2Av6-3Nn3_1700741541151_8,2Av6-3Nn3,3B8PE
std_oej6-WiuB_1700741549303_10,oej6-WiuB,3B8PE
std_qtBx-d7bh_1700741554152_3,qtBx-d7bh,3B8PE
std_amDu-3Fsq_1700741557693_14,amDu-3Fsq,3B8PE
std_qY6D-7DU3_1700741557962_13,qY6D-7DU3,3B8PE
std_93Gh-um3L_1700741555914_2,93Gh-um3L,3B8PE
std_q9qb-oF7m_1700741553836_17,q9qb-oF7m,3B8PE
std_E7Zt-YR38_1700741563945_11,E7Zt-YR38,3B8PE
std_qo9t-34Kr_1700741564622_12,qo9t-34Kr,3B8PE
std_LYE4-LCo6_1700741566616_5,LYE4-LCo6,3B8PE
std_B8sG-2Efr_1700741564070_15,B8sG-2Efr,3B8PE
std_7z96-W86v_1700741569397_9,7z96-W86v,3B8PE
std_Ppe6-pzb4_1700741572132_1,Ppe6-pzb4,3B8PE
std_2A68-ZMiq_1700741565282_18,2A68-ZMiq,3B8PE
std_W2Pb-p3Fv_1700741574072_16,W2Pb-p3Fv,3B8PE
std_86EU-cW83_1700741573820_4,86EU-cW83,3B8PE
std_oej6-WiuB_1700741585927_10,oej6-WiuB,3B8PE
std_qtBx-d7bh_1700741586242_3,qtBx-d7bh,3B8PE
std_2Av6-3Nn3_1700741581724_8,2Av6-3Nn3,3B8PE
std_etE7-yk26_1700741589913_7,etE7-yk26,3B8PE
std_qY6D-7DU3_1700741590967_13,qY6D-7DU3,3B8PE
std_E7Zt-YR38_1700741595413_11,E7Zt-YR38,3B8PE
std_q9qb-oF7m_1700741592813_17,q9qb-oF7m,3B8PE
std_amDu-3Fsq_1700741590636_14,amDu-3Fsq,3B8PE
std_qo9t-34Kr_1700741595884_12,qo9t-34Kr,3B8PE
std_B8sG-2Efr_1700741600558_15,B8sG-2Efr,3B8PE
std_Ppe6-pzb4_1700741602349_1,Ppe6-pzb4,3B8PE
std_86EU-cW83_1700741607298_4,86EU-cW83,3B8PE
std_2A68-ZMiq_1700741602396_18,2A68-ZMiq,3B8PE
std_W2Pb-p3Fv_1700741605350_16,W2Pb-p3Fv,3B8PE
std_2Av6-3Nn3_1700741617746_8,2Av6-3Nn3,3B8PE
std_oej6-WiuB_1700741615315_10,oej6-WiuB,3B8PE
std_93Gh-um3L_1700741624760_2,93Gh-um3L,3B8PE
std_qtBx-d7bh_1700741616649_3,qtBx-d7bh,3B8PE
std_etE7-yk26_1700741619449_7,etE7-yk26,3B8PE
std_E7Zt-YR38_1700741623976_11,E7Zt-YR38,3B8PE
std_qY6D-7DU3_1700741623960_13,qY6D-7DU3,3B8PE
std_QNyw-j8gq_1700741624760_6,QNyw-j8gq,3B8PE
std_amDu-3Fsq_1700741628274_14,amDu-3Fsq,3B8PE
std_B8sG-2Efr_1700741633546_15,B8sG-2Efr,3B8PE
std_LYE4-LCo6_1700741634377_5,LYE4-LCo6,3B8PE
std_q9qb-oF7m_1700741628101_17,q9qb-oF7m,3B8PE
std_W2Pb-p3Fv_1700741636276_16,W2Pb-p3Fv,3B8PE
std_Ppe6-pzb4_1700741633938_1,Ppe6-pzb4,3B8PE
std_qo9t-34Kr_1700741631349_12,qo9t-34Kr,3B8PE
std_86EU-cW83_1700741634707_4,86EU-cW83,3B8PE
std_2A68-ZMiq_1700741635648_18,2A68-ZMiq,3B8PE
std_7z96-W86v_1700741634377_9,7z96-W86v,3B8PE
std_93Gh-um3L_1700741651104_2,93Gh-um3L,3B8PE
std_qtBx-d7bh_1700741651114_3,qtBx-d7bh,3B8PE
std_2Av6-3Nn3_1700741648074_8,2Av6-3Nn3,3B8PE
std_qY6D-7DU3_1700741656502_13,qY6D-7DU3,3B8PE
std_oej6-WiuB_1700741650094_10,oej6-WiuB,3B8PE
std_E7Zt-YR38_1700741656330_11,E7Zt-YR38,3B8PE
std_amDu-3Fsq_1700741659626_14,amDu-3Fsq,3B8PE
std_QNyw-j8gq_1700741658534_6,QNyw-j8gq,3B8PE
std_etE7-yk26_1700741652274_7,etE7-yk26,3B8PE
std_B8sG-2Efr_1700741661832_15,B8sG-2Efr,3B8PE
std_LYE4-LCo6_1700741662172_5,LYE4-LCo6,3B8PE
std_Ppe6-pzb4_1700741667344_1,Ppe6-pzb4,3B8PE
std_q9qb-oF7m_1700741665073_17,q9qb-oF7m,3B8PE
std_86EU-cW83_1700741668664_4,86EU-cW83,3B8PE
std_2A68-ZMiq_1700741669937_18,2A68-ZMiq,3B8PE
std_7z96-W86v_1700741670253_9,7z96-W86v,3B8PE
std_qo9t-34Kr_1700741667685_12,qo9t-34Kr,3B8PE
std_W2Pb-p3Fv_1700741667088_16,W2Pb-p3Fv,3B8PE
std_93Gh-um3L_1700741678310_2,93Gh-um3L,3B8PE
std_qtBx-d7bh_1700741682038_3,qtBx-d7bh,3B8PE
std_qY6D-7DU3_1700741686985_13,qY6D-7DU3,3B8PE
std_oej6-WiuB_1700741688319_10,oej6-WiuB,3B8PE
std_E7Zt-YR38_1700741691567_11,E7Zt-YR38,3B8PE
std_2Av6-3Nn3_1700741684956_8,2Av6-3Nn3,3B8PE
std_amDu-3Fsq_1700741692023_14,amDu-3Fsq,3B8PE
std_QNyw-j8gq_1700741692038_6,QNyw-j8gq,3B8PE
std_LYE4-LCo6_1700741697675_5,LYE4-LCo6,3B8PE
std_etE7-yk26_1700741692652_7,etE7-yk26,3B8PE
std_qo9t-34Kr_1700741700783_12,qo9t-34Kr,3B8PE
std_2A68-ZMiq_1700741699544_18,2A68-ZMiq,3B8PE
std_Ppe6-pzb4_1700741697754_1,Ppe6-pzb4,3B8PE
std_B8sG-2Efr_1700741695088_15,B8sG-2Efr,3B8PE
std_q9qb-oF7m_1700741698633_17,q9qb-oF7m,3B8PE
std_7z96-W86v_1700741699811_9,7z96-W86v,3B8PE
std_86EU-cW83_1700741698916_4,86EU-cW83,3B8PE
std_W2Pb-p3Fv_1700741702746_16,W2Pb-p3Fv,3B8PE
std_qtBx-d7bh_1700741712645_3,qtBx-d7bh,3B8PE
std_93Gh-um3L_1700741712440_2,93Gh-um3L,3B8PE
std_E7Zt-YR38_1700741718719_11,E7Zt-YR38,3B8PE
std_xCLM-6Wt3_1700741712377_19,xCLM-6Wt3,3B8PE
std_2Av6-3Nn3_1700741720959_8,2Av6-3Nn3,3B8PE
std_oej6-WiuB_1700741717697_10,oej6-WiuB,3B8PE
std_amDu-3Fsq_1700741725323_14,amDu-3Fsq,3B8PE
std_qY6D-7DU3_1700741717270_13,qY6D-7DU3,3B8PE
std_QNyw-j8gq_1700741725356_6,QNyw-j8gq,3B8PE
std_etE7-yk26_1700741729306_7,etE7-yk26,3B8PE
std_2A68-ZMiq_1700741732361_18,2A68-ZMiq,3B8PE
std_B8sG-2Efr_1700741733037_15,B8sG-2Efr,3B8PE
std_qo9t-34Kr_1700741729874_12,qo9t-34Kr,3B8PE
std_Ppe6-pzb4_1700741732769_1,Ppe6-pzb4,3B8PE
std_7z96-W86v_1700741735320_9,7z96-W86v,3B8PE
std_W2Pb-p3Fv_1700741736449_16,W2Pb-p3Fv,3B8PE
std_86EU-cW83_1700741736292_4,86EU-cW83,3B8PE
std_qtBx-d7bh_1700741740250_3,qtBx-d7bh,3B8PE
std_xCLM-6Wt3_1700741750040_19,xCLM-6Wt3,3B8PE
std_93Gh-um3L_1700741747080_2,93Gh-um3L,3B8PE
std_qY6D-7DU3_1700741753184_13,qY6D-7DU3,3B8PE
std_E7Zt-YR38_1700741749331_11,E7Zt-YR38,3B8PE
std_2Av6-3Nn3_1700741750322_8,2Av6-3Nn3,3B8PE
std_oej6-WiuB_1700741750369_10,oej6-WiuB,3B8PE
std_amDu-3Fsq_1700741752228_14,amDu-3Fsq,3B8PE
std_Ppe6-pzb4_1700741762611_1,Ppe6-pzb4,3B8PE
std_etE7-yk26_1700741758539_7,etE7-yk26,3B8PE
std_QNyw-j8gq_1700741756147_6,QNyw-j8gq,3B8PE
std_LYE4-LCo6_1700741763020_5,LYE4-LCo6,3B8PE
std_7z96-W86v_1700741766145_9,7z96-W86v,3B8PE
std_qo9t-34Kr_1700741761874_12,qo9t-34Kr,3B8PE
std_2A68-ZMiq_1700741761105_18,2A68-ZMiq,3B8PE
std_B8sG-2Efr_1700741761153_15,B8sG-2Efr,3B8PE
std_86EU-cW83_1700741768139_4,86EU-cW83,3B8PE
std_q9qb-oF7m_1700741763020_17,q9qb-oF7m,3B8PE
std_W2Pb-p3Fv_1700741766145_16,W2Pb-p3Fv,3B8PE
std_xCLM-6Wt3_1700741777476_19,xCLM-6Wt3,3B8PE
std_93Gh-um3L_1700741778827_2,93Gh-um3L,3B8PE
std_qtBx-d7bh_1700741773709_3,qtBx-d7bh,3B8PE
std_E7Zt-YR38_1700741779926_11,E7Zt-YR38,3B8PE
std_oej6-WiuB_1700741783725_10,oej6-WiuB,3B8PE
std_qY6D-7DU3_1700741779910_13,qY6D-7DU3,3B8PE
std_2Av6-3Nn3_1700741781462_8,2Av6-3Nn3,3B8PE
std_etE7-yk26_1700741790646_7,etE7-yk26,3B8PE
std_amDu-3Fsq_1700741785216_14,amDu-3Fsq,3B8PE
std_LYE4-LCo6_1700741792591_5,LYE4-LCo6,3B8PE
std_7z96-W86v_1700741794068_9,7z96-W86v,3B8PE
std_2A68-ZMiq_1700741794790_18,2A68-ZMiq,3B8PE
std_qo9t-34Kr_1700741794444_12,qo9t-34Kr,3B8PE
std_QNyw-j8gq_1700741791399_6,QNyw-j8gq,3B8PE
std_Ppe6-pzb4_1700741790128_1,Ppe6-pzb4,3B8PE
std_q9qb-oF7m_1700741798476_17,q9qb-oF7m,3B8PE
std_B8sG-2Efr_1700741795809_15,B8sG-2Efr,3B8PE
std_W2Pb-p3Fv_1700741801885_16,W2Pb-p3Fv,3B8PE
std_86EU-cW83_1700741797754_4,86EU-cW83,3B8PE
std_qtBx-d7bh_1700741811225_3,qtBx-d7bh,3B8PE
std_xCLM-6Wt3_1700741806705_19,xCLM-6Wt3,3B8PE
std_oej6-WiuB_1700741813798_10,oej6-WiuB,3B8PE
std_qY6D-7DU3_1700741814363_13,qY6D-7DU3,3B8PE
std_93Gh-um3L_1700741810598_2,93Gh-um3L,3B8PE
std_2Av6-3Nn3_1700741814395_8,2Av6-3Nn3,3B8PE
std_E7Zt-YR38_1700741812590_11,E7Zt-YR38,3B8PE
std_amDu-3Fsq_1700741817972_14,amDu-3Fsq,3B8PE
std_etE7-yk26_1700741817078_7,etE7-yk26,3B8PE
std_7z96-W86v_1700741822492_9,7z96-W86v,3B8PE
std_2A68-ZMiq_1700741824690_18,2A68-ZMiq,3B8PE
std_W2Pb-p3Fv_1700741830340_16,W2Pb-p3Fv,3B8PE
std_Ppe6-pzb4_1700741826542_1,Ppe6-pzb4,3B8PE
std_LYE4-LCo6_1700741818975_5,LYE4-LCo6,3B8PE
std_QNyw-j8gq_1700741825805_6,QNyw-j8gq,3B8PE
std_qo9t-34Kr_1700741825789_12,qo9t-34Kr,3B8PE
std_q9qb-oF7m_1700741827765_17,q9qb-oF7m,3B8PE
std_B8sG-2Efr_1700741828519_15,B8sG-2Efr,3B8PE
std_2GLw-Aj4s_1700741833856_20,2GLw-Aj4s,3B8PE
std_86EU-cW83_1700741834265_4,86EU-cW83,3B8PE
std_oej6-WiuB_1700741842321_10,oej6-WiuB,3B8PE
std_qY6D-7DU3_1700741844375_13,qY6D-7DU3,3B8PE
std_qtBx-d7bh_1700741841026_3,qtBx-d7bh,3B8PE
std_2Av6-3Nn3_1700741845616_8,2Av6-3Nn3,3B8PE
std_xCLM-6Wt3_1700741842031_19,xCLM-6Wt3,3B8PE
std_E7Zt-YR38_1700741846378_11,E7Zt-YR38,3B8PE
std_etE7-yk26_1700741849601_7,etE7-yk26,3B8PE
std_7z96-W86v_1700741853133_9,7z96-W86v,3B8PE
std_2A68-ZMiq_1700741855031_18,2A68-ZMiq,3B8PE
std_B8sG-2Efr_1700741864354_15,B8sG-2Efr,3B8PE
std_qo9t-34Kr_1700741863365_12,qo9t-34Kr,3B8PE
std_q9qb-oF7m_1700741863805_17,q9qb-oF7m,3B8PE
std_QNyw-j8gq_1700741862941_6,QNyw-j8gq,3B8PE
std_qtBx-d7bh_1700741874731_3,qtBx-d7bh,3B8PE
std_2GLw-Aj4s_1700741868058_20,2GLw-Aj4s,3B8PE
std_xCLM-6Wt3_1700741875123_19,xCLM-6Wt3,3B8PE
std_oej6-WiuB_1700741872188_10,oej6-WiuB,3B8PE
std_qY6D-7DU3_1700741872516_13,qY6D-7DU3,3B8PE
std_93Gh-um3L_1700741879392_2,93Gh-um3L,3B8PE
std_2Av6-3Nn3_1700741875076_8,2Av6-3Nn3,3B8PE
std_E7Zt-YR38_1700741878214_11,E7Zt-YR38,3B8PE
std_amDu-3Fsq_1700741879392_14,amDu-3Fsq,3B8PE
std_etE7-yk26_1700741884994_7,etE7-yk26,3B8PE
std_7z96-W86v_1700741885276_9,7z96-W86v,3B8PE
std_2A68-ZMiq_1700741888776_18,2A68-ZMiq,3B8PE
std_Ppe6-pzb4_1700741891862_1,Ppe6-pzb4,3B8PE
std_qo9t-34Kr_1700741896021_12,qo9t-34Kr,3B8PE
std_86EU-cW83_1700741898384_4,86EU-cW83,3B8PE
std_LYE4-LCo6_1700741898384_5,LYE4-LCo6,3B8PE
std_W2Pb-p3Fv_1700741891862_16,W2Pb-p3Fv,3B8PE
std_q9qb-oF7m_1700741896699_17,q9qb-oF7m,3B8PE
std_xCLM-6Wt3_1700741903334_19,xCLM-6Wt3,3B8PE
std_qY6D-7DU3_1700741905438_13,qY6D-7DU3,3B8PE
std_QNyw-j8gq_1700741897722_6,QNyw-j8gq,3B8PE
std_qtBx-d7bh_1700741902057_3,qtBx-d7bh,3B8PE
std_B8sG-2Efr_1700741895995_15,B8sG-2Efr,3B8PE
std_2GLw-Aj4s_1700741903034_20,2GLw-Aj4s,3B8PE
std_93Gh-um3L_1700741907632_2,93Gh-um3L,3B8PE
std_oej6-WiuB_1700741903334_10,oej6-WiuB,3B8PE
std_amDu-3Fsq_1700741915041_14,amDu-3Fsq,3B8PE
std_E7Zt-YR38_1700741912065_11,E7Zt-YR38,3B8PE
std_2Av6-3Nn3_1700741908766_8,2Av6-3Nn3,3B8PE
std_7z96-W86v_1700741916689_9,7z96-W86v,3B8PE
std_etE7-yk26_1700741915625_7,etE7-yk26,3B8PE
std_Ppe6-pzb4_1700741923973_1,Ppe6-pzb4,3B8PE
std_2A68-ZMiq_1700741921356_18,2A68-ZMiq,3B8PE
std_LYE4-LCo6_1700741928882_5,LYE4-LCo6,3B8PE
std_xCLM-6Wt3_1700741932939_19,xCLM-6Wt3,3B8PE
std_86EU-cW83_1700741928560_4,86EU-cW83,3B8PE
std_qo9t-34Kr_1700741926752_12,qo9t-34Kr,3B8PE
std_q9qb-oF7m_1700741930544_17,q9qb-oF7m,3B8PE
std_qtBx-d7bh_1700741933615_3,qtBx-d7bh,3B8PE
std_qY6D-7DU3_1700741933301_13,qY6D-7DU3,3B8PE
std_oej6-WiuB_1700741940668_10,oej6-WiuB,3B8PE
std_QNyw-j8gq_1700741933583_6,QNyw-j8gq,3B8PE
std_B8sG-2Efr_1700741933662_15,B8sG-2Efr,3B8PE
std_93Gh-um3L_1700741936258_2,93Gh-um3L,3B8PE
std_amDu-3Fsq_1700741943194_14,amDu-3Fsq,3B8PE
std_2Av6-3Nn3_1700741946615_8,2Av6-3Nn3,3B8PE
std_E7Zt-YR38_1700741946239_11,E7Zt-YR38,3B8PE
std_7z96-W86v_1700741947518_9,7z96-W86v,3B8PE
std_2A68-ZMiq_1700741954735_18,2A68-ZMiq,3B8PE
std_Ppe6-pzb4_1700741954110_1,Ppe6-pzb4,3B8PE
std_LYE4-LCo6_1700741960357_5,LYE4-LCo6,3B8PE
std_etE7-yk26_1700741953001_7,etE7-yk26,3B8PE
std_xCLM-6Wt3_1700741962086_19,xCLM-6Wt3,3B8PE
std_qo9t-34Kr_1700741963142_12,qo9t-34Kr,3B8PE
std_W2Pb-p3Fv_1700741964658_16,W2Pb-p3Fv,3B8PE
std_2GLw-Aj4s_1700741964658_20,2GLw-Aj4s,3B8PE
std_oej6-WiuB_1700741970761_10,oej6-WiuB,3B8PE
std_qtBx-d7bh_1700741967145_3,qtBx-d7bh,3B8PE
std_86EU-cW83_1700741963109_4,86EU-cW83,3B8PE
std_q9qb-oF7m_1700741963677_17,q9qb-oF7m,3B8PE
std_qY6D-7DU3_1700741967487_13,qY6D-7DU3,3B8PE
std_93Gh-um3L_1700741973456_2,93Gh-um3L,3B8PE
std_QNyw-j8gq_1700741970791_6,QNyw-j8gq,3B8PE
std_B8sG-2Efr_1700741972791_15,B8sG-2Efr,3B8PE
std_E7Zt-YR38_1700741979361_11,E7Zt-YR38,3B8PE
std_amDu-3Fsq_1700741976707_14,amDu-3Fsq,3B8PE
std_2Av6-3Nn3_1700741977947_8,2Av6-3Nn3,3B8PE
std_7z96-W86v_1700741980893_9,7z96-W86v,3B8PE
std_xCLM-6Wt3_1700741991792_19,xCLM-6Wt3,3B8PE
std_2A68-ZMiq_1700741986641_18,2A68-ZMiq,3B8PE
std_LYE4-LCo6_1700741988361_5,LYE4-LCo6,3B8PE
std_W2Pb-p3Fv_1700741996260_16,W2Pb-p3Fv,3B8PE
std_Ppe6-pzb4_1700741987681_1,Ppe6-pzb4,3B8PE
std_etE7-yk26_1700741988628_7,etE7-yk26,3B8PE
std_q9qb-oF7m_1700741999752_17,q9qb-oF7m,3B8PE
std_qY6D-7DU3_1700742001265_13,qY6D-7DU3,3B8PE
std_oej6-WiuB_1700741997381_10,oej6-WiuB,3B8PE
std_qtBx-d7bh_1700741998671_3,qtBx-d7bh,3B8PE
std_86EU-cW83_1700741998701_4,86EU-cW83,3B8PE
std_93Gh-um3L_1700742001293_2,93Gh-um3L,3B8PE
std_QNyw-j8gq_1700742003940_6,QNyw-j8gq,3B8PE
std_E7Zt-YR38_1700742008158_11,E7Zt-YR38,3B8PE
std_B8sG-2Efr_1700742006396_15,B8sG-2Efr,3B8PE
std_amDu-3Fsq_1700742009399_14,amDu-3Fsq,3B8PE
std_2Av6-3Nn3_1700742011232_8,2Av6-3Nn3,3B8PE
std_7z96-W86v_1700742018383_9,7z96-W86v,3B8PE
std_xCLM-6Wt3_1700742018918_19,xCLM-6Wt3,3B8PE
std_etE7-yk26_1700742023772_7,etE7-yk26,3B8PE
std_Ppe6-pzb4_1700742023474_1,Ppe6-pzb4,3B8PE
std_2A68-ZMiq_1700742019043_18,2A68-ZMiq,3B8PE
std_oej6-WiuB_1700742029959_10,oej6-WiuB,3B8PE
std_LYE4-LCo6_1700742022490_5,LYE4-LCo6,3B8PE
std_q9qb-oF7m_1700742026448_17,q9qb-oF7m,3B8PE
std_W2Pb-p3Fv_1700742022823_16,W2Pb-p3Fv,3B8PE
std_qtBx-d7bh_1700742031857_3,qtBx-d7bh,3B8PE
std_86EU-cW83_1700742032528_4,86EU-cW83,3B8PE
std_2GLw-Aj4s_1700742028217_20,2GLw-Aj4s,3B8PE
std_qY6D-7DU3_1700742028952_13,qY6D-7DU3,3B8PE
std_qo9t-34Kr_1700742028217_12,qo9t-34Kr,3B8PE
std_E7Zt-YR38_1700742034177_11,E7Zt-YR38,3B8PE
std_B8sG-2Efr_1700742036238_15,B8sG-2Efr,3B8PE
std_2Av6-3Nn3_1700742042305_8,2Av6-3Nn3,3B8PE
std_93Gh-um3L_1700742032528_2,93Gh-um3L,3B8PE
std_QNyw-j8gq_1700742033842_6,QNyw-j8gq,3B8PE
std_amDu-3Fsq_1700742040122_14,amDu-3Fsq,3B8PE
std_7z96-W86v_1700742046259_9,7z96-W86v,3B8PE
std_xCLM-6Wt3_1700742048077_19,xCLM-6Wt3,3B8PE
std_etE7-yk26_1700742053329_7,etE7-yk26,3B8PE
std_Ppe6-pzb4_1700742054038_1,Ppe6-pzb4,3B8PE
std_2A68-ZMiq_1700742054857_18,2A68-ZMiq,3B8PE
std_2GLw-Aj4s_1700742060257_20,2GLw-Aj4s,3B8PE
std_LYE4-LCo6_1700742057739_5,LYE4-LCo6,3B8PE
std_qo9t-34Kr_1700742064012_12,qo9t-34Kr,3B8PE
std_oej6-WiuB_1700742057319_10,oej6-WiuB,3B8PE
std_q9qb-oF7m_1700742057795_17,q9qb-oF7m,3B8PE
std_qY6D-7DU3_1700742062722_13,qY6D-7DU3,3B8PE
std_W2Pb-p3Fv_1700742058305_16,W2Pb-p3Fv,3B8PE
std_B8sG-2Efr_1700742065526_15,B8sG-2Efr,3B8PE
std_qtBx-d7bh_1700742059334_3,qtBx-d7bh,3B8PE
std_86EU-cW83_1700742060005_4,86EU-cW83,3B8PE
std_E7Zt-YR38_1700742064381_11,E7Zt-YR38,3B8PE
std_amDu-3Fsq_1700742073443_14,amDu-3Fsq,3B8PE
std_2Av6-3Nn3_1700742070910_8,2Av6-3Nn3,3B8PE
std_7z96-W86v_1700742079221_9,7z96-W86v,3B8PE
std_QNyw-j8gq_1700742072578_6,QNyw-j8gq,3B8PE
std_93Gh-um3L_1700742071249_2,93Gh-um3L,3B8PE
std_xCLM-6Wt3_1700742081054_19,xCLM-6Wt3,3B8PE
std_2A68-ZMiq_1700742086257_18,2A68-ZMiq,3B8PE
std_2GLw-Aj4s_1700742086764_20,2GLw-Aj4s,3B8PE
std_etE7-yk26_1700742084654_7,etE7-yk26,3B8PE
std_LYE4-LCo6_1700742088224_5,LYE4-LCo6,3B8PE
std_qo9t-34Kr_1700742091211_12,qo9t-34Kr,3B8PE
std_q9qb-oF7m_1700742093765_17,q9qb-oF7m,3B8PE
std_oej6-WiuB_1700742093454_10,oej6-WiuB,3B8PE
std_Ppe6-pzb4_1700742086169_1,Ppe6-pzb4,3B8PE
std_qY6D-7DU3_1700742094725_13,qY6D-7DU3,3B8PE
std_qtBx-d7bh_1700742096152_3,qtBx-d7bh,3B8PE
std_B8sG-2Efr_1700742095790_15,B8sG-2Efr,3B8PE
std_86EU-cW83_1700742096731_4,86EU-cW83,3B8PE
std_W2Pb-p3Fv_1700742094804_16,W2Pb-p3Fv,3B8PE
std_2Av6-3Nn3_1700742100973_8,2Av6-3Nn3,3B8PE
std_E7Zt-YR38_1700742098714_11,E7Zt-YR38,3B8PE
std_amDu-3Fsq_1700742100201_14,amDu-3Fsq,3B8PE
std_QNyw-j8gq_1700742106735_6,QNyw-j8gq,3B8PE
std_xCLM-6Wt3_1700742113012_19,xCLM-6Wt3,3B8PE
std_7z96-W86v_1700742105824_9,7z96-W86v,3B8PE
std_93Gh-um3L_1700742107050_2,93Gh-um3L,3B8PE
std_2GLw-Aj4s_1700742116038_20,2GLw-Aj4s,3B8PE
std_LYE4-LCo6_1700742118155_5,LYE4-LCo6,3B8PE
std_2A68-ZMiq_1700742113589_18,2A68-ZMiq,3B8PE
std_q9qb-oF7m_1700742120346_17,q9qb-oF7m,3B8PE
std_qY6D-7DU3_1700742124419_13,qY6D-7DU3,3B8PE
std_oej6-WiuB_1700742121056_10,oej6-WiuB,3B8PE
std_etE7-yk26_1700742117876_7,etE7-yk26,3B8PE
std_qo9t-34Kr_1700742118800_12,qo9t-34Kr,3B8PE
std_qtBx-d7bh_1700742126180_3,qtBx-d7bh,3B8PE
std_W2Pb-p3Fv_1700742128743_16,W2Pb-p3Fv,3B8PE
std_Ppe6-pzb4_1700742122241_1,Ppe6-pzb4,3B8PE
std_B8sG-2Efr_1700742126496_15,B8sG-2Efr,3B8PE
std_86EU-cW83_1700742128156_4,86EU-cW83,3B8PE
std_E7Zt-YR38_1700742131576_11,E7Zt-YR38,3B8PE
std_2Av6-3Nn3_1700742130201_8,2Av6-3Nn3,3B8PE
std_amDu-3Fsq_1700742135385_14,amDu-3Fsq,3B8PE
std_93Gh-um3L_1700742140564_2,93Gh-um3L,3B8PE
std_7z96-W86v_1700742139803_9,7z96-W86v,3B8PE
std_xCLM-6Wt3_1700742139133_19,xCLM-6Wt3,3B8PE
std_QNyw-j8gq_1700742138533_6,QNyw-j8gq,3B8PE
std_2GLw-Aj4s_1700742142714_20,2GLw-Aj4s,3B8PE
std_2A68-ZMiq_1700742147951_18,2A68-ZMiq,3B8PE
std_oej6-WiuB_1700742152750_10,oej6-WiuB,3B8PE
std_LYE4-LCo6_1700742147348_5,LYE4-LCo6,3B8PE
std_Ppe6-pzb4_1700742158276_1,Ppe6-pzb4,3B8PE
std_qtBx-d7bh_1700742156644_3,qtBx-d7bh,3B8PE
std_qo9t-34Kr_1700742154103_12,qo9t-34Kr,3B8PE
std_q9qb-oF7m_1700742148649_17,q9qb-oF7m,3B8PE
std_86EU-cW83_1700742161665_4,86EU-cW83,3B8PE
std_93Gh-um3L_1700742167291_2,93Gh-um3L,3B8PE
std_7z96-W86v_1700742167313_9,7z96-W86v,3B8PE
std_E7Zt-YR38_1700742162597_11,E7Zt-YR38,3B8PE
std_2Av6-3Nn3_1700742165585_8,2Av6-3Nn3,3B8PE
std_amDu-3Fsq_1700742166595_14,amDu-3Fsq,3B8PE
std_xCLM-6Wt3_1700742171597_19,xCLM-6Wt3,3B8PE
std_2GLw-Aj4s_1700742173211_20,2GLw-Aj4s,3B8PE
std_QNyw-j8gq_1700742171909_6,QNyw-j8gq,3B8PE
std_LYE4-LCo6_1700742180650_5,LYE4-LCo6,3B8PE
std_2A68-ZMiq_1700742177928_18,2A68-ZMiq,3B8PE
std_qY6D-7DU3_1700742184378_13,qY6D-7DU3,3B8PE
std_W2Pb-p3Fv_1700742184378_16,W2Pb-p3Fv,3B8PE
std_etE7-yk26_1700742188586_7,etE7-yk26,3B8PE
std_B8sG-2Efr_1700742188586_15,B8sG-2Efr,3B8PE
std_oej6-WiuB_1700742180354_10,oej6-WiuB,3B8PE
std_Ppe6-pzb4_1700742185684_1,Ppe6-pzb4,3B8PE
std_qo9t-34Kr_1700742190216_12,qo9t-34Kr,3B8PE
std_86EU-cW83_1700742194680_4,86EU-cW83,3B8PE
std_93Gh-um3L_1700742196314_2,93Gh-um3L,3B8PE
std_qtBx-d7bh_1700742189822_3,qtBx-d7bh,3B8PE
std_q9qb-oF7m_1700742193031_17,q9qb-oF7m,3B8PE
std_xCLM-6Wt3_1700742203428_19,xCLM-6Wt3,3B8PE
std_7z96-W86v_1700742196632_9,7z96-W86v,3B8PE
std_2Av6-3Nn3_1700742201202_8,2Av6-3Nn3,3B8PE
std_E7Zt-YR38_1700742201155_11,E7Zt-YR38,3B8PE
std_QNyw-j8gq_1700742205855_6,QNyw-j8gq,3B8PE
std_amDu-3Fsq_1700742201991_14,amDu-3Fsq,3B8PE
std_LYE4-LCo6_1700742206262_5,LYE4-LCo6,3B8PE
std_2GLw-Aj4s_1700742204308_20,2GLw-Aj4s,3B8PE
std_qY6D-7DU3_1700742213542_13,qY6D-7DU3,3B8PE
std_2A68-ZMiq_1700742209692_18,2A68-ZMiq,3B8PE
std_qo9t-34Kr_1700742220264_12,qo9t-34Kr,3B8PE
std_W2Pb-p3Fv_1700742214651_16,W2Pb-p3Fv,3B8PE
std_B8sG-2Efr_1700742216303_15,B8sG-2Efr,3B8PE
std_86EU-cW83_1700742221080_4,86EU-cW83,3B8PE
std_oej6-WiuB_1700742216316_10,oej6-WiuB,3B8PE
std_93Gh-um3L_1700742223513_2,93Gh-um3L,3B8PE
std_etE7-yk26_1700742215950_7,etE7-yk26,3B8PE
std_q9qb-oF7m_1700742227878_17,q9qb-oF7m,3B8PE
std_2Av6-3Nn3_1700742232208_8,2Av6-3Nn3,3B8PE
std_qtBx-d7bh_1700742225810_3,qtBx-d7bh,3B8PE
std_xCLM-6Wt3_1700742230845_19,xCLM-6Wt3,3B8PE
std_7z96-W86v_1700742231448_9,7z96-W86v,3B8PE
std_LYE4-LCo6_1700742238193_5,LYE4-LCo6,3B8PE
std_amDu-3Fsq_1700742236948_14,amDu-3Fsq,3B8PE
std_QNyw-j8gq_1700742235475_6,QNyw-j8gq,3B8PE
std_E7Zt-YR38_1700742234681_11,E7Zt-YR38,3B8PE
std_2GLw-Aj4s_1700742238556_20,2GLw-Aj4s,3B8PE
std_qY6D-7DU3_1700742244513_13,qY6D-7DU3,3B8PE
std_2A68-ZMiq_1700742245755_18,2A68-ZMiq,3B8PE
std_qo9t-34Kr_1700742248111_12,qo9t-34Kr,3B8PE
std_W2Pb-p3Fv_1700742251319_16,W2Pb-p3Fv,3B8PE
std_oej6-WiuB_1700742252915_10,oej6-WiuB,3B8PE
std_86EU-cW83_1700742252499_4,86EU-cW83,3B8PE
std_93Gh-um3L_1700742254641_2,93Gh-um3L,3B8PE
std_B8sG-2Efr_1700742251822_15,B8sG-2Efr,3B8PE
std_etE7-yk26_1700742254957_7,etE7-yk26,3B8PE
std_q9qb-oF7m_1700742258306_17,q9qb-oF7m,3B8PE
std_xCLM-6Wt3_1700742260429_19,xCLM-6Wt3,3B8PE
std_qtBx-d7bh_1700742260381_3,qtBx-d7bh,3B8PE
std_LYE4-LCo6_1700742265660_5,LYE4-LCo6,3B8PE
std_QNyw-j8gq_1700742266686_6,QNyw-j8gq,3B8PE
std_2Av6-3Nn3_1700742260052_8,2Av6-3Nn3,3B8PE
std_E7Zt-YR38_1700742266702_11,E7Zt-YR38,3B8PE
std_amDu-3Fsq_1700742266055_14,amDu-3Fsq,3B8PE
std_7z96-W86v_1700742262710_9,7z96-W86v,3B8PE
std_qY6D-7DU3_1700742273777_13,qY6D-7DU3,3B8PE
std_2GLw-Aj4s_1700742269112_20,2GLw-Aj4s,3B8PE
std_2A68-ZMiq_1700742276614_18,2A68-ZMiq,3B8PE
std_oej6-WiuB_1700742285960_10,oej6-WiuB,3B8PE
std_W2Pb-p3Fv_1700742285489_16,W2Pb-p3Fv,3B8PE
std_86EU-cW83_1700742286447_4,86EU-cW83,3B8PE
std_93Gh-um3L_1700742286783_2,93Gh-um3L,3B8PE
std_qo9t-34Kr_1700742284641_12,qo9t-34Kr,3B8PE
std_B8sG-2Efr_1700742288398_15,B8sG-2Efr,3B8PE
std_etE7-yk26_1700742288744_7,etE7-yk26,3B8PE
std_qtBx-d7bh_1700742293503_3,qtBx-d7bh,3B8PE
std_xCLM-6Wt3_1700742292859_19,xCLM-6Wt3,3B8PE
std_2Av6-3Nn3_1700742295906_8,2Av6-3Nn3,3B8PE
std_q9qb-oF7m_1700742292514_17,q9qb-oF7m,3B8PE
std_LYE4-LCo6_1700742294021_5,LYE4-LCo6,3B8PE
std_E7Zt-YR38_1700742296361_11,E7Zt-YR38,3B8PE
std_7z96-W86v_1700742299375_9,7z96-W86v,3B8PE
std_QNyw-j8gq_1700742295184_6,QNyw-j8gq,3B8PE
std_qY6D-7DU3_1700742303737_13,qY6D-7DU3,3B8PE
std_amDu-3Fsq_1700742298355_14,amDu-3Fsq,3B8PE
std_2GLw-Aj4s_1700742305733_20,2GLw-Aj4s,3B8PE
std_2A68-ZMiq_1700742307585_18,2A68-ZMiq,3B8PE
std_W2Pb-p3Fv_1700742313034_16,W2Pb-p3Fv,3B8PE
std_oej6-WiuB_1700742311385_10,oej6-WiuB,3B8PE
std_86EU-cW83_1700742317560_4,86EU-cW83,3B8PE
std_etE7-yk26_1700742325607_7,etE7-yk26,3B8PE
std_qo9t-34Kr_1700742320063_12,qo9t-34Kr,3B8PE
std_LYE4-LCo6_1700742330822_5,LYE4-LCo6,3B8PE
std_qtBx-d7bh_1700742327980_3,qtBx-d7bh,3B8PE
std_xCLM-6Wt3_1700742329284_19,xCLM-6Wt3,3B8PE
std_q9qb-oF7m_1700742330743_17,q9qb-oF7m,3B8PE
std_B8sG-2Efr_1700742323012_15,B8sG-2Efr,3B8PE
std_qY6D-7DU3_1700742335281_13,qY6D-7DU3,3B8PE
std_7z96-W86v_1700742333789_9,7z96-W86v,3B8PE
std_2Av6-3Nn3_1700742330388_8,2Av6-3Nn3,3B8PE
std_QNyw-j8gq_1700742334182_6,QNyw-j8gq,3B8PE
std_2GLw-Aj4s_1700742336647_20,2GLw-Aj4s,3B8PE
std_E7Zt-YR38_1700742332157_11,E7Zt-YR38,3B8PE
std_amDu-3Fsq_1700742335611_14,amDu-3Fsq,3B8PE
std_2A68-ZMiq_1700742344995_18,2A68-ZMiq,3B8PE
std_W2Pb-p3Fv_1700742347052_16,W2Pb-p3Fv,3B8PE
std_oej6-WiuB_1700742348903_10,oej6-WiuB,3B8PE
std_86EU-cW83_1700742351043_4,86EU-cW83,3B8PE
std_etE7-yk26_1700742355873_7,etE7-yk26,3B8PE
std_qtBx-d7bh_1700742361401_3,qtBx-d7bh,3B8PE
std_LYE4-LCo6_1700742361087_5,LYE4-LCo6,3B8PE
std_qo9t-34Kr_1700742358063_12,qo9t-34Kr,3B8PE
std_q9qb-oF7m_1700742363399_17,q9qb-oF7m,3B8PE
std_7z96-W86v_1700742365989_9,7z96-W86v,3B8PE
std_qY6D-7DU3_1700742365471_13,qY6D-7DU3,3B8PE
std_B8sG-2Efr_1700742364106_15,B8sG-2Efr,3B8PE
std_E7Zt-YR38_1700742371219_11,E7Zt-YR38,3B8PE
std_QNyw-j8gq_1700742367025_6,QNyw-j8gq,3B8PE
std_2GLw-Aj4s_1700742368204_20,2GLw-Aj4s,3B8PE
std_amDu-3Fsq_1700742371926_14,amDu-3Fsq,3B8PE
std_oej6-WiuB_1700742379273_10,oej6-WiuB,3B8PE
std_2A68-ZMiq_1700742378301_18,2A68-ZMiq,3B8PE
std_W2Pb-p3Fv_1700742379242_16,W2Pb-p3Fv,3B8PE
std_qo9t-34Kr_1700742390238_12,qo9t-34Kr,3B8PE
std_86EU-cW83_1700742382068_4,86EU-cW83,3B8PE
std_LYE4-LCo6_1700742389908_5,LYE4-LCo6,3B8PE
std_etE7-yk26_1700742386453_7,etE7-yk26,3B8PE
std_qtBx-d7bh_1700742386908_3,qtBx-d7bh,3B8PE
std_xCLM-6Wt3_1700742394354_19,xCLM-6Wt3,3B8PE
std_B8sG-2Efr_1700742398935_15,B8sG-2Efr,3B8PE
std_2Av6-3Nn3_1700742394338_8,2Av6-3Nn3,3B8PE
std_QNyw-j8gq_1700742401592_6,QNyw-j8gq,3B8PE
std_qY6D-7DU3_1700742396313_13,qY6D-7DU3,3B8PE
std_q9qb-oF7m_1700742395530_17,q9qb-oF7m,3B8PE
std_E7Zt-YR38_1700742400932_11,E7Zt-YR38,3B8PE
std_7z96-W86v_1700742395875_9,7z96-W86v,3B8PE
std_2GLw-Aj4s_1700742404180_20,2GLw-Aj4s,3B8PE
std_amDu-3Fsq_1700742405312_14,amDu-3Fsq,3B8PE
std_2A68-ZMiq_1700742411763_18,2A68-ZMiq,3B8PE
std_oej6-WiuB_1700742408829_10,oej6-WiuB,3B8PE
std_W2Pb-p3Fv_1700742415741_16,W2Pb-p3Fv,3B8PE
std_86EU-cW83_1700742417934_4,86EU-cW83,3B8PE
std_LYE4-LCo6_1700742419382_5,LYE4-LCo6,3B8PE
std_xCLM-6Wt3_1700742422293_19,xCLM-6Wt3,3B8PE
std_qo9t-34Kr_1700742417379_12,qo9t-34Kr,3B8PE
std_qtBx-d7bh_1700742420958_3,qtBx-d7bh,3B8PE
std_etE7-yk26_1700742419976_7,etE7-yk26,3B8PE
std_2Av6-3Nn3_1700742426550_8,2Av6-3Nn3,3B8PE
std_QNyw-j8gq_1700742428694_6,QNyw-j8gq,3B8PE
std_B8sG-2Efr_1700742425060_15,B8sG-2Efr,3B8PE
std_E7Zt-YR38_1700742432073_11,E7Zt-YR38,3B8PE
std_2GLw-Aj4s_1700742433841_20,2GLw-Aj4s,3B8PE
std_amDu-3Fsq_1700742436083_14,amDu-3Fsq,3B8PE
std_q9qb-oF7m_1700742430389_17,q9qb-oF7m,3B8PE
std_7z96-W86v_1700742432643_9,7z96-W86v,3B8PE
std_qY6D-7DU3_1700742430106_13,qY6D-7DU3,3B8PE
std_2A68-ZMiq_1700742437523_18,2A68-ZMiq,3B8PE
std_W2Pb-p3Fv_1700742444597_16,W2Pb-p3Fv,3B8PE
std_oej6-WiuB_1700742443499_10,oej6-WiuB,3B8PE
std_LYE4-LCo6_1700742445936_5,LYE4-LCo6,3B8PE
std_86EU-cW83_1700742444754_4,86EU-cW83,3B8PE
std_etE7-yk26_1700742452764_7,etE7-yk26,3B8PE
std_qtBx-d7bh_1700742452382_3,qtBx-d7bh,3B8PE
std_xCLM-6Wt3_1700742449472_19,xCLM-6Wt3,3B8PE
std_qo9t-34Kr_1700742450998_12,qo9t-34Kr,3B8PE
std_QNyw-j8gq_1700742456157_6,QNyw-j8gq,3B8PE
std_B8sG-2Efr_1700742458864_15,B8sG-2Efr,3B8PE
std_amDu-3Fsq_1700742461504_14,amDu-3Fsq,3B8PE
std_2Av6-3Nn3_1700742454213_8,2Av6-3Nn3,3B8PE
std_E7Zt-YR38_1700742459497_11,E7Zt-YR38,3B8PE
std_7z96-W86v_1700742466473_9,7z96-W86v,3B8PE
std_q9qb-oF7m_1700742465328_17,q9qb-oF7m,3B8PE
std_2GLw-Aj4s_1700742460145_20,2GLw-Aj4s,3B8PE
std_oej6-WiuB_1700742475241_10,oej6-WiuB,3B8PE
std_qY6D-7DU3_1700742468014_13,qY6D-7DU3,3B8PE
std_W2Pb-p3Fv_1700742473723_16,W2Pb-p3Fv,3B8PE
std_2A68-ZMiq_1700742472157_18,2A68-ZMiq,3B8PE
std_etE7-yk26_1700742481042_7,etE7-yk26,3B8PE
std_86EU-cW83_1700742480654_4,86EU-cW83,3B8PE
std_xCLM-6Wt3_1700742482307_19,xCLM-6Wt3,3B8PE
std_B8sG-2Efr_1700742485930_15,B8sG-2Efr,3B8PE
std_qo9t-34Kr_1700742483362_12,qo9t-34Kr,3B8PE
std_amDu-3Fsq_1700742487453_14,amDu-3Fsq,3B8PE
std_2Av6-3Nn3_1700742488696_8,2Av6-3Nn3,3B8PE
std_7z96-W86v_1700742492495_9,7z96-W86v,3B8PE
std_E7Zt-YR38_1700742489560_11,E7Zt-YR38,3B8PE
std_QNyw-j8gq_1700742484457_6,QNyw-j8gq,3B8PE
std_2GLw-Aj4s_1700742495467_20,2GLw-Aj4s,3B8PE
std_q9qb-oF7m_1700742494264_17,q9qb-oF7m,3B8PE
std_2A68-ZMiq_1700742505356_18,2A68-ZMiq,3B8PE
std_oej6-WiuB_1700742501403_10,oej6-WiuB,3B8PE
std_W2Pb-p3Fv_1700742503721_16,W2Pb-p3Fv,3B8PE
std_qY6D-7DU3_1700742502955_13,qY6D-7DU3,3B8PE
std_LYE4-LCo6_1700742507495_5,LYE4-LCo6,3B8PE
std_qtBx-d7bh_1700742507495_3,qtBx-d7bh,3B8PE
std_B8sG-2Efr_1700742517223_15,B8sG-2Efr,3B8PE
std_7z96-W86v_1700742520023_9,7z96-W86v,3B8PE
std_xCLM-6Wt3_1700742517034_19,xCLM-6Wt3,3B8PE
std_etE7-yk26_1700742512035_7,etE7-yk26,3B8PE
std_86EU-cW83_1700742515358_4,86EU-cW83,3B8PE
std_2Av6-3Nn3_1700742519747_8,2Av6-3Nn3,3B8PE
std_amDu-3Fsq_1700742518885_14,amDu-3Fsq,3B8PE
std_2GLw-Aj4s_1700742523195_20,2GLw-Aj4s,3B8PE
std_qo9t-34Kr_1700742518507_12,qo9t-34Kr,3B8PE
std_E7Zt-YR38_1700742520783_11,E7Zt-YR38,3B8PE
std_q9qb-oF7m_1700742526410_17,q9qb-oF7m,3B8PE
std_QNyw-j8gq_1700742521578_6,QNyw-j8gq,3B8PE
std_oej6-WiuB_1700742533389_10,oej6-WiuB,3B8PE
std_2A68-ZMiq_1700742531148_18,2A68-ZMiq,3B8PE
std_W2Pb-p3Fv_1700742536696_16,W2Pb-p3Fv,3B8PE
std_B8sG-2Efr_1700742543111_15,B8sG-2Efr,3B8PE
std_LYE4-LCo6_1700742541653_5,LYE4-LCo6,3B8PE
std_7z96-W86v_1700742545689_9,7z96-W86v,3B8PE
std_qY6D-7DU3_1700742538218_13,qY6D-7DU3,3B8PE
std_etE7-yk26_1700742549740_7,etE7-yk26,3B8PE
std_2Av6-3Nn3_1700742551235_8,2Av6-3Nn3,3B8PE
std_86EU-cW83_1700742551171_4,86EU-cW83,3B8PE
std_E7Zt-YR38_1700742555717_11,E7Zt-YR38,3B8PE
std_2GLw-Aj4s_1700742552109_20,2GLw-Aj4s,3B8PE
std_amDu-3Fsq_1700742551576_14,amDu-3Fsq,3B8PE
std_q9qb-oF7m_1700742557382_17,q9qb-oF7m,3B8PE
std_QNyw-j8gq_1700742557989_6,QNyw-j8gq,3B8PE
std_oej6-WiuB_1700742562584_10,oej6-WiuB,3B8PE
std_2A68-ZMiq_1700742564826_18,2A68-ZMiq,3B8PE
std_W2Pb-p3Fv_1700742568769_16,W2Pb-p3Fv,3B8PE
std_LYE4-LCo6_1700742571287_5,LYE4-LCo6,3B8PE
std_B8sG-2Efr_1700742570423_15,B8sG-2Efr,3B8PE
std_7z96-W86v_1700742572241_9,7z96-W86v,3B8PE
std_etE7-yk26_1700742580864_7,etE7-yk26,3B8PE
std_qY6D-7DU3_1700742573921_13,qY6D-7DU3,3B8PE
std_qo9t-34Kr_1700742580518_12,qo9t-34Kr,3B8PE
std_86EU-cW83_1700742583358_4,86EU-cW83,3B8PE
std_xCLM-6Wt3_1700742580518_19,xCLM-6Wt3,3B8PE
std_amDu-3Fsq_1700742584995_14,amDu-3Fsq,3B8PE
std_2GLw-Aj4s_1700742584199_20,2GLw-Aj4s,3B8PE
std_2Av6-3Nn3_1700742583170_8,2Av6-3Nn3,3B8PE
std_QNyw-j8gq_1700742588597_6,QNyw-j8gq,3B8PE
std_E7Zt-YR38_1700742583922_11,E7Zt-YR38,3B8PE
std_oej6-WiuB_1700742590560_10,oej6-WiuB,3B8PE
std_q9qb-oF7m_1700742587211_17,q9qb-oF7m,3B8PE
std_2A68-ZMiq_1700742593900_18,2A68-ZMiq,3B8PE
std_LYE4-LCo6_1700742600599_5,LYE4-LCo6,3B8PE
std_W2Pb-p3Fv_1700742600585_16,W2Pb-p3Fv,3B8PE
std_qo9t-34Kr_1700742608304_12,qo9t-34Kr,3B8PE
std_86EU-cW83_1700742610145_4,86EU-cW83,3B8PE
std_qY6D-7DU3_1700742608180_13,qY6D-7DU3,3B8PE
std_7z96-W86v_1700742606473_9,7z96-W86v,3B8PE
std_B8sG-2Efr_1700742605903_15,B8sG-2Efr,3B8PE
std_QNyw-j8gq_1700742618326_6,QNyw-j8gq,3B8PE
std_E7Zt-YR38_1700742618698_11,E7Zt-YR38,3B8PE
std_amDu-3Fsq_1700742615720_14,amDu-3Fsq,3B8PE
std_etE7-yk26_1700742607022_7,etE7-yk26,3B8PE
std_xCLM-6Wt3_1700742611109_19,xCLM-6Wt3,3B8PE
std_q9qb-oF7m_1700742622308_17,q9qb-oF7m,3B8PE
std_oej6-WiuB_1700742621651_10,oej6-WiuB,3B8PE
std_2Av6-3Nn3_1700742617421_8,2Av6-3Nn3,3B8PE
std_2GLw-Aj4s_1700742616335_20,2GLw-Aj4s,3B8PE
std_2A68-ZMiq_1700742626016_18,2A68-ZMiq,3B8PE
std_LYE4-LCo6_1700742629614_5,LYE4-LCo6,3B8PE
std_W2Pb-p3Fv_1700742635401_16,W2Pb-p3Fv,3B8PE
std_qY6D-7DU3_1700742640349_13,qY6D-7DU3,3B8PE
std_qo9t-34Kr_1700742637003_12,qo9t-34Kr,3B8PE
std_86EU-cW83_1700742640058_4,86EU-cW83,3B8PE
std_QNyw-j8gq_1700742645146_6,QNyw-j8gq,3B8PE
std_B8sG-2Efr_1700742642487_15,B8sG-2Efr,3B8PE
std_E7Zt-YR38_1700742645988_11,E7Zt-YR38,3B8PE
std_7z96-W86v_1700742640743_9,7z96-W86v,3B8PE
std_xCLM-6Wt3_1700742646648_19,xCLM-6Wt3,3B8PE
std_q9qb-oF7m_1700742648897_17,q9qb-oF7m,3B8PE
std_etE7-yk26_1700742646271_7,etE7-yk26,3B8PE
std_amDu-3Fsq_1700742646007_14,amDu-3Fsq,3B8PE
std_2GLw-Aj4s_1700742650987_20,2GLw-Aj4s,3B8PE
std_oej6-WiuB_1700742649929_10,oej6-WiuB,3B8PE
std_2A68-ZMiq_1700742655330_18,2A68-ZMiq,3B8PE
std_2Av6-3Nn3_1700742649955_8,2Av6-3Nn3,3B8PE
std_LYE4-LCo6_1700742662556_5,LYE4-LCo6,3B8PE
std_W2Pb-p3Fv_1700742664046_16,W2Pb-p3Fv,3B8PE
std_qY6D-7DU3_1700742668237_13,qY6D-7DU3,3B8PE
std_QNyw-j8gq_1700742674102_6,QNyw-j8gq,3B8PE
std_qo9t-34Kr_1700742669924_12,qo9t-34Kr,3B8PE
std_etE7-yk26_1700742679516_7,etE7-yk26,3B8PE
std_q9qb-oF7m_1700742679102_17,q9qb-oF7m,3B8PE
std_xCLM-6Wt3_1700742676326_19,xCLM-6Wt3,3B8PE
std_7z96-W86v_1700742675607_9,7z96-W86v,3B8PE
std_2A68-ZMiq_1700742682650_18,2A68-ZMiq,3B8PE
std_E7Zt-YR38_1700742675176_11,E7Zt-YR38,3B8PE
std_B8sG-2Efr_1700742674812_15,B8sG-2Efr,3B8PE
std_2GLw-Aj4s_1700742681135_20,2GLw-Aj4s,3B8PE
std_amDu-3Fsq_1700742680805_14,amDu-3Fsq,3B8PE
std_oej6-WiuB_1700742682287_10,oej6-WiuB,3B8PE
std_2Av6-3Nn3_1700742684131_8,2Av6-3Nn3,3B8PE
std_LYE4-LCo6_1700742695162_5,LYE4-LCo6,3B8PE
std_W2Pb-p3Fv_1700742698863_16,W2Pb-p3Fv,3B8PE
std_qo9t-34Kr_1700742701518_12,qo9t-34Kr,3B8PE
std_qY6D-7DU3_1700742698942_13,qY6D-7DU3,3B8PE
std_QNyw-j8gq_1700742700308_6,QNyw-j8gq,3B8PE
std_E7Zt-YR38_1700742709967_11,E7Zt-YR38,3B8PE
std_2A68-ZMiq_1700742709766_18,2A68-ZMiq,3B8PE
std_etE7-yk26_1700742704877_7,etE7-yk26,3B8PE
std_q9qb-oF7m_1700742707982_17,q9qb-oF7m,3B8PE
std_xCLM-6Wt3_1700742708798_19,xCLM-6Wt3,3B8PE
std_7z96-W86v_1700742709614_9,7z96-W86v,3B8PE
std_amDu-3Fsq_1700742714783_14,amDu-3Fsq,3B8PE
std_2Av6-3Nn3_1700742715272_8,2Av6-3Nn3,3B8PE
std_oej6-WiuB_1700742715033_10,oej6-WiuB,3B8PE
std_2GLw-Aj4s_1700742712286_20,2GLw-Aj4s,3B8PE
std_B8sG-2Efr_1700742710526_15,B8sG-2Efr,3B8PE
std_LYE4-LCo6_1700742724405_5,LYE4-LCo6,3B8PE
std_W2Pb-p3Fv_1700742729949_16,W2Pb-p3Fv,3B8PE
std_2A68-ZMiq_1700742737840_18,2A68-ZMiq,3B8PE
std_E7Zt-YR38_1700742736397_11,E7Zt-YR38,3B8PE
std_qo9t-34Kr_1700742732348_12,qo9t-34Kr,3B8PE
std_QNyw-j8gq_1700742736224_6,QNyw-j8gq,3B8PE
std_q9qb-oF7m_1700742740211_17,q9qb-oF7m,3B8PE
std_etE7-yk26_1700742737856_7,etE7-yk26,3B8PE
std_qY6D-7DU3_1700742734545_13,qY6D-7DU3,3B8PE
std_oej6-WiuB_1700742747401_10,oej6-WiuB,3B8PE
std_2Av6-3Nn3_1700742746490_8,2Av6-3Nn3,3B8PE
std_amDu-3Fsq_1700742746443_14,amDu-3Fsq,3B8PE
std_7z96-W86v_1700742744794_9,7z96-W86v,3B8PE
std_2GLw-Aj4s_1700742747752_20,2GLw-Aj4s,3B8PE
std_xCLM-6Wt3_1700742744794_19,xCLM-6Wt3,3B8PE
std_B8sG-2Efr_1700742748328_15,B8sG-2Efr,3B8PE
std_W2Pb-p3Fv_1700742764544_16,W2Pb-p3Fv,3B8PE
std_2A68-ZMiq_1700742766802_18,2A68-ZMiq,3B8PE
std_LYE4-LCo6_1700742755980_5,LYE4-LCo6,3B8PE
std_E7Zt-YR38_1700742767949_11,E7Zt-YR38,3B8PE
std_qY6D-7DU3_1700742772766_13,qY6D-7DU3,3B8PE
std_QNyw-j8gq_1700742768892_6,QNyw-j8gq,3B8PE
std_q9qb-oF7m_1700742769300_17,q9qb-oF7m,3B8PE
std_qo9t-34Kr_1700742768263_12,qo9t-34Kr,3B8PE
std_etE7-yk26_1700742771166_7,etE7-yk26,3B8PE
std_amDu-3Fsq_1700742780672_14,amDu-3Fsq,3B8PE
std_oej6-WiuB_1700742778945_10,oej6-WiuB,3B8PE
std_2GLw-Aj4s_1700742781596_20,2GLw-Aj4s,3B8PE
std_xCLM-6Wt3_1700742781957_19,xCLM-6Wt3,3B8PE
std_2Av6-3Nn3_1700742779588_8,2Av6-3Nn3,3B8PE
std_7z96-W86v_1700742781218_9,7z96-W86v,3B8PE
std_W2Pb-p3Fv_1700742792804_16,W2Pb-p3Fv,3B8PE
std_B8sG-2Efr_1700742786113_15,B8sG-2Efr,3B8PE
std_2A68-ZMiq_1700742796711_18,2A68-ZMiq,3B8PE
std_QNyw-j8gq_1700742804560_6,QNyw-j8gq,3B8PE
std_qY6D-7DU3_1700742804200_13,qY6D-7DU3,3B8PE
std_E7Zt-YR38_1700742801602_11,E7Zt-YR38,3B8PE
std_q9qb-oF7m_1700742804967_17,q9qb-oF7m,3B8PE
std_oej6-WiuB_1700742810774_10,oej6-WiuB,3B8PE
std_qo9t-34Kr_1700742806715_12,qo9t-34Kr,3B8PE
std_etE7-yk26_1700742808468_7,etE7-yk26,3B8PE
std_amDu-3Fsq_1700742809832_14,amDu-3Fsq,3B8PE
std_B8sG-2Efr_1700742821218_15,B8sG-2Efr,3B8PE
std_2Av6-3Nn3_1700742814941_8,2Av6-3Nn3,3B8PE
std_7z96-W86v_1700742815632_9,7z96-W86v,3B8PE
std_W2Pb-p3Fv_1700742821030_16,W2Pb-p3Fv,3B8PE
std_QNyw-j8gq_1700742832256_6,QNyw-j8gq,3B8PE
std_2A68-ZMiq_1700742826038_18,2A68-ZMiq,3B8PE
std_qY6D-7DU3_1700742832429_13,qY6D-7DU3,3B8PE
std_q9qb-oF7m_1700742837044_17,q9qb-oF7m,3B8PE
std_E7Zt-YR38_1700742835578_11,E7Zt-YR38,3B8PE
std_etE7-yk26_1700742841108_7,etE7-yk26,3B8PE
std_xCLM-6Wt3_1700742845451_19,xCLM-6Wt3,3B8PE
std_2GLw-Aj4s_1700742845451_20,2GLw-Aj4s,3B8PE
std_qo9t-34Kr_1700742840260_12,qo9t-34Kr,3B8PE
std_oej6-WiuB_1700742839978_10,oej6-WiuB,3B8PE
std_amDu-3Fsq_1700742843917_14,amDu-3Fsq,3B8PE
std_W2Pb-p3Fv_1700742854008_16,W2Pb-p3Fv,3B8PE
std_2Av6-3Nn3_1700742848307_8,2Av6-3Nn3,3B8PE
std_QNyw-j8gq_1700742862654_6,QNyw-j8gq,3B8PE
std_qY6D-7DU3_1700742864737_13,qY6D-7DU3,3B8PE
std_E7Zt-YR38_1700742868020_11,E7Zt-YR38,3B8PE
std_2GLw-Aj4s_1700742871692_20,2GLw-Aj4s,3B8PE
std_xCLM-6Wt3_1700742871377_19,xCLM-6Wt3,3B8PE
std_2A68-ZMiq_1700742864642_18,2A68-ZMiq,3B8PE
std_q9qb-oF7m_1700742866491_17,q9qb-oF7m,3B8PE
std_etE7-yk26_1700742868241_7,etE7-yk26,3B8PE
std_qo9t-34Kr_1700742873688_12,qo9t-34Kr,3B8PE
std_oej6-WiuB_1700742876731_10,oej6-WiuB,3B8PE
std_W2Pb-p3Fv_1700742882487_16,W2Pb-p3Fv,3B8PE
std_amDu-3Fsq_1700742878269_14,amDu-3Fsq,3B8PE
std_B8sG-2Efr_1700742885576_15,B8sG-2Efr,3B8PE
std_2Av6-3Nn3_1700742884134_8,2Av6-3Nn3,3B8PE
std_7z96-W86v_1700742885576_9,7z96-W86v,3B8PE
std_qY6D-7DU3_1700742894376_13,qY6D-7DU3,3B8PE
std_QNyw-j8gq_1700742894124_6,QNyw-j8gq,3B8PE
std_2GLw-Aj4s_1700742903655_20,2GLw-Aj4s,3B8PE
std_q9qb-oF7m_1700742906796_17,q9qb-oF7m,3B8PE
std_2A68-ZMiq_1700742904112_18,2A68-ZMiq,3B8PE
std_etE7-yk26_1700742906874_7,etE7-yk26,3B8PE
std_W2Pb-p3Fv_1700742909976_16,W2Pb-p3Fv,3B8PE
std_xCLM-6Wt3_1700742904112_19,xCLM-6Wt3,3B8PE
std_qo9t-34Kr_1700742907775_12,qo9t-34Kr,3B8PE
std_E7Zt-YR38_1700742901285_11,E7Zt-YR38,3B8PE
std_oej6-WiuB_1700742909341_10,oej6-WiuB,3B8PE
std_amDu-3Fsq_1700742912634_14,amDu-3Fsq,3B8PE
std_7z96-W86v_1700742921757_9,7z96-W86v,3B8PE
std_2Av6-3Nn3_1700742920904_8,2Av6-3Nn3,3B8PE
std_qY6D-7DU3_1700742922908_13,qY6D-7DU3,3B8PE
std_QNyw-j8gq_1700742925641_6,QNyw-j8gq,3B8PE
std_B8sG-2Efr_1700742918714_15,B8sG-2Efr,3B8PE
std_etE7-yk26_1700742937105_7,etE7-yk26,3B8PE
std_2GLw-Aj4s_1700742933479_20,2GLw-Aj4s,3B8PE
std_qo9t-34Kr_1700742939218_12,qo9t-34Kr,3B8PE
std_W2Pb-p3Fv_1700742937120_16,W2Pb-p3Fv,3B8PE
std_2A68-ZMiq_1700742936728_18,2A68-ZMiq,3B8PE
std_oej6-WiuB_1700742941911_10,oej6-WiuB,3B8PE
std_q9qb-oF7m_1700742934625_17,q9qb-oF7m,3B8PE
std_xCLM-6Wt3_1700742938840_19,xCLM-6Wt3,3B8PE
std_E7Zt-YR38_1700742940918_11,E7Zt-YR38,3B8PE
std_amDu-3Fsq_1700742945740_14,amDu-3Fsq,3B8PE
std_QNyw-j8gq_1700742954564_6,QNyw-j8gq,3B8PE
std_7z96-W86v_1700742949011_9,7z96-W86v,3B8PE
std_2Av6-3Nn3_1700742949358_8,2Av6-3Nn3,3B8PE
std_B8sG-2Efr_1700742957384_15,B8sG-2Efr,3B8PE
std_qY6D-7DU3_1700742950872_13,qY6D-7DU3,3B8PE
std_qo9t-34Kr_1700742967655_12,qo9t-34Kr,3B8PE
std_2A68-ZMiq_1700742969414_18,2A68-ZMiq,3B8PE
std_oej6-WiuB_1700742970624_10,oej6-WiuB,3B8PE
std_etE7-yk26_1700742964925_7,etE7-yk26,3B8PE
std_W2Pb-p3Fv_1700742968974_16,W2Pb-p3Fv,3B8PE
std_amDu-3Fsq_1700742974702_14,amDu-3Fsq,3B8PE
std_E7Zt-YR38_1700742974029_11,E7Zt-YR38,3B8PE
std_xCLM-6Wt3_1700742971472_19,xCLM-6Wt3,3B8PE
std_2GLw-Aj4s_1700742966661_20,2GLw-Aj4s,3B8PE
std_q9qb-oF7m_1700742971425_17,q9qb-oF7m,3B8PE
std_2Av6-3Nn3_1700742986096_8,2Av6-3Nn3,3B8PE
std_7z96-W86v_1700742985692_9,7z96-W86v,3B8PE
std_B8sG-2Efr_1700742986300_15,B8sG-2Efr,3B8PE
std_qY6D-7DU3_1700742987666_13,qY6D-7DU3,3B8PE
std_QNyw-j8gq_1700742984652_6,QNyw-j8gq,3B8PE
std_qo9t-34Kr_1700742996922_12,qo9t-34Kr,3B8PE
std_2A68-ZMiq_1700742998560_18,2A68-ZMiq,3B8PE
std_etE7-yk26_1700743000278_7,etE7-yk26,3B8PE
std_W2Pb-p3Fv_1700743001542_16,W2Pb-p3Fv,3B8PE
std_amDu-3Fsq_1700743002171_14,amDu-3Fsq,3B8PE
std_xCLM-6Wt3_1700743002897_19,xCLM-6Wt3,3B8PE
std_q9qb-oF7m_1700743006499_17,q9qb-oF7m,3B8PE
std_E7Zt-YR38_1700743002866_11,E7Zt-YR38,3B8PE
std_2GLw-Aj4s_1700743003102_20,2GLw-Aj4s,3B8PE
std_oej6-WiuB_1700742999836_10,oej6-WiuB,3B8PE
std_2Av6-3Nn3_1700743016559_8,2Av6-3Nn3,3B8PE
std_qY6D-7DU3_1700743020243_13,qY6D-7DU3,3B8PE
std_B8sG-2Efr_1700743020171_15,B8sG-2Efr,3B8PE
std_qo9t-34Kr_1700743028302_12,qo9t-34Kr,3B8PE
std_7z96-W86v_1700743019740_9,7z96-W86v,3B8PE
std_amDu-3Fsq_1700743036400_14,amDu-3Fsq,3B8PE
std_W2Pb-p3Fv_1700743035725_16,W2Pb-p3Fv,3B8PE
std_xCLM-6Wt3_1700743036714_19,xCLM-6Wt3,3B8PE
std_2A68-ZMiq_1700743032697_18,2A68-ZMiq,3B8PE
std_etE7-yk26_1700743033528_7,etE7-yk26,3B8PE
std_q9qb-oF7m_1700743037098_17,q9qb-oF7m,3B8PE
std_E7Zt-YR38_1700743038221_11,E7Zt-YR38,3B8PE
std_2GLw-Aj4s_1700743038833_20,2GLw-Aj4s,3B8PE
std_2Av6-3Nn3_1700743045605_8,2Av6-3Nn3,3B8PE
std_oej6-WiuB_1700743044883_10,oej6-WiuB,3B8PE
std_B8sG-2Efr_1700743056276_15,B8sG-2Efr,3B8PE
std_qY6D-7DU3_1700743048917_13,qY6D-7DU3,3B8PE
std_qo9t-34Kr_1700743057028_12,qo9t-34Kr,3B8PE
std_7z96-W86v_1700743058345_9,7z96-W86v,3B8PE
std_amDu-3Fsq_1700743064104_14,amDu-3Fsq,3B8PE
std_xCLM-6Wt3_1700743066138_19,xCLM-6Wt3,3B8PE
std_W2Pb-p3Fv_1700743064104_16,W2Pb-p3Fv,3B8PE
std_q9qb-oF7m_1700743069548_17,q9qb-oF7m,3B8PE
std_2GLw-Aj4s_1700743075187_20,2GLw-Aj4s,3B8PE
std_etE7-yk26_1700743068747_7,etE7-yk26,3B8PE
std_oej6-WiuB_1700743079599_10,oej6-WiuB,3B8PE
std_2Av6-3Nn3_1700743079223_8,2Av6-3Nn3,3B8PE
std_B8sG-2Efr_1700743081827_15,B8sG-2Efr,3B8PE
std_qY6D-7DU3_1700743082047_13,qY6D-7DU3,3B8PE
std_qo9t-34Kr_1700743086238_12,qo9t-34Kr,3B8PE
std_7z96-W86v_1700743087197_9,7z96-W86v,3B8PE
std_xCLM-6Wt3_1700743097769_19,xCLM-6Wt3,3B8PE
std_amDu-3Fsq_1700743092013_14,amDu-3Fsq,3B8PE
std_2GLw-Aj4s_1700743101917_20,2GLw-Aj4s,3B8PE
std_q9qb-oF7m_1700743101887_17,q9qb-oF7m,3B8PE
std_E7Zt-YR38_1700743100346_11,E7Zt-YR38,3B8PE
std_etE7-yk26_1700743103817_7,etE7-yk26,3B8PE
std_2A68-ZMiq_1700743100346_18,2A68-ZMiq,3B8PE
std_W2Pb-p3Fv_1700743098052_16,W2Pb-p3Fv,3B8PE
std_2Av6-3Nn3_1700743108854_8,2Av6-3Nn3,3B8PE
std_oej6-WiuB_1700743105576_10,oej6-WiuB,3B8PE
std_B8sG-2Efr_1700743109621_15,B8sG-2Efr,3B8PE
std_qo9t-34Kr_1700743116260_12,qo9t-34Kr,3B8PE
std_qY6D-7DU3_1700743115522_13,qY6D-7DU3,3B8PE
std_7z96-W86v_1700743123542_9,7z96-W86v,3B8PE
std_xCLM-6Wt3_1700743125314_19,xCLM-6Wt3,3B8PE
std_E7Zt-YR38_1700743133635_11,E7Zt-YR38,3B8PE
std_amDu-3Fsq_1700743127917_14,amDu-3Fsq,3B8PE
std_2GLw-Aj4s_1700743129400_20,2GLw-Aj4s,3B8PE
std_q9qb-oF7m_1700743130294_17,q9qb-oF7m,3B8PE
std_etE7-yk26_1700743134833_7,etE7-yk26,3B8PE
std_2Av6-3Nn3_1700743139127_8,2Av6-3Nn3,3B8PE
std_2A68-ZMiq_1700743136852_18,2A68-ZMiq,3B8PE
std_W2Pb-p3Fv_1700743137419_16,W2Pb-p3Fv,3B8PE
std_oej6-WiuB_1700743140695_10,oej6-WiuB,3B8PE
std_qY6D-7DU3_1700743146773_13,qY6D-7DU3,3B8PE
std_B8sG-2Efr_1700743145309_15,B8sG-2Efr,3B8PE
std_qo9t-34Kr_1700743145844_12,qo9t-34Kr,3B8PE
std_7z96-W86v_1700743156876_9,7z96-W86v,3B8PE
std_E7Zt-YR38_1700743160466_11,E7Zt-YR38,3B8PE
std_xCLM-6Wt3_1700743158242_19,xCLM-6Wt3,3B8PE
std_q9qb-oF7m_1700743165745_17,q9qb-oF7m,3B8PE
std_2Av6-3Nn3_1700743170345_8,2Av6-3Nn3,3B8PE
std_2A68-ZMiq_1700743171604_18,2A68-ZMiq,3B8PE
std_etE7-yk26_1700743168610_7,etE7-yk26,3B8PE
std_2GLw-Aj4s_1700743165507_20,2GLw-Aj4s,3B8PE
std_amDu-3Fsq_1700743164893_14,amDu-3Fsq,3B8PE
std_oej6-WiuB_1700743175815_10,oej6-WiuB,3B8PE
std_qY6D-7DU3_1700743179835_13,qY6D-7DU3,3B8PE
std_W2Pb-p3Fv_1700743174630_16,W2Pb-p3Fv,3B8PE
std_qo9t-34Kr_1700743182263_12,qo9t-34Kr,3B8PE
std_B8sG-2Efr_1700743181995_15,B8sG-2Efr,3B8PE
std_xCLM-6Wt3_1700743190352_19,xCLM-6Wt3,3B8PE
std_E7Zt-YR38_1700743189958_11,E7Zt-YR38,3B8PE
std_7z96-W86v_1700743188096_9,7z96-W86v,3B8PE
std_q9qb-oF7m_1700743194098_17,q9qb-oF7m,3B8PE
std_2GLw-Aj4s_1700743200188_20,2GLw-Aj4s,3B8PE
std_2A68-ZMiq_1700743199573_18,2A68-ZMiq,3B8PE
std_amDu-3Fsq_1700743201323_14,amDu-3Fsq,3B8PE
std_2Av6-3Nn3_1700743199558_8,2Av6-3Nn3,3B8PE
std_W2Pb-p3Fv_1700743210416_16,W2Pb-p3Fv,3B8PE
std_B8sG-2Efr_1700743218086_15,B8sG-2Efr,3B8PE
std_7z96-W86v_1700743220921_9,7z96-W86v,3B8PE
std_E7Zt-YR38_1700743219504_11,E7Zt-YR38,3B8PE
std_qo9t-34Kr_1700743217662_12,qo9t-34Kr,3B8PE
std_xCLM-6Wt3_1700743219238_19,xCLM-6Wt3,3B8PE
std_2GLw-Aj4s_1700743231033_20,2GLw-Aj4s,3B8PE
std_q9qb-oF7m_1700743226063_17,q9qb-oF7m,3B8PE
std_amDu-3Fsq_1700743234302_14,amDu-3Fsq,3B8PE
std_W2Pb-p3Fv_1700743237503_16,W2Pb-p3Fv,3B8PE
std_2A68-ZMiq_1700743233674_18,2A68-ZMiq,3B8PE
std_oej6-WiuB_1700743245065_10,oej6-WiuB,3B8PE
std_2Av6-3Nn3_1700743235761_8,2Av6-3Nn3,3B8PE
std_qY6D-7DU3_1700743245065_13,qY6D-7DU3,3B8PE
std_E7Zt-YR38_1700743250323_11,E7Zt-YR38,3B8PE
std_qo9t-34Kr_1700743253668_12,qo9t-34Kr,3B8PE
std_7z96-W86v_1700743248312_9,7z96-W86v,3B8PE
std_B8sG-2Efr_1700743247669_15,B8sG-2Efr,3B8PE
std_xCLM-6Wt3_1700743253699_19,xCLM-6Wt3,3B8PE
std_2A68-ZMiq_1700743268525_18,2A68-ZMiq,3B8PE
std_W2Pb-p3Fv_1700743267514_16,W2Pb-p3Fv,3B8PE
std_2GLw-Aj4s_1700743261067_20,2GLw-Aj4s,3B8PE
std_q9qb-oF7m_1700743263099_17,q9qb-oF7m,3B8PE
std_2Av6-3Nn3_1700743273044_8,2Av6-3Nn3,3B8PE
std_amDu-3Fsq_1700743266319_14,amDu-3Fsq,3B8PE
std_qY6D-7DU3_1700743273060_13,qY6D-7DU3,3B8PE
std_qo9t-34Kr_1700743282494_12,qo9t-34Kr,3B8PE
std_B8sG-2Efr_1700743283609_15,B8sG-2Efr,3B8PE
std_xCLM-6Wt3_1700743287832_19,xCLM-6Wt3,3B8PE
std_7z96-W86v_1700743282542_9,7z96-W86v,3B8PE
std_q9qb-oF7m_1700743298721_17,q9qb-oF7m,3B8PE
std_2Av6-3Nn3_1700743299621_8,2Av6-3Nn3,3B8PE
std_W2Pb-p3Fv_1700743296277_16,W2Pb-p3Fv,3B8PE
std_2A68-ZMiq_1700743295914_18,2A68-ZMiq,3B8PE
std_2GLw-Aj4s_1700743297349_20,2GLw-Aj4s,3B8PE
std_amDu-3Fsq_1700743307404_14,amDu-3Fsq,3B8PE
std_oej6-WiuB_1700743309084_10,oej6-WiuB,3B8PE
std_qo9t-34Kr_1700743314510_12,qo9t-34Kr,3B8PE
std_E7Zt-YR38_1700743309084_11,E7Zt-YR38,3B8PE
std_qY6D-7DU3_1700743311750_13,qY6D-7DU3,3B8PE
std_7z96-W86v_1700743317732_9,7z96-W86v,3B8PE
std_B8sG-2Efr_1700743316165_15,B8sG-2Efr,3B8PE
std_xCLM-6Wt3_1700743316734_19,xCLM-6Wt3,3B8PE
std_2A68-ZMiq_1700743331447_18,2A68-ZMiq,3B8PE
std_q9qb-oF7m_1700743324027_17,q9qb-oF7m,3B8PE
std_W2Pb-p3Fv_1700743331321_16,W2Pb-p3Fv,3B8PE
std_2GLw-Aj4s_1700743332252_20,2GLw-Aj4s,3B8PE
std_E7Zt-YR38_1700743342671_11,E7Zt-YR38,3B8PE
std_amDu-3Fsq_1700743336503_14,amDu-3Fsq,3B8PE
std_qo9t-34Kr_1700743341899_12,qo9t-34Kr,3B8PE
std_oej6-WiuB_1700743340864_10,oej6-WiuB,3B8PE
std_B8sG-2Efr_1700743353056_15,B8sG-2Efr,3B8PE
std_xCLM-6Wt3_1700743353291_19,xCLM-6Wt3,3B8PE
std_qY6D-7DU3_1700743343204_13,qY6D-7DU3,3B8PE
std_7z96-W86v_1700743344555_9,7z96-W86v,3B8PE
std_2A68-ZMiq_1700743357798_18,2A68-ZMiq,3B8PE
std_q9qb-oF7m_1700743358588_17,q9qb-oF7m,3B8PE
std_W2Pb-p3Fv_1700743364010_16,W2Pb-p3Fv,3B8PE
std_E7Zt-YR38_1700743373501_11,E7Zt-YR38,3B8PE
std_2GLw-Aj4s_1700743366474_20,2GLw-Aj4s,3B8PE
std_amDu-3Fsq_1700743373703_14,amDu-3Fsq,3B8PE
std_qo9t-34Kr_1700743379054_12,qo9t-34Kr,3B8PE
std_7z96-W86v_1700743388235_9,7z96-W86v,3B8PE
std_B8sG-2Efr_1700743386118_15,B8sG-2Efr,3B8PE
std_2A68-ZMiq_1700743392848_18,2A68-ZMiq,3B8PE
std_xCLM-6Wt3_1700743387827_19,xCLM-6Wt3,3B8PE
std_q9qb-oF7m_1700743395973_17,q9qb-oF7m,3B8PE
std_E7Zt-YR38_1700743403586_11,E7Zt-YR38,3B8PE
std_amDu-3Fsq_1700743408940_14,amDu-3Fsq,3B8PE
std_W2Pb-p3Fv_1700743400738_16,W2Pb-p3Fv,3B8PE
std_2GLw-Aj4s_1700743404275_20,2GLw-Aj4s,3B8PE
std_oej6-WiuB_1700743416923_10,oej6-WiuB,3B8PE
std_B8sG-2Efr_1700743420724_15,B8sG-2Efr,3B8PE
std_7z96-W86v_1700743418115_9,7z96-W86v,3B8PE
std_qo9t-34Kr_1700743416233_12,qo9t-34Kr,3B8PE
std_qY6D-7DU3_1700743416923_13,qY6D-7DU3,3B8PE
std_xCLM-6Wt3_1700743425262_19,xCLM-6Wt3,3B8PE
std_2A68-ZMiq_1700743422356_18,2A68-ZMiq,3B8PE
std_q9qb-oF7m_1700743431597_17,q9qb-oF7m,3B8PE
std_2GLw-Aj4s_1700743441717_20,2GLw-Aj4s,3B8PE
std_amDu-3Fsq_1700743437220_14,amDu-3Fsq,3B8PE
std_E7Zt-YR38_1700743435664_11,E7Zt-YR38,3B8PE
std_W2Pb-p3Fv_1700743437566_16,W2Pb-p3Fv,3B8PE
std_oej6-WiuB_1700743448558_10,oej6-WiuB,3B8PE
std_7z96-W86v_1700743451455_9,7z96-W86v,3B8PE
std_B8sG-2Efr_1700743449928_15,B8sG-2Efr,3B8PE
std_qo9t-34Kr_1700743452431_12,qo9t-34Kr,3B8PE
std_xCLM-6Wt3_1700743456437_19,xCLM-6Wt3,3B8PE
std_qY6D-7DU3_1700743454735_13,qY6D-7DU3,3B8PE
std_q9qb-oF7m_1700743464023_17,q9qb-oF7m,3B8PE
std_2A68-ZMiq_1700743456832_18,2A68-ZMiq,3B8PE
std_E7Zt-YR38_1700743470667_11,E7Zt-YR38,3B8PE
std_2GLw-Aj4s_1700743468078_20,2GLw-Aj4s,3B8PE
std_amDu-3Fsq_1700743469381_14,amDu-3Fsq,3B8PE
std_oej6-WiuB_1700743477264_10,oej6-WiuB,3B8PE
std_B8sG-2Efr_1700743481061_15,B8sG-2Efr,3B8PE
std_W2Pb-p3Fv_1700743472445_16,W2Pb-p3Fv,3B8PE
std_qo9t-34Kr_1700743482754_12,qo9t-34Kr,3B8PE
std_xCLM-6Wt3_1700743483053_19,xCLM-6Wt3,3B8PE
std_qY6D-7DU3_1700743489911_13,qY6D-7DU3,3B8PE
std_q9qb-oF7m_1700743491826_17,q9qb-oF7m,3B8PE
std_2A68-ZMiq_1700743492360_18,2A68-ZMiq,3B8PE
std_E7Zt-YR38_1700743498083_11,E7Zt-YR38,3B8PE
std_B8sG-2Efr_1700743507926_15,B8sG-2Efr,3B8PE
std_W2Pb-p3Fv_1700743508071_16,W2Pb-p3Fv,3B8PE
std_2GLw-Aj4s_1700743501642_20,2GLw-Aj4s,3B8PE
std_amDu-3Fsq_1700743501800_14,amDu-3Fsq,3B8PE
std_oej6-WiuB_1700743504925_10,oej6-WiuB,3B8PE
std_xCLM-6Wt3_1700743517035_19,xCLM-6Wt3,3B8PE
std_qo9t-34Kr_1700743508071_12,qo9t-34Kr,3B8PE
std_qY6D-7DU3_1700743519766_13,qY6D-7DU3,3B8PE
std_q9qb-oF7m_1700743525973_17,q9qb-oF7m,3B8PE
std_2A68-ZMiq_1700743526872_18,2A68-ZMiq,3B8PE
std_E7Zt-YR38_1700743532377_11,E7Zt-YR38,3B8PE
std_B8sG-2Efr_1700743538190_15,B8sG-2Efr,3B8PE
std_W2Pb-p3Fv_1700743539729_16,W2Pb-p3Fv,3B8PE
std_oej6-WiuB_1700743542618_10,oej6-WiuB,3B8PE
std_2GLw-Aj4s_1700743541613_20,2GLw-Aj4s,3B8PE
std_amDu-3Fsq_1700743542571_14,amDu-3Fsq,3B8PE
std_xCLM-6Wt3_1700743547969_19,xCLM-6Wt3,3B8PE
std_qo9t-34Kr_1700743548707_12,qo9t-34Kr,3B8PE
std_qY6D-7DU3_1700743551909_13,qY6D-7DU3,3B8PE
std_2A68-ZMiq_1700743556506_18,2A68-ZMiq,3B8PE
std_q9qb-oF7m_1700743556098_17,q9qb-oF7m,3B8PE
std_oej6-WiuB_1700743571103_10,oej6-WiuB,3B8PE
std_E7Zt-YR38_1700743563024_11,E7Zt-YR38,3B8PE
std_W2Pb-p3Fv_1700743567534_16,W2Pb-p3Fv,3B8PE
std_B8sG-2Efr_1700743567050_15,B8sG-2Efr,3B8PE
std_2GLw-Aj4s_1700743572598_20,2GLw-Aj4s,3B8PE
std_amDu-3Fsq_1700743577875_14,amDu-3Fsq,3B8PE
std_xCLM-6Wt3_1700743579024_19,xCLM-6Wt3,3B8PE
std_qo9t-34Kr_1700743588321_12,qo9t-34Kr,3B8PE
std_2A68-ZMiq_1700743591245_18,2A68-ZMiq,3B8PE
std_qY6D-7DU3_1700743590581_13,qY6D-7DU3,3B8PE
std_q9qb-oF7m_1700743593704_17,q9qb-oF7m,3B8PE
std_W2Pb-p3Fv_1700743601732_16,W2Pb-p3Fv,3B8PE
std_B8sG-2Efr_1700743602222_15,B8sG-2Efr,3B8PE
std_E7Zt-YR38_1700743599620_11,E7Zt-YR38,3B8PE
std_amDu-3Fsq_1700743611942_14,amDu-3Fsq,3B8PE
std_2GLw-Aj4s_1700743604664_20,2GLw-Aj4s,3B8PE
std_qo9t-34Kr_1700743615548_12,qo9t-34Kr,3B8PE
std_xCLM-6Wt3_1700743612319_19,xCLM-6Wt3,3B8PE
std_2A68-ZMiq_1700743618939_18,2A68-ZMiq,3B8PE
std_B8sG-2Efr_1700743631565_15,B8sG-2Efr,3B8PE
std_qY6D-7DU3_1700743623038_13,qY6D-7DU3,3B8PE
std_q9qb-oF7m_1700743628049_17,q9qb-oF7m,3B8PE
std_E7Zt-YR38_1700743632851_11,E7Zt-YR38,3B8PE
std_W2Pb-p3Fv_1700743630769_16,W2Pb-p3Fv,3B8PE
std_amDu-3Fsq_1700743637938_14,amDu-3Fsq,3B8PE
std_qo9t-34Kr_1700743644433_12,qo9t-34Kr,3B8PE
std_2GLw-Aj4s_1700743637953_20,2GLw-Aj4s,3B8PE
std_xCLM-6Wt3_1700743646535_19,xCLM-6Wt3,3B8PE
std_2A68-ZMiq_1700743649861_18,2A68-ZMiq,3B8PE
std_q9qb-oF7m_1700743660216_17,q9qb-oF7m,3B8PE
std_B8sG-2Efr_1700743657760_15,B8sG-2Efr,3B8PE
std_E7Zt-YR38_1700743662437_11,E7Zt-YR38,3B8PE
std_qY6D-7DU3_1700743659893_13,qY6D-7DU3,3B8PE
std_W2Pb-p3Fv_1700743664164_16,W2Pb-p3Fv,3B8PE
std_2GLw-Aj4s_1700743672388_20,2GLw-Aj4s,3B8PE
std_xCLM-6Wt3_1700743679677_19,xCLM-6Wt3,3B8PE
std_q9qb-oF7m_1700743687576_17,q9qb-oF7m,3B8PE
std_2A68-ZMiq_1700743685527_18,2A68-ZMiq,3B8PE
std_B8sG-2Efr_1700743690347_15,B8sG-2Efr,3B8PE
std_W2Pb-p3Fv_1700743696967_16,W2Pb-p3Fv,3B8PE
std_E7Zt-YR38_1700743694867_11,E7Zt-YR38,3B8PE
std_qo9t-34Kr_1700743701496_12,qo9t-34Kr,3B8PE
std_qY6D-7DU3_1700743696232_13,qY6D-7DU3,3B8PE
std_amDu-3Fsq_1700743701496_14,amDu-3Fsq,3B8PE
std_2GLw-Aj4s_1700743705701_20,2GLw-Aj4s,3B8PE
std_xCLM-6Wt3_1700743716371_19,xCLM-6Wt3,3B8PE
std_2A68-ZMiq_1700743721940_18,2A68-ZMiq,3B8PE
std_q9qb-oF7m_1700743717940_17,q9qb-oF7m,3B8PE
std_qo9t-34Kr_1700743727868_12,qo9t-34Kr,3B8PE
std_B8sG-2Efr_1700743725853_15,B8sG-2Efr,3B8PE
std_W2Pb-p3Fv_1700743726558_16,W2Pb-p3Fv,3B8PE
std_qY6D-7DU3_1700743732133_13,qY6D-7DU3,3B8PE
std_amDu-3Fsq_1700743735577_14,amDu-3Fsq,3B8PE
std_2GLw-Aj4s_1700743736299_20,2GLw-Aj4s,3B8PE
std_2A68-ZMiq_1700743751238_18,2A68-ZMiq,3B8PE
std_xCLM-6Wt3_1700743750449_19,xCLM-6Wt3,3B8PE
std_q9qb-oF7m_1700743753281_17,q9qb-oF7m,3B8PE
std_qo9t-34Kr_1700743759222_12,qo9t-34Kr,3B8PE
std_B8sG-2Efr_1700743759480_15,B8sG-2Efr,3B8PE
std_W2Pb-p3Fv_1700743761283_16,W2Pb-p3Fv,3B8PE
std_qY6D-7DU3_1700743762156_13,qY6D-7DU3,3B8PE
std_amDu-3Fsq_1700743768094_14,amDu-3Fsq,3B8PE
std_2GLw-Aj4s_1700743769202_20,2GLw-Aj4s,3B8PE
std_2A68-ZMiq_1700743784569_18,2A68-ZMiq,3B8PE
std_q9qb-oF7m_1700743786406_17,q9qb-oF7m,3B8PE
std_xCLM-6Wt3_1700743784600_19,xCLM-6Wt3,3B8PE
std_B8sG-2Efr_1700743788885_15,B8sG-2Efr,3B8PE
std_qo9t-34Kr_1700743787613_12,qo9t-34Kr,3B8PE
std_qY6D-7DU3_1700743791571_13,qY6D-7DU3,3B8PE
std_W2Pb-p3Fv_1700743790046_16,W2Pb-p3Fv,3B8PE
std_amDu-3Fsq_1700743796612_14,amDu-3Fsq,3B8PE
std_2GLw-Aj4s_1700743804418_20,2GLw-Aj4s,3B8PE
std_2A68-ZMiq_1700743813891_18,2A68-ZMiq,3B8PE
std_xCLM-6Wt3_1700743820404_19,xCLM-6Wt3,3B8PE
std_q9qb-oF7m_1700743817596_17,q9qb-oF7m,3B8PE
std_qo9t-34Kr_1700743822476_12,qo9t-34Kr,3B8PE
std_B8sG-2Efr_1700743821888_15,B8sG-2Efr,3B8PE
std_W2Pb-p3Fv_1700743825957_16,W2Pb-p3Fv,3B8PE
std_qY6D-7DU3_1700743822830_13,qY6D-7DU3,3B8PE
std_amDu-3Fsq_1700743830796_14,amDu-3Fsq,3B8PE
std_2GLw-Aj4s_1700743835883_20,2GLw-Aj4s,3B8PE
std_qo9t-34Kr_1700743852423_12,qo9t-34Kr,3B8PE
std_2A68-ZMiq_1700743846181_18,2A68-ZMiq,3B8PE
std_xCLM-6Wt3_1700743849861_19,xCLM-6Wt3,3B8PE
std_q9qb-oF7m_1700743850191_17,q9qb-oF7m,3B8PE
std_W2Pb-p3Fv_1700743855552_16,W2Pb-p3Fv,3B8PE
std_qY6D-7DU3_1700743857441_13,qY6D-7DU3,3B8PE
std_B8sG-2Efr_1700743854684_15,B8sG-2Efr,3B8PE
std_amDu-3Fsq_1700743860518_14,amDu-3Fsq,3B8PE
std_2GLw-Aj4s_1700743867155_20,2GLw-Aj4s,3B8PE
std_W2Pb-p3Fv_1700743884827_16,W2Pb-p3Fv,3B8PE
std_q9qb-oF7m_1700743882690_17,q9qb-oF7m,3B8PE
std_amDu-3Fsq_1700743892259_14,amDu-3Fsq,3B8PE
std_qY6D-7DU3_1700743890575_13,qY6D-7DU3,3B8PE
std_2GLw-Aj4s_1700743898185_20,2GLw-Aj4s,3B8PE
std_B8sG-2Efr_1700743891928_15,B8sG-2Efr,3B8PE
std_W2Pb-p3Fv_1700743911939_16,W2Pb-p3Fv,3B8PE
std_xCLM-6Wt3_1700743917671_19,xCLM-6Wt3,3B8PE
std_amDu-3Fsq_1700743918942_14,amDu-3Fsq,3B8PE
std_2A68-ZMiq_1700743917671_18,2A68-ZMiq,3B8PE
std_q9qb-oF7m_1700743916602_17,q9qb-oF7m,3B8PE
std_2GLw-Aj4s_1700743925366_20,2GLw-Aj4s,3B8PE
std_qY6D-7DU3_1700743924520_13,qY6D-7DU3,3B8PE
std_B8sG-2Efr_1700743929935_15,B8sG-2Efr,3B8PE
std_W2Pb-p3Fv_1700743940138_16,W2Pb-p3Fv,3B8PE
std_amDu-3Fsq_1700743946495_14,amDu-3Fsq,3B8PE
std_xCLM-6Wt3_1700743944454_19,xCLM-6Wt3,3B8PE
std_q9qb-oF7m_1700743948559_17,q9qb-oF7m,3B8PE
std_2A68-ZMiq_1700743947013_18,2A68-ZMiq,3B8PE
std_2GLw-Aj4s_1700743954157_20,2GLw-Aj4s,3B8PE
std_qY6D-7DU3_1700743957443_13,qY6D-7DU3,3B8PE
std_B8sG-2Efr_1700743961318_15,B8sG-2Efr,3B8PE
std_q9qb-oF7m_1700743978050_17,q9qb-oF7m,3B8PE
std_xCLM-6Wt3_1700743976999_19,xCLM-6Wt3,3B8PE
std_2A68-ZMiq_1700743980145_18,2A68-ZMiq,3B8PE
std_2GLw-Aj4s_1700743984220_20,2GLw-Aj4s,3B8PE
std_qY6D-7DU3_1700743985366_13,qY6D-7DU3,3B8PE
std_B8sG-2Efr_1700743991361_15,B8sG-2Efr,3B8PE
std_amDu-3Fsq_1700744004960_14,amDu-3Fsq,3B8PE
std_q9qb-oF7m_1700744008040_17,q9qb-oF7m,3B8PE
std_W2Pb-p3Fv_1700744004960_16,W2Pb-p3Fv,3B8PE
std_xCLM-6Wt3_1700744008103_19,xCLM-6Wt3,3B8PE
std_2A68-ZMiq_1700744009673_18,2A68-ZMiq,3B8PE
std_2GLw-Aj4s_1700744012499_20,2GLw-Aj4s,3B8PE
std_qY6D-7DU3_1700744017789_13,qY6D-7DU3,3B8PE
std_B8sG-2Efr_1700744021526_15,B8sG-2Efr,3B8PE
std_amDu-3Fsq_1700744030539_14,amDu-3Fsq,3B8PE
std_q9qb-oF7m_1700744036640_17,q9qb-oF7m,3B8PE
std_W2Pb-p3Fv_1700744040874_16,W2Pb-p3Fv,3B8PE
std_2A68-ZMiq_1700744046334_18,2A68-ZMiq,3B8PE
std_xCLM-6Wt3_1700744041614_19,xCLM-6Wt3,3B8PE
std_2GLw-Aj4s_1700744047028_20,2GLw-Aj4s,3B8PE
std_amDu-3Fsq_1700744060586_14,amDu-3Fsq,3B8PE
std_q9qb-oF7m_1700744068430_17,q9qb-oF7m,3B8PE
std_B8sG-2Efr_1700744060496_15,B8sG-2Efr,3B8PE
std_W2Pb-p3Fv_1700744074726_16,W2Pb-p3Fv,3B8PE
std_xCLM-6Wt3_1700744077242_19,xCLM-6Wt3,3B8PE
std_2A68-ZMiq_1700744077242_18,2A68-ZMiq,3B8PE
std_2GLw-Aj4s_1700744084051_20,2GLw-Aj4s,3B8PE
std_amDu-3Fsq_1700744089275_14,amDu-3Fsq,3B8PE
std_B8sG-2Efr_1700744102738_15,B8sG-2Efr,3B8PE
std_xCLM-6Wt3_1700744108711_19,xCLM-6Wt3,3B8PE
std_2A68-ZMiq_1700744110355_18,2A68-ZMiq,3B8PE
std_W2Pb-p3Fv_1700744108333_16,W2Pb-p3Fv,3B8PE
std_q9qb-oF7m_1700744102494_17,q9qb-oF7m,3B8PE
std_amDu-3Fsq_1700744117848_14,amDu-3Fsq,3B8PE
std_2GLw-Aj4s_1700744117031_20,2GLw-Aj4s,3B8PE
std_B8sG-2Efr_1700744133010_15,B8sG-2Efr,3B8PE
std_W2Pb-p3Fv_1700744135752_16,W2Pb-p3Fv,3B8PE
std_q9qb-oF7m_1700744136385_17,q9qb-oF7m,3B8PE
std_2A68-ZMiq_1700744135721_18,2A68-ZMiq,3B8PE
std_xCLM-6Wt3_1700744135071_19,xCLM-6Wt3,3B8PE
std_2GLw-Aj4s_1700744152223_20,2GLw-Aj4s,3B8PE
std_amDu-3Fsq_1700744150016_14,amDu-3Fsq,3B8PE
std_B8sG-2Efr_1700744159730_15,B8sG-2Efr,3B8PE
std_q9qb-oF7m_1700744164386_17,q9qb-oF7m,3B8PE
std_W2Pb-p3Fv_1700744163742_16,W2Pb-p3Fv,3B8PE
std_2A68-ZMiq_1700744169977_18,2A68-ZMiq,3B8PE
std_xCLM-6Wt3_1700744171002_19,xCLM-6Wt3,3B8PE
std_2GLw-Aj4s_1700744178599_20,2GLw-Aj4s,3B8PE
std_B8sG-2Efr_1700744193117_15,B8sG-2Efr,3B8PE
std_q9qb-oF7m_1700744194580_17,q9qb-oF7m,3B8PE
std_W2Pb-p3Fv_1700744197606_16,W2Pb-p3Fv,3B8PE
std_2A68-ZMiq_1700744198267_18,2A68-ZMiq,3B8PE
std_xCLM-6Wt3_1700744206730_19,xCLM-6Wt3,3B8PE
std_2GLw-Aj4s_1700744207722_20,2GLw-Aj4s,3B8PE
std_B8sG-2Efr_1700744219294_15,B8sG-2Efr,3B8PE
std_q9qb-oF7m_1700744222003_17,q9qb-oF7m,3B8PE
std_W2Pb-p3Fv_1700744224789_16,W2Pb-p3Fv,3B8PE
std_2A68-ZMiq_1700744229250_18,2A68-ZMiq,3B8PE
std_2GLw-Aj4s_1700744240287_20,2GLw-Aj4s,3B8PE
std_xCLM-6Wt3_1700744236564_19,xCLM-6Wt3,3B8PE
std_B8sG-2Efr_1700744249628_15,B8sG-2Efr,3B8PE
std_W2Pb-p3Fv_1700744252274_16,W2Pb-p3Fv,3B8PE
std_q9qb-oF7m_1700744251361_17,q9qb-oF7m,3B8PE
std_2A68-ZMiq_1700744261468_18,2A68-ZMiq,3B8PE
std_xCLM-6Wt3_1700744268137_19,xCLM-6Wt3,3B8PE
std_2GLw-Aj4s_1700744266928_20,2GLw-Aj4s,3B8PE
std_B8sG-2Efr_1700744275749_15,B8sG-2Efr,3B8PE
std_W2Pb-p3Fv_1700744277789_16,W2Pb-p3Fv,3B8PE
std_q9qb-oF7m_1700744282034_17,q9qb-oF7m,3B8PE
std_2A68-ZMiq_1700744289214_18,2A68-ZMiq,3B8PE
std_xCLM-6Wt3_1700744294583_19,xCLM-6Wt3,3B8PE
std_2GLw-Aj4s_1700744300558_20,2GLw-Aj4s,3B8PE
std_B8sG-2Efr_1700744303963_15,B8sG-2Efr,3B8PE
std_q9qb-oF7m_1700744308967_17,q9qb-oF7m,3B8PE
std_W2Pb-p3Fv_1700744304925_16,W2Pb-p3Fv,3B8PE
std_2A68-ZMiq_1700744316928_18,2A68-ZMiq,3B8PE
std_xCLM-6Wt3_1700744326049_19,xCLM-6Wt3,3B8PE
std_q9qb-oF7m_1700744337379_17,q9qb-oF7m,3B8PE
std_W2Pb-p3Fv_1700744340840_16,W2Pb-p3Fv,3B8PE
std_2A68-ZMiq_1700744346142_18,2A68-ZMiq,3B8PE
std_xCLM-6Wt3_1700744354019_19,xCLM-6Wt3,3B8PE
std_q9qb-oF7m_1700744367003_17,q9qb-oF7m,3B8PE
std_2GLw-Aj4s_1700744368514_20,2GLw-Aj4s,3B8PE
std_W2Pb-p3Fv_1700744370726_16,W2Pb-p3Fv,3B8PE
std_2A68-ZMiq_1700744376001_18,2A68-ZMiq,3B8PE
std_xCLM-6Wt3_1700744386077_19,xCLM-6Wt3,3B8PE
std_q9qb-oF7m_1700744398056_17,q9qb-oF7m,3B8PE
std_2GLw-Aj4s_1700744399156_20,2GLw-Aj4s,3B8PE
std_W2Pb-p3Fv_1700744404954_16,W2Pb-p3Fv,3B8PE
std_2A68-ZMiq_1700744407079_18,2A68-ZMiq,3B8PE
std_xCLM-6Wt3_1700744415872_19,xCLM-6Wt3,3B8PE
std_W2Pb-p3Fv_1700744435736_16,W2Pb-p3Fv,3B8PE
std_q9qb-oF7m_1700744434670_17,q9qb-oF7m,3B8PE
std_2GLw-Aj4s_1700744435062_20,2GLw-Aj4s,3B8PE
std_2A68-ZMiq_1700744442006_18,2A68-ZMiq,3B8PE
std_xCLM-6Wt3_1700744450254_19,xCLM-6Wt3,3B8PE
std_2A68-ZMiq_1700744472411_18,2A68-ZMiq,3B8PE
std_xCLM-6Wt3_1700744478804_19,xCLM-6Wt3,3B8PE
std_q9qb-oF7m_1700744502072_17,q9qb-oF7m,3B8PE
std_xCLM-6Wt3_1700744517993_19,xCLM-6Wt3,3B8PE
std_2GLw-Aj4s_1700744537372_20,2GLw-Aj4s,3B8PE
std_q9qb-oF7m_1700744538598_17,q9qb-oF7m,3B8PE
std_2A68-ZMiq_1700744537372_18,2A68-ZMiq,3B8PE
std_xCLM-6Wt3_1700744548722_19,xCLM-6Wt3,3B8PE
std_q9qb-oF7m_1700744567472_17,q9qb-oF7m,3B8PE
std_2GLw-Aj4s_1700744565869_20,2GLw-Aj4s,3B8PE
std_2A68-ZMiq_1700744574219_18,2A68-ZMiq,3B8PE
std_xCLM-6Wt3_1700744579464_19,xCLM-6Wt3,3B8PE
std_2GLw-Aj4s_1700744594820_20,2GLw-Aj4s,3B8PE
std_2A68-ZMiq_1700744602503_18,2A68-ZMiq,3B8PE
std_q9qb-oF7m_1700744594479_17,q9qb-oF7m,3B8PE
std_2GLw-Aj4s_1700744622236_20,2GLw-Aj4s,3B8PE
std_xCLM-6Wt3_1700744616331_19,xCLM-6Wt3,3B8PE
std_2A68-ZMiq_1700744631071_18,2A68-ZMiq,3B8PE
std_2GLw-Aj4s_1700744650271_20,2GLw-Aj4s,3B8PE
std_xCLM-6Wt3_1700744653838_19,xCLM-6Wt3,3B8PE
std_2A68-ZMiq_1700744661700_18,2A68-ZMiq,3B8PE
std_2GLw-Aj4s_1700744676520_20,2GLw-Aj4s,3B8PE
std_xCLM-6Wt3_1700744688216_19,xCLM-6Wt3,3B8PE
std_2A68-ZMiq_1700744694391_18,2A68-ZMiq,3B8PE
std_2GLw-Aj4s_1700744707537_20,2GLw-Aj4s,3B8PE
std_xCLM-6Wt3_1700744716190_19,xCLM-6Wt3,3B8PE
std_2A68-ZMiq_1700744731913_18,2A68-ZMiq,3B8PE
std_2GLw-Aj4s_1700744738221_20,2GLw-Aj4s,3B8PE
std_xCLM-6Wt3_1700744752701_19,xCLM-6Wt3,3B8PE
std_2GLw-Aj4s_1700744777528_20,2GLw-Aj4s,3B8PE
std_xCLM-6Wt3_1700744788510_19,xCLM-6Wt3,3B8PE
std_2GLw-Aj4s_1700744821111_20,2GLw-Aj4s,3B8PE
std_xCLM-6Wt3_1700744828995_19,xCLM-6Wt3,3B8PE
std_2GLw-Aj4s_1700744852029_20,2GLw-Aj4s,3B8PE
std_xCLM-6Wt3_1700744864478_19,xCLM-6Wt3,3B8PE
std_2GLw-Aj4s_1700744879651_20,2GLw-Aj4s,3B8PE
std_xCLM-6Wt3_1700744904255_19,xCLM-6Wt3,3B8PE
std_2GLw-Aj4s_1700744915927_20,2GLw-Aj4s,3B8PE
std_2GLw-Aj4s_1700744946395_20,2GLw-Aj4s,3B8PE
std_2GLw-Aj4s_1700744981360_20,2GLw-Aj4s,3B8PE
std_2GLw-Aj4s_1700745013007_20,2GLw-Aj4s,3B8PE
