tch_L1_20241120-131221_23,class_L1_20241120-131221_23,d7N9-K3a2,L1,L
tch_L9_20241120-131221_71,class_L9_20241120-131221_71,49sK-2fFX,L9,L
tch_L2_20241121-142446_41,class_L2_20241121-142446_41,843j-W9r2,L2,L
tch_L8_20241120-154856_76,class_L8_20241120-154856_76,72zt-r32y,L8,L
tch_L1_20241121-171850_26,class_L1_20241121-171850_26,734W-weCP,L1,L
tch_L3_20241121-121036_54,class_L3_20241121-121036_54,2Qtz-WNUK,L3,L
tch_M3_20241121-121036_13,class_M3_20241121-121036_13,cY7V-3Z8e,M3,M
tch_L9_20241120-121814_69,class_L9_20241120-121814_69,WD9r-8s2C,L9,L
tch_M5_20241121-101448_6,class_M5_20241121-101448_6,w9bL-D3H6,M5,M
tch_L1_20241120-121814_63,class_L1_20241120-121814_63,HFiE-796i,L1,L
tch_H1_20241120-154856_15,class_H1_20241120-154856_15,6hdA-yD8h,H1,H
tch_M5_20241120-173443_3,class_M5_20241120-173443_3,6umd-9sp2,M5,M
tch_L2_20241120-183319_47,class_L2_20241120-183319_47,7VJu-z63D,L2,L
tch_L7_20241120-164201_88,class_L7_20241120-164201_88,uEj4-Q9RF,L7,L
tch_M3_20241120-154856_10,class_M3_20241120-154856_10,Qhiy-2V7X,M3,M
tch_L7_20241121-161650_88,class_L7_20241121-161650_88,3rR9-4vz8,L7,L
tch_M1_20241111-151710_73,class_M1_20241111-151710_73,8D3f-Kn96,M1,M
tch_L7_20241121-110816_92,class_L7_20241121-110816_92,6BpA-29yC,L7,L
tch_L1_20241120-183319_26,class_L1_20241120-183319_26,B6ug-4uRo,L1,L
tch_M1_20241120-183319_58,class_M1_20241120-183319_58,aTQB-CoUr,M1,M
tch_L1_20241121-171850_30,class_L1_20241121-171850_30,boKc-6z4b,L1,L
tch_L2_20241120-183319_37,class_L2_20241120-183319_37,tp23-9FKv,L2,L
tch_L7_20241120-164201_92,class_L7_20241120-164201_92,eRwu-WNQ9,L7,L
tch_M2_20241121-121036_59,class_M2_20241121-121036_59,92Uc-Jjzt,M2,M
tch_M2_20241120-164201_62,class_M2_20241120-164201_62,QpKe-TFAb,M2,M
tch_L7_20241120-131221_95,class_L7_20241120-131221_95,NQN3-Tiq6,L7,L
tch_L1_20241120-164201_65,class_L1_20241120-164201_65,47v6-i2Fd,L1,L
tch_L1_20241111-151710_15,class_L1_20241111-151710_15,27ve-MC2p,L1,L
tch_L9_20241120-164201_68,class_L9_20241120-164201_68,jn9r-uWEQ,L9,L
tch_M5_20241121-171850_4,class_M5_20241121-171850_4,ocgf-WVqw,M5,M
tch_L7_20241121-101448_99,class_L7_20241121-101448_99,op6g-rwVW,L7,L
tch_L1_20241120-145212_64,class_L1_20241120-145212_64,YN6m-9684,L1,L
tch_L7_20241121-121036_99,class_L7_20241121-121036_99,7AXH-jkMi,L7,L
tch_L7_20241121-142446_89,class_L7_20241121-142446_89,K9Gv-wf72,L7,L
tch_M3_20241120-173443_9,class_M3_20241120-173443_9,36z9-89T6,M3,M
tch_L9_20241121-142446_71,class_L9_20241121-142446_71,L89h-KF3g,L9,L
tch_L1_20241121-132736_34,class_L1_20241121-132736_34,YtKb-9h4Y,L1,L
tch_L8_20241121-121036_85,class_L8_20241121-121036_85,47z3-v8P3,L8,L
tch_L2_20241121-171850_38,class_L2_20241121-171850_38,2Zca-Rv8J,L2,L
tch_L7_20241121-171850_97,class_L7_20241121-171850_97,Jrgo-8R97,L7,L
tch_L1_20241120-164201_28,class_L1_20241120-164201_28,DUkm-zB3t,L1,L
tch_L7_20241120-131221_91,class_L7_20241120-131221_91,p2TZ-YEBe,L7,L
tch_M5_20241121-142446_7,class_M5_20241121-142446_7,F462-pjtT,M5,M
tch_L1_20241120-173443_64,class_L1_20241120-173443_64,Gyjx-d7V4,L1,L
tch_M5_20241120-173443_2,class_M5_20241120-173443_2,crJA-3qyw,M5,M
tch_L8_20241121-171850_79,class_L8_20241121-171850_79,d9N6-abkM,L8,L
tch_L1_20241120-173443_31,class_L1_20241120-173443_31,8w6E-R4F9,L1,L
tch_L1_20241120-183319_65,class_L1_20241120-183319_65,E6gR-kwAF,L1,L
tch_L1_20241121-161650_33,class_L1_20241121-161650_33,aFUW-2Q2W,L1,L
tch_L2_20241120-183319_39,class_L2_20241120-183319_39,Cj6y-94QB,L2,L
tch_M2_20241121-110816_60,class_M2_20241121-110816_60,A4xh-3D8A,M2,M
tch_L1_20241121-142446_25,class_L1_20241121-142446_25,h4kK-39JX,L1,L
tch_L3_20241121-110816_54,class_L3_20241121-110816_54,jcKn-KDtq,L3,L
tch_L7_20241120-131221_98,class_L7_20241120-131221_98,49Ah-E4L7,L7,L
tch_M3_20241121-110816_10,class_M3_20241121-110816_10,6hHn-T7ib,M3,M
tch_H2_20241121-142446_17,class_H2_20241121-142446_17,9BU9-sCiy,H2,H
tch_L1_20241121-142446_22,class_L1_20241121-142446_22,rGpe-p3Cb,L1,L
tch_L2_20241120-164201_44,class_L2_20241120-164201_44,9VXE-wga6,L2,L
tch_M3_20241121-121036_9,class_M3_20241121-121036_9,6JdU-W79J,M3,M
tch_L8_20241120-145212_78,class_L8_20241120-145212_78,rCgv-ie6s,L8,L
tch_L7_20241120-121814_98,class_L7_20241120-121814_98,URbq-Ww9a,L7,L
tch_L2_20241120-164201_41,class_L2_20241120-164201_41,gW6h-eX8T,L2,L
tch_L8_20241120-173443_78,class_L8_20241120-173443_78,MAB9-yQ38,L8,L
tch_L2_20241121-101448_46,class_L2_20241121-101448_46,v3YC-K6B6,L2,L
tch_L8_20241121-171850_83,class_L8_20241121-171850_83,y7A7-sW7V,L8,L
tch_M5_20241120-121814_7,class_M5_20241120-121814_7,QA8b-9dRj,M5,M
tch_L7_20241120-173443_87,class_L7_20241120-173443_87,Xyxj-xen4,L7,L
tch_L2_20241121-132736_49,class_L2_20241121-132736_49,7xrZ-o49H,L2,L
tch_L7_20241121-110816_86,class_L7_20241121-110816_86,EN97-r6LK,L7,L
tch_L8_20241121-161650_80,class_L8_20241121-161650_80,i3Py-zTix,L8,L
tch_L3_20241121-142446_53,class_L3_20241121-142446_53,8vo3-97nJ,L3,L
tch_L2_20241121-171850_41,class_L2_20241121-171850_41,GP3d-qyaJ,L2,L
tch_M5_20241121-101448_4,class_M5_20241121-101448_4,ab32-ZDYq,M5,M
tch_L9_20241120-131221_66,class_L9_20241120-131221_66,y6Rh-wo8W,L9,L
tch_M1_20241120-121814_57,class_M1_20241120-121814_57,RPR7-VPfA,M1,M
tch_L1_20241120-173443_34,class_L1_20241120-173443_34,rnQq-6G3M,L1,L
tch_L1_20241111-151710_98,class_L1_20241111-151710_98,7xML-Xvz9,L1,L
tch_L1_20241120-131221_22,class_L1_20241120-131221_22,zxgi-4J4D,L1,L
tch_L8_20241111-151710_52,class_L8_20241111-151710_52,e6i4-f9Br,L8,L
tch_L2_20241121-171850_40,class_L2_20241121-171850_40,Ut8E-j37s,L2,L
tch_L8_20241121-101448_82,class_L8_20241121-101448_82,mUd9-Com7,L8,L
tch_L2_20241121-121036_46,class_L2_20241121-121036_46,CEWB-meLd,L2,L
tch_M5_20241121-171850_8,class_M5_20241121-171850_8,Ca2q-jq7D,M5,M
tch_L7_20241121-121036_86,class_L7_20241121-121036_86,CxUt-4eHX,L7,L
tch_L1_20241120-183319_24,class_L1_20241120-183319_24,AqG7-8Py9,L1,L
tch_M2_20241121-132736_61,class_M2_20241121-132736_61,p7Kp-CBiL,M2,M
tch_M4_20241120-183319_19,class_M4_20241120-183319_19,vtxQ-bWE9,M4,M
tch_L7_20241111-151710_45,class_L7_20241111-151710_45,xLp6-W2Zw,L7,L
tch_L9_20241120-145212_71,class_L9_20241120-145212_71,V7vJ-t3Gf,L9,L
tch_L2_20241121-171850_48,class_L2_20241121-171850_48,NLJq-wa39,L2,L
tch_L7_20241120-154856_94,class_L7_20241120-154856_94,c8UD-ANV4,L7,L
tch_M1_20241121-161650_58,class_M1_20241121-161650_58,EQ74-U6y3,M1,M
tch_L2_20241111-151710_27,class_L2_20241111-151710_27,fj28-ZB4R,L2,L
tch_M3_20241120-173443_12,class_M3_20241120-173443_12,Vp4u-ejMw,M3,M
tch_L7_20241121-110816_95,class_L7_20241121-110816_95,6LiK-ZAcQ,L7,L
tch_M5_20241120-164201_8,class_M5_20241120-164201_8,8si8-Hsab,M5,M
tch_L8_20241120-183319_84,class_L8_20241120-183319_84,6ZvQ-GMEe,L8,L
tch_H1_20241120-164201_16,class_H1_20241120-164201_16,tgRn-9yG6,H1,H
tch_L7_20241111-151710_47,class_L7_20241111-151710_47,V9kq-vU36,L7,L
tch_L2_20241121-121036_48,class_L2_20241121-121036_48,eR9D-f48d,L2,L
tch_L1_20241120-164201_26,class_L1_20241120-164201_26,979p-68qt,L1,L
tch_L7_20241120-154856_89,class_L7_20241120-154856_89,g8YJ-3686,L7,L
tch_L1_20241121-132736_30,class_L1_20241121-132736_30,dhmn-fgvU,L1,L
tch_L2_20241120-145212_37,class_L2_20241120-145212_37,7jPA-4X8Q,L2,L
tch_L2_20241121-142446_43,class_L2_20241121-142446_43,fMfZ-RbHP,L2,L
tch_L9_20241120-121814_67,class_L9_20241120-121814_67,mYP3-4ykp,L9,L
tch_L8_20241120-173443_77,class_L8_20241120-173443_77,3QN8-HdAf,L8,L
tch_M3_20241121-110816_13,class_M3_20241121-110816_13,fVud-9zUg,M3,M
tch_L1_20241121-110816_30,class_L1_20241121-110816_30,YRU3-BP3h,L1,L
tch_M3_20241120-121814_12,class_M3_20241120-121814_12,6AJm-ePn2,M3,M
tch_L9_20241111-151710_62,class_L9_20241111-151710_62,aet4-BizX,L9,L
tch_L2_20241120-131221_36,class_L2_20241120-131221_36,d3GU-E8Yb,L2,L
tch_L7_20241121-142446_86,class_L7_20241121-142446_86,u43c-U3B3,L7,L
tch_L8_20241120-154856_79,class_L8_20241120-154856_79,tzYN-r3wY,L8,L
tch_M2_20241121-121036_62,class_M2_20241121-121036_62,N47q-gBJ6,M2,M
tch_M3_20241120-131221_10,class_M3_20241120-131221_10,nP89-z8bW,M3,M
tch_L1_20241121-121036_63,class_L1_20241121-121036_63,kCD8-qx82,L1,L
tch_L8_20241121-132736_76,class_L8_20241121-132736_76,gkGE-jv98,L8,L
tch_L1_20241121-121036_31,class_L1_20241121-121036_31,HToG-AnbF,L1,L
tch_L9_20241121-121036_66,class_L9_20241121-121036_66,tNRg-4fua,L9,L
tch_L1_20241121-110816_32,class_L1_20241121-110816_32,7B6Z-DMde,L1,L
tch_M3_20241120-131221_11,class_M3_20241120-131221_11,gJ8P-9wGo,M3,M
tch_L1_20241120-183319_25,class_L1_20241120-183319_25,aKt6-Jb4i,L1,L
tch_L1_20241121-101448_35,class_L1_20241121-101448_35,EmB6-8dqk,L1,L
tch_L9_20241121-101448_74,class_L9_20241121-101448_74,stx7-z7z2,L9,L
tch_L7_20241120-131221_96,class_L7_20241120-131221_96,73GK-PwZJ,L7,L
tch_L1_20241121-101448_26,class_L1_20241121-101448_26,3Jx3-Jbgh,L1,L
tch_L9_20241121-132736_69,class_L9_20241121-132736_69,VUoA-8T6q,L9,L
tch_L7_20241121-132736_100,class_L7_20241121-132736_100,p96D-uqCH,L7,L
tch_M3_20241121-161650_10,class_M3_20241121-161650_10,NUEQ-Cc7H,M3,M
tch_L1_20241120-164201_64,class_L1_20241120-164201_64,sHj7-6A6Y,L1,L
tch_M3_20241121-161650_12,class_M3_20241121-161650_12,6ZT9-ZFjG,M3,M
tch_M1_20241120-164201_56,class_M1_20241120-164201_56,g8v6-Tz4u,M1,M
tch_L7_20241120-183319_98,class_L7_20241120-183319_98,c36U-Rj3L,L7,L
tch_M5_20241120-183319_8,class_M5_20241120-183319_8,8b4q-tF62,M5,M
tch_L9_20241120-173443_70,class_L9_20241120-173443_70,MDuw-y3YH,L9,L
tch_L1_20241111-151710_8,class_L1_20241111-151710_8,z8Gr-CLCX,L1,L
tch_L1_20241121-132736_23,class_L1_20241121-132736_23,s4k6-29RL,L1,L
tch_L1_20241121-161650_21,class_L1_20241121-161650_21,oK2w-i83w,L1,L
tch_L1_20241121-132736_35,class_L1_20241121-132736_35,WimM-dja8,L1,L
tch_L2_20241120-183319_44,class_L2_20241120-183319_44,Gi6c-6rA4,L2,L
tch_M3_20241120-164201_10,class_M3_20241120-164201_10,G3XW-QmZv,M3,M
tch_L1_20241120-154856_65,class_L1_20241120-154856_65,Kx9h-m2T7,L1,L
tch_L2_20241120-131221_47,class_L2_20241120-131221_47,igVz-LY8F,L2,L
tch_L1_20241121-101448_27,class_L1_20241121-101448_27,x729-iEL6,L1,L
tch_M5_20241111-151710_93,class_M5_20241111-151710_93,3AX2-9fHB,M5,M
tch_L1_20241111-151710_1,class_L1_20241111-151710_1,qVqg-7ZyK,L1,L
tch_L1_20241121-171850_23,class_L1_20241121-171850_23,gM7A-9uD2,L1,L
tch_L1_20241120-131221_28,class_L1_20241120-131221_28,96ja-N3Ej,L1,L
tch_L2_20241120-183319_50,class_L2_20241120-183319_50,98Gn-7GWj,L2,L
tch_L7_20241121-101448_87,class_L7_20241121-101448_87,XFwv-278H,L7,L
tch_L2_20241121-101448_48,class_L2_20241121-101448_48,42aW-46mE,L2,L
tch_L1_20241120-154856_31,class_L1_20241120-154856_31,yKfP-V3ew,L1,L
tch_H1_20241120-121814_15,class_H1_20241120-121814_15,8VBe-Lb8B,H1,H
tch_L7_20241120-121814_93,class_L7_20241120-121814_93,aGVn-y9sY,L7,L
tch_M2_20241121-161650_62,class_M2_20241121-161650_62,tYp3-nL9G,M2,M
tch_M1_20241120-173443_56,class_M1_20241120-173443_56,3z7v-iNh9,M1,M
tch_L7_20241120-145212_86,class_L7_20241120-145212_86,T2hs-9i7T,L7,L
tch_L7_20241120-164201_90,class_L7_20241120-164201_90,AgGp-w8VQ,L7,L
tch_L7_20241120-173443_93,class_L7_20241120-173443_93,uVur-f9dX,L7,L
tch_L2_20241121-101448_43,class_L2_20241121-101448_43,YW7W-gjRM,L2,L
tch_L2_20241121-161650_45,class_L2_20241121-161650_45,Cpy8-92fr,L2,L
tch_L9_20241120-183319_73,class_L9_20241120-183319_73,KwTK-87dc,L9,L
tch_L1_20241120-145212_35,class_L1_20241120-145212_35,q4N9-og3h,L1,L
tch_L7_20241121-121036_96,class_L7_20241121-121036_96,Bt2N-sTh2,L7,L
tch_L8_20241121-101448_80,class_L8_20241121-101448_80,KABC-f39R,L8,L
tch_L7_20241111-151710_37,class_L7_20241111-151710_37,Mc7G-6Gz4,L7,L
tch_L3_20241120-145212_51,class_L3_20241120-145212_51,z84u-F7F7,L3,L
tch_L9_20241121-132736_66,class_L9_20241121-132736_66,Q3fs-EBj6,L9,L
tch_L3_20241120-183319_54,class_L3_20241120-183319_54,abNM-T27i,L3,L
tch_L2_20241120-154856_38,class_L2_20241120-154856_38,i4u9-q8Xt,L2,L
tch_M5_20241121-101448_8,class_M5_20241121-101448_8,GqpM-3FQF,M5,M
tch_L8_20241120-183319_80,class_L8_20241120-183319_80,J7ZH-disp,L8,L
tch_L7_20241121-161650_89,class_L7_20241121-161650_89,o8LT-nfw8,L7,L
tch_L1_20241120-131221_32,class_L1_20241120-131221_32,4gZP-s9sV,L1,L
tch_M5_20241121-132736_5,class_M5_20241121-132736_5,4M8z-q6TU,M5,M
tch_L8_20241120-183319_76,class_L8_20241120-183319_76,4np6-m6K6,L8,L
tch_L8_20241111-151710_58,class_L8_20241111-151710_58,B3Bd-EdXo,L8,L
tch_L7_20241111-151710_43,class_L7_20241111-151710_43,AHd8-VRBr,L7,L
tch_L7_20241121-101448_94,class_L7_20241121-101448_94,Ei2Q-cn2A,L7,L
tch_M2_20241120-121814_62,class_M2_20241120-121814_62,9hbt-G26U,M2,M
tch_M5_20241121-110816_3,class_M5_20241121-110816_3,xBx7-FLc3,M5,M
tch_L9_20241120-173443_73,class_L9_20241120-173443_73,XJ74-6LD8,L9,L
tch_L2_20241120-121814_40,class_L2_20241120-121814_40,6XDu-3XP4,L2,L
tch_M4_20241120-173443_18,class_M4_20241120-173443_18,Mj3f-shXt,M4,M
tch_L7_20241120-173443_91,class_L7_20241120-173443_91,38Pa-VbR9,L7,L
tch_L7_20241120-164201_95,class_L7_20241120-164201_95,6WFh-DU8b,L7,L
tch_H1_20241120-154856_16,class_H1_20241120-154856_16,yBJR-ZR7H,H1,H
tch_L2_20241120-183319_49,class_L2_20241120-183319_49,9aMu-J94r,L2,L
tch_M3_20241120-154856_14,class_M3_20241120-154856_14,bxMp-fHfn,M3,M
tch_L1_20241120-164201_27,class_L1_20241120-164201_27,T6Dx-4n6o,L1,L
tch_L7_20241120-173443_95,class_L7_20241120-173443_95,H8gc-zdxd,L7,L
tch_L2_20241121-171850_42,class_L2_20241121-171850_42,3ZzM-NZJh,L2,L
tch_L8_20241120-183319_85,class_L8_20241120-183319_85,Ce7j-92bh,L8,L
tch_M3_20241111-151710_82,class_M3_20241111-151710_82,atZK-9nuv,M3,M
tch_L1_20241120-145212_28,class_L1_20241120-145212_28,ZA2A-Z4Bx,L1,L
tch_L1_20241121-132736_31,class_L1_20241121-132736_31,bLaC-6r74,L1,L
tch_L2_20241120-183319_36,class_L2_20241120-183319_36,9R6B-otMo,L2,L
tch_L7_20241120-183319_94,class_L7_20241120-183319_94,V4qP-bf2N,L7,L
tch_M3_20241121-101448_13,class_M3_20241121-101448_13,jxg8-b67c,M3,M
tch_L9_20241120-145212_75,class_L9_20241120-145212_75,pnAB-9ZC4,L9,L
tch_L3_20241121-101448_54,class_L3_20241121-101448_54,M3B4-x73Y,L3,L
tch_L9_20241121-142446_67,class_L9_20241121-142446_67,H62U-6Nve,L9,L
tch_M4_20241120-183319_20,class_M4_20241120-183319_20,bnby-2MqR,M4,M
tch_L3_20241121-101448_52,class_L3_20241121-101448_52,8Vbx-46DV,L3,L
tch_L7_20241120-121814_97,class_L7_20241120-121814_97,ZT3x-AoWG,L7,L
tch_L2_20241121-161650_46,class_L2_20241121-161650_46,DAhb-7nPf,L2,L
tch_L7_20241120-183319_100,class_L7_20241120-183319_100,VL8F-KHPF,L7,L
tch_M5_20241121-142446_2,class_M5_20241121-142446_2,xFxf-a8eM,M5,M
tch_L2_20241120-183319_43,class_L2_20241120-183319_43,6wU6-Hgte,L2,L
tch_L1_20241120-121814_28,class_L1_20241120-121814_28,o94i-3x93,L1,L
tch_L2_20241121-101448_37,class_L2_20241121-101448_37,TWCZ-QVE7,L2,L
tch_L3_20241120-121814_53,class_L3_20241120-121814_53,dW6k-xPUc,L3,L
tch_L1_20241121-101448_23,class_L1_20241121-101448_23,aL4T-9hU8,L1,L
tch_L2_20241121-171850_36,class_L2_20241121-171850_36,Bh3D-rd43,L2,L
tch_L9_20241120-131221_75,class_L9_20241120-131221_75,nAF7-47rR,L9,L
tch_L7_20241121-142446_95,class_L7_20241121-142446_95,h2d2-Bz9K,L7,L
tch_M3_20241120-145212_11,class_M3_20241120-145212_11,2KRU-wdAP,M3,M
tch_L3_20241120-131221_55,class_L3_20241120-131221_55,YW4n-W4gv,L3,L
tch_L8_20241121-142446_78,class_L8_20241121-142446_78,NcL4-qw7v,L8,L
tch_L8_20241120-183319_82,class_L8_20241120-183319_82,Kwo9-cWAJ,L8,L
tch_L2_20241120-173443_47,class_L2_20241120-173443_47,6jHj-Dg2e,L2,L
tch_L7_20241120-154856_92,class_L7_20241120-154856_92,d3E6-xUxf,L7,L
tch_M2_20241111-151710_75,class_M2_20241111-151710_75,KxVa-TGv3,M2,M
tch_L7_20241120-183319_93,class_L7_20241120-183319_93,XU9a-bGb8,L7,L
tch_M4_20241120-173443_20,class_M4_20241120-173443_20,HLM9-jhw7,M4,M
tch_H2_20241121-132736_17,class_H2_20241121-132736_17,ygMm-8NoW,H2,H
tch_L8_20241121-132736_80,class_L8_20241121-132736_80,32b9-ijnu,L8,L
tch_L7_20241121-121036_93,class_L7_20241121-121036_93,JLez-PMqQ,L7,L
tch_L8_20241111-151710_56,class_L8_20241111-151710_56,Zd4s-tMy3,L8,L
tch_M3_20241121-171850_13,class_M3_20241121-171850_13,Xo3p-9Ln2,M3,M
tch_L9_20241120-164201_73,class_L9_20241120-164201_73,EKU9-UsUZ,L9,L
tch_M3_20241120-131221_9,class_M3_20241120-131221_9,Z6qK-mTeT,M3,M
tch_L8_20241120-154856_78,class_L8_20241120-154856_78,b27L-V4HB,L8,L
tch_M3_20241120-154856_12,class_M3_20241120-154856_12,WX9m-6GWm,M3,M
tch_L2_20241120-183319_41,class_L2_20241120-183319_41,7xEb-wHVW,L2,L
tch_L2_20241120-173443_36,class_L2_20241120-173443_36,72jn-QmD8,L2,L
tch_L8_20241120-145212_76,class_L8_20241120-145212_76,786v-NhKq,L8,L
tch_L8_20241120-154856_81,class_L8_20241120-154856_81,b6Bm-rHVK,L8,L
tch_M1_20241121-142446_57,class_M1_20241121-142446_57,HN2T-64mL,M1,M
tch_L7_20241121-110816_99,class_L7_20241121-110816_99,KYcX-VPos,L7,L
tch_L9_20241121-110816_74,class_L9_20241121-110816_74,reHg-o2vi,L9,L
tch_L1_20241121-101448_28,class_L1_20241121-101448_28,Lf6V-dr6t,L1,L
tch_L8_20241121-161650_78,class_L8_20241121-161650_78,z8kZ-Q4so,L8,L
tch_L9_20241120-164201_70,class_L9_20241120-164201_70,u6gY-3J4s,L9,L
tch_L1_20241120-183319_30,class_L1_20241120-183319_30,7r7o-Hnjr,L1,L
tch_L1_20241120-173443_23,class_L1_20241120-173443_23,TMC4-Magd,L1,L
tch_L7_20241120-121814_87,class_L7_20241120-121814_87,UFCX-4W36,L7,L
tch_L9_20241120-164201_69,class_L9_20241120-164201_69,6zBX-fv98,L9,L
tch_L9_20241121-101448_72,class_L9_20241121-101448_72,3HuA-kE4f,L9,L