1544521486954/1544521507623/1544521559147,launched
1544521486954/1544521507623/1544521559147,launched
1544521486954/1544521507623/1544521559147,launched
1544521486954/1544521507623/1544521559147,launched
1544521486954/1544521507623/1544521559147,launched
1544521486954/1544521507623/1544521559147,launched
1544521486954/1544521507623/1544521559147,launched
1544521486954/1544521507623/1544521559147,launched
1544521486954/1544521507623/1544521559147,launched
1544521486954/1544521507623/1544521559147,launched
1544521486954/1544521507623/1544521559147,launched
1544521486954/1544521507623/1544521559147,launched
1544521486954/1544521507623/1544521559147,launched
1544521486954/1544521507623/1544521559147,launched
1544521486954/1544521507623/1544521559147,launched
1544521486954/1544521507623/1544521559147,experienced
1544521486954/1544521507623/1544521559147,experienced
1544521486954/1544521507623/1544521559147,experienced
1544521486954/1544521507623/1544521559147,experienced
1544521486954/1544521507623/1544521559147,experienced
1544521486954/1544521507623/1544521559147,experienced
1544521486954/1544521507623/1544521559147,experienced
1544521486954/1544521507623/1544521559147,experienced
1544521486954/1544521507623/1544521559147,experienced
1544521486954/1544521507623/1544521559147,experienced
1544521486954/1544521507623/1544521559147,experienced
1544521486954/1544521507623/1544521559147,experienced
1544521486954/1544521507623/1544521559147,experienced
1544521486954/1544521507623/1544521559147,experienced
1544521486954/1544521507623/1544521559147,experienced
1544521486954/1544521507623/1544521559147,attempted
1544521486954/1544521507623/1544521559147,attempted
1544521486954/1544521507623/1544521559147,attempted
1544521486954/1544521507623/1544521559147,attempted
1544521486954/1544521507623/1544521559147,attempted
1544521486954/1544521507623/1544521559147,attempted
1544521486954/1544521507623/1544521559147,attempted
1544521486954/1544521507623/1544521559147,attempted
1544521486954/1544521507623/1544521559147,attempted
1544521486954/1544521507623/1544521559147,attempted
1544521486954/1544521507623/1544521559147,attempted
1544521486954/1544521507623/1544521559147,attempted
1544521486954/1544521507623/1544521559147,attempted
1544521486954/1544521507623/1544521559147,attempted
1544521486954/1544521507623/1544521559147,attempted
1544521486954/1544521507623/1544521559147,completed
1544521486954/1544521507623/1544521559147,completed
1544521486954/1544521507623/1544521559147,completed
1544521486954/1544521507623/1544521559147,completed
1544521486954/1544521507623/1544521559147,completed
1544521486954/1544521507623/1544521559147,completed
1544521486954/1544521507623/1544521559147,completed
1544521486954/1544521507623/1544521559147,completed
1544521486954/1544521507623/1544521559147,completed
1544521486954/1544521507623/1544521559147,completed
1544521486954/1544521507623/1544521559147,completed
1544521486954/1544521507623/1544521559147,completed
1544521486954/1544521507623/1544521559147,completed
1544521486954/1544521507623/1544521559147,completed
1544521486954/1544521507623/1544521559147,completed