1528285334091/1528285590109/1528285902632,launched
1528285334091/1528285590109/1528285902632,experienced
1528285334091/1528285590109/1528285902632,attempted
1528285334091/1528285590109/1528285902632,completed
1528285334091/1528285590109/1528285915425,launched
1528285334091/1528285590109/1528285915425,experienced
1528285334091/1528285590109/1528285915425,attempted
1528285334091/1528285590109/1528285915425,completed
1528285334091/1528285590109/1528285924509,launched
1528285334091/1528285590109/1528285924509,experienced
1528285334091/1528285590109/1528285924509,attempted
1528285334091/1528285590109/1528285924509,completed
1528285334091/1528285590109/1528285992682,launched
1528285334091/1528285590109/1528285992682,experienced
1528285334091/1528285590109/1528285992682,attempted
1528285334091/1528285590109/1528285992682,completed
1528285334091/1528285590109/1528286019560,launched
1528285334091/1528285590109/1528286019560,experienced
1528285334091/1528285590109/1528286019560,attempted
1528285334091/1528285590109/1528286019560,completed
1528285334091/1528285590109/1528286220783,launched
1528285334091/1528285590109/1528286220783,experienced
1528285334091/1528285590109/1528286220783,attempted
1528285334091/1528285590109/1528286220783,completed
1528285334091/1528285590109/1540554613329,launched
1528285334091/1528285590109/1540554613329,experienced
1528285334091/1528285590109/1540554613329,attempted
1528285334091/1528285590109/1540554613329,completed
1528285334091/1528285597989/1528286068968,launched
1528285334091/1528285597989/1528286068968,experienced
1528285334091/1528285597989/1528286068968,attempted
1528285334091/1528285597989/1528286068968,completed
1528285334091/1528285597989/1528286088690,launched
1528285334091/1528285597989/1528286088690,experienced
1528285334091/1528285597989/1528286088690,attempted
1528285334091/1528285597989/1528286088690,completed
1528285334091/1528285597989/1528286114025,launched
1528285334091/1528285597989/1528286114025,experienced
1528285334091/1528285597989/1528286114025,attempted
1528285334091/1528285597989/1528286114025,completed
1528285334091/1528285597989/1528286124899,launched
1528285334091/1528285597989/1528286124899,experienced
1528285334091/1528285597989/1528286124899,attempted
1528285334091/1528285597989/1528286124899,completed
1528285334091/1528285597989/1528286166435,launched
1528285334091/1528285597989/1528286166435,experienced
1528285334091/1528285597989/1528286166435,attempted
1528285334091/1528285597989/1528286166435,completed
1528285334091/1528285613396/1528286227520,launched
1528285334091/1528285613396/1528286227520,experienced
1528285334091/1528285613396/1528286227520,attempted
1528285334091/1528285613396/1528286227520,completed
1528285334091/1528285613396/1528286246973,launched
1528285334091/1528285613396/1528286246973,experienced
1528285334091/1528285613396/1528286246973,attempted
1528285334091/1528285613396/1528286246973,completed
1528285334091/1528285613396/1528286265205,launched
1528285334091/1528285613396/1528286265205,experienced
1528285334091/1528285613396/1528286265205,attempted
1528285334091/1528285613396/1528286265205,completed
1528285334091/1528285613396/1528286271533,launched
1528285334091/1528285613396/1528286271533,experienced
1528285334091/1528285613396/1528286271533,attempted
1528285334091/1528285613396/1528286271533,completed
1528285334091/1528285613396/1528286278183,launched
1528285334091/1528285613396/1528286278183,experienced
1528285334091/1528285613396/1528286278183,attempted
1528285334091/1528285613396/1528286278183,completed
1528285334091/1528285613396/1528286287234,launched
1528285334091/1528285613396/1528286287234,experienced
1528285334091/1528285613396/1528286287234,attempted
1528285334091/1528285613396/1528286287234,completed
1528285334091/1528285613396/1528286328639,launched
1528285334091/1528285613396/1528286328639,experienced
1528285334091/1528285613396/1528286328639,attempted
1528285334091/1528285613396/1528286328639,completed
1528285334091/1528285613396/1528286411614,launched
1528285334091/1528285613396/1528286411614,experienced
1528285334091/1528285613396/1528286411614,attempted
1528285334091/1528285613396/1528286411614,completed
1528285334091/1528285626444/1528286455162,launched
1528285334091/1528285626444/1528286455162,experienced
1528285334091/1528285626444/1528286455162,attempted
1528285334091/1528285626444/1528286455162,completed
1528285334091/1528285626444/1528286461149,launched
1528285334091/1528285626444/1528286461149,experienced
1528285334091/1528285626444/1528286461149,attempted
1528285334091/1528285626444/1528286461149,completed
1528285334091/1528285626444/1528286462220,launched
1528285334091/1528285626444/1528286462220,experienced
1528285334091/1528285626444/1528286462220,attempted
1528285334091/1528285626444/1528286462220,completed
1528285334091/1528285626444/1528286472237,launched
1528285334091/1528285626444/1528286472237,experienced
1528285334091/1528285626444/1528286472237,attempted
1528285334091/1528285626444/1528286472237,completed
1528285334091/1528285626444/1528286478808,launched
1528285334091/1528285626444/1528286478808,experienced
1528285334091/1528285626444/1528286478808,attempted
1528285334091/1528285626444/1528286478808,completed
1528285334091/1528285626444/1528286483638,launched
1528285334091/1528285626444/1528286483638,experienced
1528285334091/1528285626444/1528286483638,attempted
1528285334091/1528285626444/1528286483638,completed
1528285334091/1528285629872/1528286360919,launched
1528285334091/1528285629872/1528286360919,experienced
1528285334091/1528285629872/1528286360919,attempted
1528285334091/1528285629872/1528286360919,completed
1528285334091/1528285629872/1528286371096,launched
1528285334091/1528285629872/1528286371096,experienced
1528285334091/1528285629872/1528286371096,attempted
1528285334091/1528285629872/1528286371096,completed
1528285338413/1528285435505/1528287529916,launched
1528285338413/1528285435505/1528287529916,experienced
1528285338413/1528285435505/1528287529916,attempted
1528285338413/1528285435505/1528287529916,completed
1528285338413/1528285435505/1528287538705,launched
1528285338413/1528285435505/1528287538705,experienced
1528285338413/1528285435505/1528287538705,attempted
1528285338413/1528285435505/1528287538705,completed
1528285338413/1528285435505/1528287546378,launched
1528285338413/1528285435505/1528287546378,experienced
1528285338413/1528285435505/1528287546378,attempted
1528285338413/1528285435505/1528287546378,completed
1528285338413/1528285435505/1528287569730,launched
1528285338413/1528285435505/1528287569730,experienced
1528285338413/1528285435505/1528287569730,attempted
1528285338413/1528285435505/1528287569730,completed
1528285338413/1528285435505/1528287579578,launched
1528285338413/1528285435505/1528287579578,experienced
1528285338413/1528285435505/1528287579578,attempted
1528285338413/1528285435505/1528287579578,completed
1528285338413/1528285441109/1528287667973,launched
1528285338413/1528285441109/1528287667973,experienced
1528285338413/1528285441109/1528287667973,attempted
1528285338413/1528285441109/1528287667973,completed
1528285338413/1528285441109/1528287678977,launched
1528285338413/1528285441109/1528287678977,experienced
1528285338413/1528285441109/1528287678977,attempted
1528285338413/1528285441109/1528287678977,completed
1528285338413/1528285441109/1528287686168,launched
1528285338413/1528285441109/1528287686168,experienced
1528285338413/1528285441109/1528287686168,attempted
1528285338413/1528285441109/1528287686168,completed
1528285338413/1528285441109/1528287686419,launched
1528285338413/1528285441109/1528287686419,experienced
1528285338413/1528285441109/1528287686419,attempted
1528285338413/1528285441109/1528287686419,completed
1528285338413/1528285441109/1528287699422,launched
1528285338413/1528285441109/1528287699422,experienced
1528285338413/1528285441109/1528287699422,attempted
1528285338413/1528285441109/1528287699422,completed
1528285338413/1528285444609/1528287790380,launched
1528285338413/1528285444609/1528287790380,experienced
1528285338413/1528285444609/1528287790380,attempted
1528285338413/1528285444609/1528287790380,completed
1528285338413/1528285444609/1528287801084,launched
1528285338413/1528285444609/1528287801084,experienced
1528285338413/1528285444609/1528287801084,attempted
1528285338413/1528285444609/1528287801084,completed
1528285338413/1528285444609/1528287802178,launched
1528285338413/1528285444609/1528287802178,experienced
1528285338413/1528285444609/1528287802178,attempted
1528285338413/1528285444609/1528287802178,completed
1528285338413/1528285444609/1528287812065,launched
1528285338413/1528285444609/1528287812065,experienced
1528285338413/1528285444609/1528287812065,attempted
1528285338413/1528285444609/1528287812065,completed
1528285338413/1528285444609/1528287817017,launched
1528285338413/1528285444609/1528287817017,experienced
1528285338413/1528285444609/1528287817017,attempted
1528285338413/1528285444609/1528287817017,completed
1528285338413/1528285444609/1528287825159,launched
1528285338413/1528285444609/1528287825159,experienced
1528285338413/1528285444609/1528287825159,attempted
1528285338413/1528285444609/1528287825159,completed
1528285338413/1528285447048/1528288007038,launched
1528285338413/1528285447048/1528288007038,experienced
1528285338413/1528285447048/1528288007038,attempted
1528285338413/1528285447048/1528288007038,completed
1528285338413/1528285447048/1528288019305,launched
1528285338413/1528285447048/1528288019305,experienced
1528285338413/1528285447048/1528288019305,attempted
1528285338413/1528285447048/1528288019305,completed
1528285338413/1528285447048/1528288027735,launched
1528285338413/1528285447048/1528288027735,experienced
1528285338413/1528285447048/1528288027735,attempted
1528285338413/1528285447048/1528288027735,completed
1528285338413/1528285447048/1528288033533,launched
1528285338413/1528285447048/1528288033533,experienced
1528285338413/1528285447048/1528288033533,attempted
1528285338413/1528285447048/1528288033533,completed
1528285338413/1528285447048/1528288042737,launched
1528285338413/1528285447048/1528288042737,experienced
1528285338413/1528285447048/1528288042737,attempted
1528285338413/1528285447048/1528288042737,completed
1528285338413/1528285448954/1528286791591,launched
1528285338413/1528285448954/1528286791591,experienced
1528285338413/1528285448954/1528286791591,attempted
1528285338413/1528285448954/1528286791591,completed
1528285338413/1528285448954/1528286799315,launched
1528285338413/1528285448954/1528286799315,experienced
1528285338413/1528285448954/1528286799315,attempted
1528285338413/1528285448954/1528286799315,completed
1528285338413/1528285448954/1528286811362,launched
1528285338413/1528285448954/1528286811362,experienced
1528285338413/1528285448954/1528286811362,attempted
1528285338413/1528285448954/1528286811362,completed
1528285338413/1528285448954/1528286816856,launched
1528285338413/1528285448954/1528286816856,experienced
1528285338413/1528285448954/1528286816856,attempted
1528285338413/1528285448954/1528286816856,completed
1528285338413/1528285448954/1528286826822,launched
1528285338413/1528285448954/1528286826822,experienced
1528285338413/1528285448954/1528286826822,attempted
1528285338413/1528285448954/1528286826822,completed
1528285338413/1528285448954/1528286845673,launched
1528285338413/1528285448954/1528286845673,experienced
1528285338413/1528285448954/1528286845673,attempted
1528285338413/1528285448954/1528286845673,completed
1528285340418/1528285435342/1528286947786,launched
1528285340418/1528285435342/1528286947786,experienced
1528285340418/1528285435342/1528286947786,attempted
1528285340418/1528285435342/1528286947786,completed
1528285340418/1528285435342/1528286952224,launched
1528285340418/1528285435342/1528286952224,experienced
1528285340418/1528285435342/1528286952224,attempted
1528285340418/1528285435342/1528286952224,completed
1528285340418/1528285435342/1528286964469,launched
1528285340418/1528285435342/1528286964469,experienced
1528285340418/1528285435342/1528286964469,attempted
1528285340418/1528285435342/1528286964469,completed
1528285340418/1528285435342/1528286971588,launched
1528285340418/1528285435342/1528286971588,experienced
1528285340418/1528285435342/1528286971588,attempted
1528285340418/1528285435342/1528286971588,completed
1528285340418/1528285435342/1528286991056,launched
1528285340418/1528285435342/1528286991056,experienced
1528285340418/1528285435342/1528286991056,attempted
1528285340418/1528285435342/1528286991056,completed
1528285340418/1528285811231/1528287003099,launched
1528285340418/1528285811231/1528287003099,experienced
1528285340418/1528285811231/1528287003099,attempted
1528285340418/1528285811231/1528287003099,completed
1528285340418/1528285811231/1528287003439,launched
1528285340418/1528285811231/1528287003439,experienced
1528285340418/1528285811231/1528287003439,attempted
1528285340418/1528285811231/1528287003439,completed
1528285340418/1528285811231/1528287015556,launched
1528285340418/1528285811231/1528287015556,experienced
1528285340418/1528285811231/1528287015556,attempted
1528285340418/1528285811231/1528287015556,completed
1528285340418/1528285811231/1528287018671,launched
1528285340418/1528285811231/1528287018671,experienced
1528285340418/1528285811231/1528287018671,attempted
1528285340418/1528285811231/1528287018671,completed
1528285340418/1528285811231/1528287033947,launched
1528285340418/1528285811231/1528287033947,experienced
1528285340418/1528285811231/1528287033947,attempted
1528285340418/1528285811231/1528287033947,completed
1528285340418/1528285811231/1528287034016,launched
1528285340418/1528285811231/1528287034016,experienced
1528285340418/1528285811231/1528287034016,attempted
1528285340418/1528285811231/1528287034016,completed
1528285340418/1528285814028/1528287063567,launched
1528285340418/1528285814028/1528287063567,experienced
1528285340418/1528285814028/1528287063567,attempted
1528285340418/1528285814028/1528287063567,completed
1528285340418/1528285814028/1528287076017,launched
1528285340418/1528285814028/1528287076017,experienced
1528285340418/1528285814028/1528287076017,attempted
1528285340418/1528285814028/1528287076017,completed
1528285340418/1528285822244/1528287187564,launched
1528285340418/1528285822244/1528287187564,experienced
1528285340418/1528285822244/1528287187564,attempted
1528285340418/1528285822244/1528287187564,completed
1528285340418/1528285822244/1528287188307,launched
1528285340418/1528285822244/1528287188307,experienced
1528285340418/1528285822244/1528287188307,attempted
1528285340418/1528285822244/1528287188307,completed
1528285340418/1528285822244/1528287199557,launched
1528285340418/1528285822244/1528287199557,experienced
1528285340418/1528285822244/1528287199557,attempted
1528285340418/1528285822244/1528287199557,completed
1528285340418/1528285822244/1528287214039,launched
1528285340418/1528285822244/1528287214039,experienced
1528285340418/1528285822244/1528287214039,attempted
1528285340418/1528285822244/1528287214039,completed
1528285340418/1528285822244/1528287220052,launched
1528285340418/1528285822244/1528287220052,experienced
1528285340418/1528285822244/1528287220052,attempted
1528285340418/1528285822244/1528287220052,completed
1528285340418/1528285822244/1528287230028,launched
1528285340418/1528285822244/1528287230028,experienced
1528285340418/1528285822244/1528287230028,attempted
1528285340418/1528285822244/1528287230028,completed
1528285340418/1528285822244/1528287238114,launched
1528285340418/1528285822244/1528287238114,experienced
1528285340418/1528285822244/1528287238114,attempted
1528285340418/1528285822244/1528287238114,completed
1528285340418/1528285831603/1528286743899,launched
1528285340418/1528285831603/1528286743899,experienced
1528285340418/1528285831603/1528286743899,attempted
1528285340418/1528285831603/1528286743899,completed
1528285340418/1528285831603/1528286752293,launched
1528285340418/1528285831603/1528286752293,experienced
1528285340418/1528285831603/1528286752293,attempted
1528285340418/1528285831603/1528286752293,completed
1528285340418/1528285831603/1528286760031,launched
1528285340418/1528285831603/1528286760031,experienced
1528285340418/1528285831603/1528286760031,attempted
1528285340418/1528285831603/1528286760031,completed
1528285340418/1528285831603/1528286765402,launched
1528285340418/1528285831603/1528286765402,experienced
1528285340418/1528285831603/1528286765402,attempted
1528285340418/1528285831603/1528286765402,completed
1528285340418/1528285831603/1528286770104,launched
1528285340418/1528285831603/1528286770104,experienced
1528285340418/1528285831603/1528286770104,attempted
1528285340418/1528285831603/1528286770104,completed
1528285340418/1528285831603/1528286775736,launched
1528285340418/1528285831603/1528286775736,experienced
1528285340418/1528285831603/1528286775736,attempted
1528285340418/1528285831603/1528286775736,completed
1528285346430/1528285459896/1528288064149,launched
1528285346430/1528285459896/1528288064149,experienced
1528285346430/1528285459896/1528288064149,attempted
1528285346430/1528285459896/1528288064149,completed
1528285346430/1528285459896/1528288072739,launched
1528285346430/1528285459896/1528288072739,experienced
1528285346430/1528285459896/1528288072739,attempted
1528285346430/1528285459896/1528288072739,completed
1528285346430/1528285459896/1528288089458,launched
1528285346430/1528285459896/1528288089458,experienced
1528285346430/1528285459896/1528288089458,attempted
1528285346430/1528285459896/1528288089458,completed
1528285346430/1528285459896/1528288096094,launched
1528285346430/1528285459896/1528288096094,experienced
1528285346430/1528285459896/1528288096094,attempted
1528285346430/1528285459896/1528288096094,completed
1528285346430/1528285459896/1528288108813,launched
1528285346430/1528285459896/1528288108813,experienced
1528285346430/1528285459896/1528288108813,attempted
1528285346430/1528285459896/1528288108813,completed
1528285346430/1528285463314/1528288326083,launched
1528285346430/1528285463314/1528288326083,experienced
1528285346430/1528285463314/1528288326083,attempted
1528285346430/1528285463314/1528288326083,completed
1528285346430/1528285463314/1528288333216,launched
1528285346430/1528285463314/1528288333216,experienced
1528285346430/1528285463314/1528288333216,attempted
1528285346430/1528285463314/1528288333216,completed
1528285346430/1528285463314/1528288340776,launched
1528285346430/1528285463314/1528288340776,experienced
1528285346430/1528285463314/1528288340776,attempted
1528285346430/1528285463314/1528288340776,completed
1528285346430/1528285463314/1528288353392,launched
1528285346430/1528285463314/1528288353392,experienced
1528285346430/1528285463314/1528288353392,attempted
1528285346430/1528285463314/1528288353392,completed
1528285346430/1528285463314/1528288363294,launched
1528285346430/1528285463314/1528288363294,experienced
1528285346430/1528285463314/1528288363294,attempted
1528285346430/1528285463314/1528288363294,completed
1528285346430/1528285463811/1528286874308,launched
1528285346430/1528285463811/1528286874308,experienced
1528285346430/1528285463811/1528286874308,attempted
1528285346430/1528285463811/1528286874308,completed
1528285346430/1528285463811/1528286883746,launched
1528285346430/1528285463811/1528286883746,experienced
1528285346430/1528285463811/1528286883746,attempted
1528285346430/1528285463811/1528286883746,completed
1528285346430/1528285463811/1528286885774,launched
1528285346430/1528285463811/1528286885774,experienced
1528285346430/1528285463811/1528286885774,attempted
1528285346430/1528285463811/1528286885774,completed
1528285346430/1528285463811/1528286898088,launched
1528285346430/1528285463811/1528286898088,experienced
1528285346430/1528285463811/1528286898088,attempted
1528285346430/1528285463811/1528286898088,completed
1528285346430/1528285463811/1528286903327,launched
1528285346430/1528285463811/1528286903327,experienced
1528285346430/1528285463811/1528286903327,attempted
1528285346430/1528285463811/1528286903327,completed
1528285346430/1528285463811/1528286909246,launched
1528285346430/1528285463811/1528286909246,experienced
1528285346430/1528285463811/1528286909246,attempted
1528285346430/1528285463811/1528286909246,completed
1528285346430/1528285465603/1528288137735,launched
1528285346430/1528285465603/1528288137735,experienced
1528285346430/1528285465603/1528288137735,attempted
1528285346430/1528285465603/1528288137735,completed
1528285346430/1528285465603/1528288158453,launched
1528285346430/1528285465603/1528288158453,experienced
1528285346430/1528285465603/1528288158453,attempted
1528285346430/1528285465603/1528288158453,completed
1528285346430/1528285465603/1528288209999,launched
1528285346430/1528285465603/1528288209999,experienced
1528285346430/1528285465603/1528288209999,attempted
1528285346430/1528285465603/1528288209999,completed
1528285346430/1528285465603/1528288225927,launched
1528285346430/1528285465603/1528288225927,experienced
1528285346430/1528285465603/1528288225927,attempted
1528285346430/1528285465603/1528288225927,completed
1528285346430/1528285465603/1528288273551,launched
1528285346430/1528285465603/1528288273551,experienced
1528285346430/1528285465603/1528288273551,attempted
1528285346430/1528285465603/1528288273551,completed
1528285346430/1528285468533/1528288500377,launched
1528285346430/1528285468533/1528288500377,experienced
1528285346430/1528285468533/1528288500377,attempted
1528285346430/1528285468533/1528288500377,completed
1528285346430/1528285468533/1528288508647,launched
1528285346430/1528285468533/1528288508647,experienced
1528285346430/1528285468533/1528288508647,attempted
1528285346430/1528285468533/1528288508647,completed
1528285346430/1528285468533/1528288514105,launched
1528285346430/1528285468533/1528288514105,experienced
1528285346430/1528285468533/1528288514105,attempted
1528285346430/1528285468533/1528288514105,completed
1528285346430/1528285468533/1528288525527,launched
1528285346430/1528285468533/1528288525527,experienced
1528285346430/1528285468533/1528288525527,attempted
1528285346430/1528285468533/1528288525527,completed
1528285346430/1528285468533/1528288536463,launched
1528285346430/1528285468533/1528288536463,experienced
1528285346430/1528285468533/1528288536463,attempted
1528285346430/1528285468533/1528288536463,completed
1528285348662/1528285498920/1528288217995,launched
1528285348662/1528285498920/1528288217995,experienced
1528285348662/1528285498920/1528288217995,attempted
1528285348662/1528285498920/1528288217995,completed
1528285348662/1528285498920/1528288230838,launched
1528285348662/1528285498920/1528288230838,experienced
1528285348662/1528285498920/1528288230838,attempted
1528285348662/1528285498920/1528288230838,completed
1528285348662/1528285498920/1528288231510,launched
1528285348662/1528285498920/1528288231510,experienced
1528285348662/1528285498920/1528288231510,attempted
1528285348662/1528285498920/1528288231510,completed
1528285348662/1528285498920/1528288249623,launched
1528285348662/1528285498920/1528288249623,experienced
1528285348662/1528285498920/1528288249623,attempted
1528285348662/1528285498920/1528288249623,completed
1528285348662/1528285498920/1528288257914,launched
1528285348662/1528285498920/1528288257914,experienced
1528285348662/1528285498920/1528288257914,attempted
1528285348662/1528285498920/1528288257914,completed
1528285348662/1528285501237/1528288288740,launched
1528285348662/1528285501237/1528288288740,experienced
1528285348662/1528285501237/1528288288740,attempted
1528285348662/1528285501237/1528288288740,completed
1528285348662/1528285501237/1528288302946,launched
1528285348662/1528285501237/1528288302946,experienced
1528285348662/1528285501237/1528288302946,attempted
1528285348662/1528285501237/1528288302946,completed
1528285348662/1528285501237/1528288313463,launched
1528285348662/1528285501237/1528288313463,experienced
1528285348662/1528285501237/1528288313463,attempted
1528285348662/1528285501237/1528288313463,completed
1528285348662/1528285501237/1528288331969,launched
1528285348662/1528285501237/1528288331969,experienced
1528285348662/1528285501237/1528288331969,attempted
1528285348662/1528285501237/1528288331969,completed
1528285348662/1528285501237/1528288343565,launched
1528285348662/1528285501237/1528288343565,experienced
1528285348662/1528285501237/1528288343565,attempted
1528285348662/1528285501237/1528288343565,completed
1528285348662/1528285503385/1528288355234,launched
1528285348662/1528285503385/1528288355234,experienced
1528285348662/1528285503385/1528288355234,attempted
1528285348662/1528285503385/1528288355234,completed
1528285348662/1528285503385/1528288372821,launched
1528285348662/1528285503385/1528288372821,experienced
1528285348662/1528285503385/1528288372821,attempted
1528285348662/1528285503385/1528288372821,completed
1528285348662/1528285503385/1528288391522,launched
1528285348662/1528285503385/1528288391522,experienced
1528285348662/1528285503385/1528288391522,attempted
1528285348662/1528285503385/1528288391522,completed
1528285348662/1528285503385/1528288441184,launched
1528285348662/1528285503385/1528288441184,experienced
1528285348662/1528285503385/1528288441184,attempted
1528285348662/1528285503385/1528288441184,completed
1528285348662/1528285503385/1528288465492,launched
1528285348662/1528285503385/1528288465492,experienced
1528285348662/1528285503385/1528288465492,attempted
1528285348662/1528285503385/1528288465492,completed
1528285348662/1528285503865/1528288483189,launched
1528285348662/1528285503865/1528288483189,experienced
1528285348662/1528285503865/1528288483189,attempted
1528285348662/1528285503865/1528288483189,completed
1528285348662/1528285503865/1528288495520,launched
1528285348662/1528285503865/1528288495520,experienced
1528285348662/1528285503865/1528288495520,attempted
1528285348662/1528285503865/1528288495520,completed
1528285348662/1528285503865/1528288500236,launched
1528285348662/1528285503865/1528288500236,experienced
1528285348662/1528285503865/1528288500236,attempted
1528285348662/1528285503865/1528288500236,completed
1528285348662/1528285503865/1528288505618,launched
1528285348662/1528285503865/1528288505618,experienced
1528285348662/1528285503865/1528288505618,attempted
1528285348662/1528285503865/1528288505618,completed
1528285348662/1528285503865/1528288517439,launched
1528285348662/1528285503865/1528288517439,experienced
1528285348662/1528285503865/1528288517439,attempted
1528285348662/1528285503865/1528288517439,completed
1528285348662/1528285509546/1528287013147,launched
1528285348662/1528285509546/1528287013147,experienced
1528285348662/1528285509546/1528287013147,attempted
1528285348662/1528285509546/1528287013147,completed
1528285348662/1528285509546/1528287013167,launched
1528285348662/1528285509546/1528287013167,experienced
1528285348662/1528285509546/1528287013167,attempted
1528285348662/1528285509546/1528287013167,completed
1528285348662/1528285509546/1528287026292,launched
1528285348662/1528285509546/1528287026292,experienced
1528285348662/1528285509546/1528287026292,attempted
1528285348662/1528285509546/1528287026292,completed
1528285348662/1528285509546/1528287038251,launched
1528285348662/1528285509546/1528287038251,experienced
1528285348662/1528285509546/1528287038251,attempted
1528285348662/1528285509546/1528287038251,completed
1528285348662/1528285509546/1528287044246,launched
1528285348662/1528285509546/1528287044246,experienced
1528285348662/1528285509546/1528287044246,attempted
1528285348662/1528285509546/1528287044246,completed
1528285348662/1528285509546/1528287055575,launched
1528285348662/1528285509546/1528287055575,experienced
1528285348662/1528285509546/1528287055575,attempted
1528285348662/1528285509546/1528287055575,completed
1528285349616/1528285536137/1528287833212,launched
1528285349616/1528285536137/1528287833212,experienced
1528285349616/1528285536137/1528287833212,attempted
1528285349616/1528285536137/1528287833212,completed
1528285349616/1528285536137/1528287836959,launched
1528285349616/1528285536137/1528287836959,experienced
1528285349616/1528285536137/1528287836959,attempted
1528285349616/1528285536137/1528287836959,completed
1528285349616/1528285536137/1528287848601,launched
1528285349616/1528285536137/1528287848601,experienced
1528285349616/1528285536137/1528287848601,attempted
1528285349616/1528285536137/1528287848601,completed
1528285349616/1528285536137/1528287855551,launched
1528285349616/1528285536137/1528287855551,experienced
1528285349616/1528285536137/1528287855551,attempted
1528285349616/1528285536137/1528287855551,completed
1528285349616/1528285536137/1528287866189,launched
1528285349616/1528285536137/1528287866189,experienced
1528285349616/1528285536137/1528287866189,attempted
1528285349616/1528285536137/1528287866189,completed
1528285349616/1528285537080/1528287706236,launched
1528285349616/1528285537080/1528287706236,experienced
1528285349616/1528285537080/1528287706236,attempted
1528285349616/1528285537080/1528287706236,completed
1528285349616/1528285537080/1528287720688,launched
1528285349616/1528285537080/1528287720688,experienced
1528285349616/1528285537080/1528287720688,attempted
1528285349616/1528285537080/1528287720688,completed
1528285349616/1528285537080/1528287729530,launched
1528285349616/1528285537080/1528287729530,experienced
1528285349616/1528285537080/1528287729530,attempted
1528285349616/1528285537080/1528287729530,completed
1528285349616/1528285537080/1528287751098,launched
1528285349616/1528285537080/1528287751098,experienced
1528285349616/1528285537080/1528287751098,attempted
1528285349616/1528285537080/1528287751098,completed
1528285349616/1528285537080/1528287756606,launched
1528285349616/1528285537080/1528287756606,experienced
1528285349616/1528285537080/1528287756606,attempted
1528285349616/1528285537080/1528287756606,completed
1528285349616/1528285542439/1528287768721,launched
1528285349616/1528285542439/1528287768721,experienced
1528285349616/1528285542439/1528287768721,attempted
1528285349616/1528285542439/1528287768721,completed
1528285349616/1528285542439/1528287779222,launched
1528285349616/1528285542439/1528287779222,experienced
1528285349616/1528285542439/1528287779222,attempted
1528285349616/1528285542439/1528287779222,completed
1528285349616/1528285542439/1528287782617,launched
1528285349616/1528285542439/1528287782617,experienced
1528285349616/1528285542439/1528287782617,attempted
1528285349616/1528285542439/1528287782617,completed
1528285349616/1528285542439/1528287787350,launched
1528285349616/1528285542439/1528287787350,experienced
1528285349616/1528285542439/1528287787350,attempted
1528285349616/1528285542439/1528287787350,completed
1528285349616/1528285542439/1528287809181,launched
1528285349616/1528285542439/1528287809181,experienced
1528285349616/1528285542439/1528287809181,attempted
1528285349616/1528285542439/1528287809181,completed
1528285349616/1528285546088/1528286839352,launched
1528285349616/1528285546088/1528286839352,experienced
1528285349616/1528285546088/1528286839352,attempted
1528285349616/1528285546088/1528286839352,completed
1528285349616/1528285546088/1528286859549,launched
1528285349616/1528285546088/1528286859549,experienced
1528285349616/1528285546088/1528286859549,attempted
1528285349616/1528285546088/1528286859549,completed
1528285349616/1528285546088/1528286864455,launched
1528285349616/1528285546088/1528286864455,experienced
1528285349616/1528285546088/1528286864455,attempted
1528285349616/1528285546088/1528286864455,completed
1528285349616/1528285546088/1528286871374,launched
1528285349616/1528285546088/1528286871374,experienced
1528285349616/1528285546088/1528286871374,attempted
1528285349616/1528285546088/1528286871374,completed
1528285349616/1528285546088/1528286880751,launched
1528285349616/1528285546088/1528286880751,experienced
1528285349616/1528285546088/1528286880751,attempted
1528285349616/1528285546088/1528286880751,completed
1528285349616/1528285546088/1528286882178,launched
1528285349616/1528285546088/1528286882178,experienced
1528285349616/1528285546088/1528286882178,attempted
1528285349616/1528285546088/1528286882178,completed
1528285349616/1528285546125/1528287880115,launched
1528285349616/1528285546125/1528287880115,experienced
1528285349616/1528285546125/1528287880115,attempted
1528285349616/1528285546125/1528287880115,completed
1528285349616/1528285546125/1528287894351,launched
1528285349616/1528285546125/1528287894351,experienced
1528285349616/1528285546125/1528287894351,attempted
1528285349616/1528285546125/1528287894351,completed
1528285349616/1528285546125/1528287897705,launched
1528285349616/1528285546125/1528287897705,experienced
1528285349616/1528285546125/1528287897705,attempted
1528285349616/1528285546125/1528287897705,completed
1528285349616/1528285546125/1528287912673,launched
1528285349616/1528285546125/1528287912673,experienced
1528285349616/1528285546125/1528287912673,attempted
1528285349616/1528285546125/1528287912673,completed
1528285349616/1528285546125/1528287928447,launched
1528285349616/1528285546125/1528287928447,experienced
1528285349616/1528285546125/1528287928447,attempted
1528285349616/1528285546125/1528287928447,completed
1528285349671/1528285515473/1528287942839,launched
1528285349671/1528285515473/1528287942839,experienced
1528285349671/1528285515473/1528287942839,attempted
1528285349671/1528285515473/1528287942839,completed
1528285349671/1528285515473/1528287951531,launched
1528285349671/1528285515473/1528287951531,experienced
1528285349671/1528285515473/1528287951531,attempted
1528285349671/1528285515473/1528287951531,completed
1528285349671/1528285515473/1528287959598,launched
1528285349671/1528285515473/1528287959598,experienced
1528285349671/1528285515473/1528287959598,attempted
1528285349671/1528285515473/1528287959598,completed
1528285349671/1528285515473/1528287976451,launched
1528285349671/1528285515473/1528287976451,experienced
1528285349671/1528285515473/1528287976451,attempted
1528285349671/1528285515473/1528287976451,completed
1528285349671/1528285515473/1528287982877,launched
1528285349671/1528285515473/1528287982877,experienced
1528285349671/1528285515473/1528287982877,attempted
1528285349671/1528285515473/1528287982877,completed
1528285349671/1528285523612/1528288006189,launched
1528285349671/1528285523612/1528288006189,experienced
1528285349671/1528285523612/1528288006189,attempted
1528285349671/1528285523612/1528288006189,completed
1528285349671/1528285523612/1528288007438,launched
1528285349671/1528285523612/1528288007438,experienced
1528285349671/1528285523612/1528288007438,attempted
1528285349671/1528285523612/1528288007438,completed
1528285349671/1528285523612/1528288020301,launched
1528285349671/1528285523612/1528288020301,experienced
1528285349671/1528285523612/1528288020301,attempted
1528285349671/1528285523612/1528288020301,completed
1528285349671/1528285523612/1541153569697,launched
1528285349671/1528285523612/1541153569697,experienced
1528285349671/1528285523612/1541153569697,attempted
1528285349671/1528285523612/1541153569697,completed
1528285349671/1528285524136/1528288121511,launched
1528285349671/1528285524136/1528288121511,experienced
1528285349671/1528285524136/1528288121511,attempted
1528285349671/1528285524136/1528288121511,completed
1528285349671/1528285524136/1528288134289,launched
1528285349671/1528285524136/1528288134289,experienced
1528285349671/1528285524136/1528288134289,attempted
1528285349671/1528285524136/1528288134289,completed
1528285349671/1528285524136/1528288170891,launched
1528285349671/1528285524136/1528288170891,experienced
1528285349671/1528285524136/1528288170891,attempted
1528285349671/1528285524136/1528288170891,completed
1528285349671/1528285524136/1528288180208,launched
1528285349671/1528285524136/1528288180208,experienced
1528285349671/1528285524136/1528288180208,attempted
1528285349671/1528285524136/1528288180208,completed
1528285349671/1528285524136/1528288200571,launched
1528285349671/1528285524136/1528288200571,experienced
1528285349671/1528285524136/1528288200571,attempted
1528285349671/1528285524136/1528288200571,completed
1528285349671/1528285529704/1528288060486,launched
1528285349671/1528285529704/1528288060486,experienced
1528285349671/1528285529704/1528288060486,attempted
1528285349671/1528285529704/1528288060486,completed
1528285349671/1528285529704/1528288071874,launched
1528285349671/1528285529704/1528288071874,experienced
1528285349671/1528285529704/1528288071874,attempted
1528285349671/1528285529704/1528288071874,completed
1528285349671/1528285529704/1528288082441,launched
1528285349671/1528285529704/1528288082441,experienced
1528285349671/1528285529704/1528288082441,attempted
1528285349671/1528285529704/1528288082441,completed
1528285349671/1528285529704/1528288092529,launched
1528285349671/1528285529704/1528288092529,experienced
1528285349671/1528285529704/1528288092529,attempted
1528285349671/1528285529704/1528288092529,completed
1528285349671/1528285529704/1528288103527,launched
1528285349671/1528285529704/1528288103527,experienced
1528285349671/1528285529704/1528288103527,attempted
1528285349671/1528285529704/1528288103527,completed
1528285349671/1528285533432/1528286915400,launched
1528285349671/1528285533432/1528286915400,experienced
1528285349671/1528285533432/1528286915400,attempted
1528285349671/1528285533432/1528286915400,completed
1528285349671/1528285533432/1528286925051,launched
1528285349671/1528285533432/1528286925051,experienced
1528285349671/1528285533432/1528286925051,attempted
1528285349671/1528285533432/1528286925051,completed
1528285349671/1528285533432/1528286931861,launched
1528285349671/1528285533432/1528286931861,experienced
1528285349671/1528285533432/1528286931861,attempted
1528285349671/1528285533432/1528286931861,completed
1528285349671/1528285533432/1528286943957,launched
1528285349671/1528285533432/1528286943957,experienced
1528285349671/1528285533432/1528286943957,attempted
1528285349671/1528285533432/1528286943957,completed
1528285349671/1528285533432/1528286951966,launched
1528285349671/1528285533432/1528286951966,experienced
1528285349671/1528285533432/1528286951966,attempted
1528285349671/1528285533432/1528286951966,completed
1528285349671/1528285533432/1528286955442,launched
1528285349671/1528285533432/1528286955442,experienced
1528285349671/1528285533432/1528286955442,attempted
1528285349671/1528285533432/1528286955442,completed
1528285356402/1528285551629/1528287343490,launched
1528285356402/1528285551629/1528287343490,experienced
1528285356402/1528285551629/1528287343490,attempted
1528285356402/1528285551629/1528287343490,completed
1528285356402/1528285551629/1528287362601,launched
1528285356402/1528285551629/1528287362601,experienced
1528285356402/1528285551629/1528287362601,attempted
1528285356402/1528285551629/1528287362601,completed
1528285356402/1528285551629/1528287372604,launched
1528285356402/1528285551629/1528287372604,experienced
1528285356402/1528285551629/1528287372604,attempted
1528285356402/1528285551629/1528287372604,completed
1528285356402/1528285551629/1528287388828,launched
1528285356402/1528285551629/1528287388828,experienced
1528285356402/1528285551629/1528287388828,attempted
1528285356402/1528285551629/1528287388828,completed
1528285356402/1528285551629/1528287395523,launched
1528285356402/1528285551629/1528287395523,experienced
1528285356402/1528285551629/1528287395523,attempted
1528285356402/1528285551629/1528287395523,completed
1528285356402/1528285554297/1528287470027,launched
1528285356402/1528285554297/1528287470027,experienced
1528285356402/1528285554297/1528287470027,attempted
1528285356402/1528285554297/1528287470027,completed
1528285356402/1528285554297/1528287482846,launched
1528285356402/1528285554297/1528287482846,experienced
1528285356402/1528285554297/1528287482846,attempted
1528285356402/1528285554297/1528287482846,completed
1528285356402/1528285554297/1528287501364,launched
1528285356402/1528285554297/1528287501364,experienced
1528285356402/1528285554297/1528287501364,attempted
1528285356402/1528285554297/1528287501364,completed
1528285356402/1528285554297/1528287523689,launched
1528285356402/1528285554297/1528287523689,experienced
1528285356402/1528285554297/1528287523689,attempted
1528285356402/1528285554297/1528287523689,completed
1528285356402/1528285554297/1528287542928,launched
1528285356402/1528285554297/1528287542928,experienced
1528285356402/1528285554297/1528287542928,attempted
1528285356402/1528285554297/1528287542928,completed
1528285356402/1528285556194/1528287560981,launched
1528285356402/1528285556194/1528287560981,experienced
1528285356402/1528285556194/1528287560981,attempted
1528285356402/1528285556194/1528287560981,completed
1528285356402/1528285556194/1528287568937,launched
1528285356402/1528285556194/1528287568937,experienced
1528285356402/1528285556194/1528287568937,attempted
1528285356402/1528285556194/1528287568937,completed
1528285356402/1528285556194/1528287580500,launched
1528285356402/1528285556194/1528287580500,experienced
1528285356402/1528285556194/1528287580500,attempted
1528285356402/1528285556194/1528287580500,completed
1528285356402/1528285556194/1528287589586,launched
1528285356402/1528285556194/1528287589586,experienced
1528285356402/1528285556194/1528287589586,attempted
1528285356402/1528285556194/1528287589586,completed
1528285356402/1528285556194/1528287604140,launched
1528285356402/1528285556194/1528287604140,experienced
1528285356402/1528285556194/1528287604140,attempted
1528285356402/1528285556194/1528287604140,completed
1528285356402/1528285558562/1528286753830,launched
1528285356402/1528285558562/1528286753830,experienced
1528285356402/1528285558562/1528286753830,attempted
1528285356402/1528285558562/1528286753830,completed
1528285356402/1528285558562/1528286762620,launched
1528285356402/1528285558562/1528286762620,experienced
1528285356402/1528285558562/1528286762620,attempted
1528285356402/1528285558562/1528286762620,completed
1528285356402/1528285558562/1528286772512,launched
1528285356402/1528285558562/1528286772512,experienced
1528285356402/1528285558562/1528286772512,attempted
1528285356402/1528285558562/1528286772512,completed
1528285356402/1528285558562/1528286773602,launched
1528285356402/1528285558562/1528286773602,experienced
1528285356402/1528285558562/1528286773602,attempted
1528285356402/1528285558562/1528286773602,completed
1528285356402/1528285558562/1528286790087,launched
1528285356402/1528285558562/1528286790087,experienced
1528285356402/1528285558562/1528286790087,attempted
1528285356402/1528285558562/1528286790087,completed
1528285356402/1528285558562/1528286790719,launched
1528285356402/1528285558562/1528286790719,experienced
1528285356402/1528285558562/1528286790719,attempted
1528285356402/1528285558562/1528286790719,completed
1528285356402/1528285562605/1528287623230,launched
1528285356402/1528285562605/1528287623230,experienced
1528285356402/1528285562605/1528287623230,attempted
1528285356402/1528285562605/1528287623230,completed
1528285356402/1528285562605/1528287632355,launched
1528285356402/1528285562605/1528287632355,experienced
1528285356402/1528285562605/1528287632355,attempted
1528285356402/1528285562605/1528287632355,completed
1528285356402/1528285562605/1528287644468,launched
1528285356402/1528285562605/1528287644468,experienced
1528285356402/1528285562605/1528287644468,attempted
1528285356402/1528285562605/1528287644468,completed
1528285356402/1528285562605/1528287658103,launched
1528285356402/1528285562605/1528287658103,experienced
1528285356402/1528285562605/1528287658103,attempted
1528285356402/1528285562605/1528287658103,completed
1528285356402/1528285562605/1528287668756,launched
1528285356402/1528285562605/1528287668756,experienced
1528285356402/1528285562605/1528287668756,attempted
1528285356402/1528285562605/1528287668756,completed
1529663880740/1541999551778/1541999695745,launched
1529663880740/1541999551778/1541999695745,experienced
1529663880740/1541999551778/1541999695745,attempted
1529663880740/1541999551778/1541999695745,completed
1529663880740/1541999551778/1541999699664,launched
1529663880740/1541999551778/1541999699664,experienced
1529663880740/1541999551778/1541999699664,attempted
1529663880740/1541999551778/1541999699664,completed
1529663880740/1541999551778/1541999703573,launched
1529663880740/1541999551778/1541999703573,experienced
1529663880740/1541999551778/1541999703573,attempted
1529663880740/1541999551778/1541999703573,completed
1529663880740/1541999551778/1541999725913,launched
1529663880740/1541999551778/1541999725913,experienced
1529663880740/1541999551778/1541999725913,attempted
1529663880740/1541999551778/1541999725913,completed
1529663880740/1541999551778/1541999732574,launched
1529663880740/1541999551778/1541999732574,experienced
1529663880740/1541999551778/1541999732574,attempted
1529663880740/1541999551778/1541999732574,completed
1529663880740/1541999552284/1541999570865,launched
1529663880740/1541999552284/1541999570865,experienced
1529663880740/1541999552284/1541999570865,attempted
1529663880740/1541999552284/1541999570865,completed
1529663880740/1541999552284/1541999591732,launched
1529663880740/1541999552284/1541999591732,experienced
1529663880740/1541999552284/1541999591732,attempted
1529663880740/1541999552284/1541999591732,completed
1529663880740/1541999552284/1541999613896,launched
1529663880740/1541999552284/1541999613896,experienced
1529663880740/1541999552284/1541999613896,attempted
1529663880740/1541999552284/1541999613896,completed
1529663880740/1541999552284/1541999618850,launched
1529663880740/1541999552284/1541999618850,experienced
1529663880740/1541999552284/1541999618850,attempted
1529663880740/1541999552284/1541999618850,completed
1529663880740/1541999552284/1541999635604,launched
1529663880740/1541999552284/1541999635604,experienced
1529663880740/1541999552284/1541999635604,attempted
1529663880740/1541999552284/1541999635604,completed
1529663880740/1541999559297/1541999790660,launched
1529663880740/1541999559297/1541999790660,experienced
1529663880740/1541999559297/1541999790660,attempted
1529663880740/1541999559297/1541999790660,completed
1529663880740/1541999559297/1541999791724,launched
1529663880740/1541999559297/1541999791724,experienced
1529663880740/1541999559297/1541999791724,attempted
1529663880740/1541999559297/1541999791724,completed
1529663880740/1541999559297/1541999800713,launched
1529663880740/1541999559297/1541999800713,experienced
1529663880740/1541999559297/1541999800713,attempted
1529663880740/1541999559297/1541999800713,completed
1529663880740/1541999559297/1541999812623,launched
1529663880740/1541999559297/1541999812623,experienced
1529663880740/1541999559297/1541999812623,attempted
1529663880740/1541999559297/1541999812623,completed
1529663880740/1541999559297/1541999822758,launched
1529663880740/1541999559297/1541999822758,experienced
1529663880740/1541999559297/1541999822758,attempted
1529663880740/1541999559297/1541999822758,completed
1529663880740/1541999561567/1541999897045,launched
1529663880740/1541999561567/1541999897045,experienced
1529663880740/1541999561567/1541999897045,attempted
1529663880740/1541999561567/1541999897045,completed
1529663880740/1541999561567/1541999909509,launched
1529663880740/1541999561567/1541999909509,experienced
1529663880740/1541999561567/1541999909509,attempted
1529663880740/1541999561567/1541999909509,completed
1529663880740/1541999561567/1541999914815,launched
1529663880740/1541999561567/1541999914815,experienced
1529663880740/1541999561567/1541999914815,attempted
1529663880740/1541999561567/1541999914815,completed
1529663880740/1541999561567/1541999933375,launched
1529663880740/1541999561567/1541999933375,experienced
1529663880740/1541999561567/1541999933375,attempted
1529663880740/1541999561567/1541999933375,completed
1529663880740/1541999561567/1541999947263,launched
1529663880740/1541999561567/1541999947263,experienced
1529663880740/1541999561567/1541999947263,attempted
1529663880740/1541999561567/1541999947263,completed
1529663880740/1541999563930/1541999836913,launched
1529663880740/1541999563930/1541999836913,experienced
1529663880740/1541999563930/1541999836913,attempted
1529663880740/1541999563930/1541999836913,completed
1529663880740/1541999563930/1541999837846,launched
1529663880740/1541999563930/1541999837846,experienced
1529663880740/1541999563930/1541999837846,attempted
1529663880740/1541999563930/1541999837846,completed
1529663880740/1541999563930/1541999843607,launched
1529663880740/1541999563930/1541999843607,experienced
1529663880740/1541999563930/1541999843607,attempted
1529663880740/1541999563930/1541999843607,completed
1529663880740/1541999563930/1541999867733,launched
1529663880740/1541999563930/1541999867733,experienced
1529663880740/1541999563930/1541999867733,attempted
1529663880740/1541999563930/1541999867733,completed
1529663880740/1541999563930/1541999872211,launched
1529663880740/1541999563930/1541999872211,experienced
1529663880740/1541999563930/1541999872211,attempted
1529663880740/1541999563930/1541999872211,completed
1529663888589/1541999960348/1541999985828,launched
1529663888589/1541999960348/1541999985828,experienced
1529663888589/1541999960348/1541999985828,attempted
1529663888589/1541999960348/1541999985828,completed
1529663888589/1541999960348/1541999991348,launched
1529663888589/1541999960348/1541999991348,experienced
1529663888589/1541999960348/1541999991348,attempted
1529663888589/1541999960348/1541999991348,completed
1529663888589/1541999960348/1541999999646,launched
1529663888589/1541999960348/1541999999646,experienced
1529663888589/1541999960348/1541999999646,attempted
1529663888589/1541999960348/1541999999646,completed
1529663888589/1541999960348/1542000011515,launched
1529663888589/1541999960348/1542000011515,experienced
1529663888589/1541999960348/1542000011515,attempted
1529663888589/1541999960348/1542000011515,completed
1529663888589/1541999960348/1542000015390,launched
1529663888589/1541999960348/1542000015390,experienced
1529663888589/1541999960348/1542000015390,attempted
1529663888589/1541999960348/1542000015390,completed
1529663888589/1541999963870/1542000031910,launched
1529663888589/1541999963870/1542000031910,experienced
1529663888589/1541999963870/1542000031910,attempted
1529663888589/1541999963870/1542000031910,completed
1529663888589/1541999963870/1542000037271,launched
1529663888589/1541999963870/1542000037271,experienced
1529663888589/1541999963870/1542000037271,attempted
1529663888589/1541999963870/1542000037271,completed
1529663888589/1541999963870/1542000047245,launched
1529663888589/1541999963870/1542000047245,experienced
1529663888589/1541999963870/1542000047245,attempted
1529663888589/1541999963870/1542000047245,completed
1529663888589/1541999963870/1542000059594,launched
1529663888589/1541999963870/1542000059594,experienced
1529663888589/1541999963870/1542000059594,attempted
1529663888589/1541999963870/1542000059594,completed
1529663888589/1541999963870/1542000076176,launched
1529663888589/1541999963870/1542000076176,experienced
1529663888589/1541999963870/1542000076176,attempted
1529663888589/1541999963870/1542000076176,completed
1529663888589/1541999964462/1542000157188,launched
1529663888589/1541999964462/1542000157188,experienced
1529663888589/1541999964462/1542000157188,attempted
1529663888589/1541999964462/1542000157188,completed
1529663888589/1541999964462/1542000159897,launched
1529663888589/1541999964462/1542000159897,experienced
1529663888589/1541999964462/1542000159897,attempted
1529663888589/1541999964462/1542000159897,completed
1529663888589/1541999964462/1542000177658,launched
1529663888589/1541999964462/1542000177658,experienced
1529663888589/1541999964462/1542000177658,attempted
1529663888589/1541999964462/1542000177658,completed
1529663888589/1541999964462/1542000189060,launched
1529663888589/1541999964462/1542000189060,experienced
1529663888589/1541999964462/1542000189060,attempted
1529663888589/1541999964462/1542000189060,completed
1529663888589/1541999964462/1542000196204,launched
1529663888589/1541999964462/1542000196204,experienced
1529663888589/1541999964462/1542000196204,attempted
1529663888589/1541999964462/1542000196204,completed
1529663888589/1541999965401/1542000102402,launched
1529663888589/1541999965401/1542000102402,experienced
1529663888589/1541999965401/1542000102402,attempted
1529663888589/1541999965401/1542000102402,completed
1529663888589/1541999965401/1542000111021,launched
1529663888589/1541999965401/1542000111021,experienced
1529663888589/1541999965401/1542000111021,attempted
1529663888589/1541999965401/1542000111021,completed
1529663888589/1541999965401/1542000114461,launched
1529663888589/1541999965401/1542000114461,experienced
1529663888589/1541999965401/1542000114461,attempted
1529663888589/1541999965401/1542000114461,completed
1529663888589/1541999965401/1542000134772,launched
1529663888589/1541999965401/1542000134772,experienced
1529663888589/1541999965401/1542000134772,attempted
1529663888589/1541999965401/1542000134772,completed
1529663888589/1541999965401/1542000144245,launched
1529663888589/1541999965401/1542000144245,experienced
1529663888589/1541999965401/1542000144245,attempted
1529663888589/1541999965401/1542000144245,completed
1529663888589/1541999975228/1542000221740,launched
1529663888589/1541999975228/1542000221740,experienced
1529663888589/1541999975228/1542000221740,attempted
1529663888589/1541999975228/1542000221740,completed
1529663888589/1541999975228/1542000231759,launched
1529663888589/1541999975228/1542000231759,experienced
1529663888589/1541999975228/1542000231759,attempted
1529663888589/1541999975228/1542000231759,completed
1529663888589/1541999975228/1542000240686,launched
1529663888589/1541999975228/1542000240686,experienced
1529663888589/1541999975228/1542000240686,attempted
1529663888589/1541999975228/1542000240686,completed
1529663888589/1541999975228/1542000247103,launched
1529663888589/1541999975228/1542000247103,experienced
1529663888589/1541999975228/1542000247103,attempted
1529663888589/1541999975228/1542000247103,completed
1529663888589/1541999975228/1542000251952,launched
1529663888589/1541999975228/1542000251952,experienced
1529663888589/1541999975228/1542000251952,attempted
1529663888589/1541999975228/1542000251952,completed
1529663899444/1542000265617/1542000316538,launched
1529663899444/1542000265617/1542000316538,experienced
1529663899444/1542000265617/1542000316538,attempted
1529663899444/1542000265617/1542000316538,completed
1529663899444/1542000265617/1542000322154,launched
1529663899444/1542000265617/1542000322154,experienced
1529663899444/1542000265617/1542000322154,attempted
1529663899444/1542000265617/1542000322154,completed
1529663899444/1542000265617/1542000337707,launched
1529663899444/1542000265617/1542000337707,experienced
1529663899444/1542000265617/1542000337707,attempted
1529663899444/1542000265617/1542000337707,completed
1529663899444/1542000265617/1542000342032,launched
1529663899444/1542000265617/1542000342032,experienced
1529663899444/1542000265617/1542000342032,attempted
1529663899444/1542000265617/1542000342032,completed
1529663899444/1542000265617/1542000355246,launched
1529663899444/1542000265617/1542000355246,experienced
1529663899444/1542000265617/1542000355246,attempted
1529663899444/1542000265617/1542000355246,completed
1529663899444/1542000267867/1542000368892,launched
1529663899444/1542000267867/1542000368892,experienced
1529663899444/1542000267867/1542000368892,attempted
1529663899444/1542000267867/1542000368892,completed
1529663899444/1542000267867/1542000384182,launched
1529663899444/1542000267867/1542000384182,experienced
1529663899444/1542000267867/1542000384182,attempted
1529663899444/1542000267867/1542000384182,completed
1529663899444/1542000267867/1542000391195,launched
1529663899444/1542000267867/1542000391195,experienced
1529663899444/1542000267867/1542000391195,attempted
1529663899444/1542000267867/1542000391195,completed
1529663899444/1542000267867/1542000403339,launched
1529663899444/1542000267867/1542000403339,experienced
1529663899444/1542000267867/1542000403339,attempted
1529663899444/1542000267867/1542000403339,completed
1529663899444/1542000267867/1542000418046,launched
1529663899444/1542000267867/1542000418046,experienced
1529663899444/1542000267867/1542000418046,attempted
1529663899444/1542000267867/1542000418046,completed
1529663899444/1542000268302/1542000435605,launched
1529663899444/1542000268302/1542000435605,experienced
1529663899444/1542000268302/1542000435605,attempted
1529663899444/1542000268302/1542000435605,completed
1529663899444/1542000268302/1542000446508,launched
1529663899444/1542000268302/1542000446508,experienced
1529663899444/1542000268302/1542000446508,attempted
1529663899444/1542000268302/1542000446508,completed
1529663899444/1542000268302/1542000451816,launched
1529663899444/1542000268302/1542000451816,experienced
1529663899444/1542000268302/1542000451816,attempted
1529663899444/1542000268302/1542000451816,completed
1529663899444/1542000268302/1542000461387,launched
1529663899444/1542000268302/1542000461387,experienced
1529663899444/1542000268302/1542000461387,attempted
1529663899444/1542000268302/1542000461387,completed
1529663899444/1542000268302/1542000473172,launched
1529663899444/1542000268302/1542000473172,experienced
1529663899444/1542000268302/1542000473172,attempted
1529663899444/1542000268302/1542000473172,completed
1529663899444/1542000274517/1542000500362,launched
1529663899444/1542000274517/1542000500362,experienced
1529663899444/1542000274517/1542000500362,attempted
1529663899444/1542000274517/1542000500362,completed
1529663899444/1542000274517/1542000504863,launched
1529663899444/1542000274517/1542000504863,experienced
1529663899444/1542000274517/1542000504863,attempted
1529663899444/1542000274517/1542000504863,completed
1529663899444/1542000274517/1542000519143,launched
1529663899444/1542000274517/1542000519143,experienced
1529663899444/1542000274517/1542000519143,attempted
1529663899444/1542000274517/1542000519143,completed
1529663899444/1542000274517/1542000526226,launched
1529663899444/1542000274517/1542000526226,experienced
1529663899444/1542000274517/1542000526226,attempted
1529663899444/1542000274517/1542000526226,completed
1529663899444/1542000274517/1542000534108,launched
1529663899444/1542000274517/1542000534108,experienced
1529663899444/1542000274517/1542000534108,attempted
1529663899444/1542000274517/1542000534108,completed
1529663899444/1542000282459/1542000553338,launched
1529663899444/1542000282459/1542000553338,experienced
1529663899444/1542000282459/1542000553338,attempted
1529663899444/1542000282459/1542000553338,completed
1529663899444/1542000282459/1542000573298,launched
1529663899444/1542000282459/1542000573298,experienced
1529663899444/1542000282459/1542000573298,attempted
1529663899444/1542000282459/1542000573298,completed
1529663899444/1542000282459/1542000577132,launched
1529663899444/1542000282459/1542000577132,experienced
1529663899444/1542000282459/1542000577132,attempted
1529663899444/1542000282459/1542000577132,completed
1529663899444/1542000282459/1542000586671,launched
1529663899444/1542000282459/1542000586671,experienced
1529663899444/1542000282459/1542000586671,attempted
1529663899444/1542000282459/1542000586671,completed
1529663899444/1542000282459/1542000598836,launched
1529663899444/1542000282459/1542000598836,experienced
1529663899444/1542000282459/1542000598836,attempted
1529663899444/1542000282459/1542000598836,completed
1529663905464/1542000615077/1542000637951,launched
1529663905464/1542000615077/1542000637951,experienced
1529663905464/1542000615077/1542000637951,attempted
1529663905464/1542000615077/1542000637951,completed
1529663905464/1542000615077/1542000648865,launched
1529663905464/1542000615077/1542000648865,experienced
1529663905464/1542000615077/1542000648865,attempted
1529663905464/1542000615077/1542000648865,completed
1529663905464/1542000615077/1542000662905,launched
1529663905464/1542000615077/1542000662905,experienced
1529663905464/1542000615077/1542000662905,attempted
1529663905464/1542000615077/1542000662905,completed
1529663905464/1542000615077/1542000677049,launched
1529663905464/1542000615077/1542000677049,experienced
1529663905464/1542000615077/1542000677049,attempted
1529663905464/1542000615077/1542000677049,completed
1529663905464/1542000615077/1542000690133,launched
1529663905464/1542000615077/1542000690133,experienced
1529663905464/1542000615077/1542000690133,attempted
1529663905464/1542000615077/1542000690133,completed
1529663905464/1542000617280/1542000706343,launched
1529663905464/1542000617280/1542000706343,experienced
1529663905464/1542000617280/1542000706343,attempted
1529663905464/1542000617280/1542000706343,completed
1529663905464/1542000617280/1542000723755,launched
1529663905464/1542000617280/1542000723755,experienced
1529663905464/1542000617280/1542000723755,attempted
1529663905464/1542000617280/1542000723755,completed
1529663905464/1542000617280/1542000735795,launched
1529663905464/1542000617280/1542000735795,experienced
1529663905464/1542000617280/1542000735795,attempted
1529663905464/1542000617280/1542000735795,completed
1529663905464/1542000617280/1542000751564,launched
1529663905464/1542000617280/1542000751564,experienced
1529663905464/1542000617280/1542000751564,attempted
1529663905464/1542000617280/1542000751564,completed
1529663905464/1542000617280/1542000758058,launched
1529663905464/1542000617280/1542000758058,experienced
1529663905464/1542000617280/1542000758058,attempted
1529663905464/1542000617280/1542000758058,completed
1529663905464/1542000617994/1542000776719,launched
1529663905464/1542000617994/1542000776719,experienced
1529663905464/1542000617994/1542000776719,attempted
1529663905464/1542000617994/1542000776719,completed
1529663905464/1542000617994/1542000780021,launched
1529663905464/1542000617994/1542000780021,experienced
1529663905464/1542000617994/1542000780021,attempted
1529663905464/1542000617994/1542000780021,completed
1529663905464/1542000617994/1542000792307,launched
1529663905464/1542000617994/1542000792307,experienced
1529663905464/1542000617994/1542000792307,attempted
1529663905464/1542000617994/1542000792307,completed
1529663905464/1542000617994/1542000801012,launched
1529663905464/1542000617994/1542000801012,experienced
1529663905464/1542000617994/1542000801012,attempted
1529663905464/1542000617994/1542000801012,completed
1529663905464/1542000617994/1542000801588,launched
1529663905464/1542000617994/1542000801588,experienced
1529663905464/1542000617994/1542000801588,attempted
1529663905464/1542000617994/1542000801588,completed
1529663905464/1542000623874/1542000821510,launched
1529663905464/1542000623874/1542000821510,experienced
1529663905464/1542000623874/1542000821510,attempted
1529663905464/1542000623874/1542000821510,completed
1529663905464/1542000623874/1542000827619,launched
1529663905464/1542000623874/1542000827619,experienced
1529663905464/1542000623874/1542000827619,attempted
1529663905464/1542000623874/1542000827619,completed
1529663905464/1542000623874/1542000846426,launched
1529663905464/1542000623874/1542000846426,experienced
1529663905464/1542000623874/1542000846426,attempted
1529663905464/1542000623874/1542000846426,completed
1529663905464/1542000623874/1542000855364,launched
1529663905464/1542000623874/1542000855364,experienced
1529663905464/1542000623874/1542000855364,attempted
1529663905464/1542000623874/1542000855364,completed
1529663905464/1542000623874/1542000861792,launched
1529663905464/1542000623874/1542000861792,experienced
1529663905464/1542000623874/1542000861792,attempted
1529663905464/1542000623874/1542000861792,completed
1529663905464/1542000635485/1542000873261,launched
1529663905464/1542000635485/1542000873261,experienced
1529663905464/1542000635485/1542000873261,attempted
1529663905464/1542000635485/1542000873261,completed
1529663905464/1542000635485/1542000888277,launched
1529663905464/1542000635485/1542000888277,experienced
1529663905464/1542000635485/1542000888277,attempted
1529663905464/1542000635485/1542000888277,completed
1529663905464/1542000635485/1542000892214,launched
1529663905464/1542000635485/1542000892214,experienced
1529663905464/1542000635485/1542000892214,attempted
1529663905464/1542000635485/1542000892214,completed
1529663905464/1542000635485/1542000913332,launched
1529663905464/1542000635485/1542000913332,experienced
1529663905464/1542000635485/1542000913332,attempted
1529663905464/1542000635485/1542000913332,completed
1529663905464/1542000635485/1542000914407,launched
1529663905464/1542000635485/1542000914407,experienced
1529663905464/1542000635485/1542000914407,attempted
1529663905464/1542000635485/1542000914407,completed
