1591701506515/1591701516122/1592290727442,launched
1591701506515/1591701516122/1592290727442,submitted
1591701506515/1591701516122/1592290727442,closed
1591682031312/1591682585541/1592290089703,launched
1591682031312/1591682585541/1592290089703,submitted
1591682031312/1591682585541/1592290089703,closed
1591699076637/1591699159245/1592290677943,launched
1591699076637/1591699159245/1592290677943,submitted
1591699076637/1591699159245/1592290677943,closed
1591696007973/1591696666059/1592290303751,launched
1591696007973/1591696666059/1592290303751,submitted
1591696007973/1591696666059/1592290303751,closed