1544524003551/1544524931533/1544525003248,launched
1544524003551/1544524931533/1544525003248,submitted
1544524003551/1544524931533/1544525003248,closed
1544525043137/1544525315294/1544525449547,launched
1544525043137/1544525315294/1544525449547,submitted
1544525043137/1544525315294/1544525449547,closed
1544525043137/1544525454343/1544525538893,launched
1544525043137/1544525454343/1544525538893,submitted
1544525043137/1544525454343/1544525538893,closed
1544525590768/1544525949110/1544526094062,launched
1544525590768/1544525949110/1544526094062,submitted
1544525590768/1544525949110/1544526094062,closed
