1544526345845/1544526961740/1544527585431,launched
1544526345845/1544526961740/1544527585431,experienced
1544526345845/1544526961740/1544527585431,submitted
1544526345845/1544526961740/1544527585431,closed
1544526345845/1544528319371/1544528402616,launched
1544526345845/1544528319371/1544528402616,experienced
1544526345845/1544528319371/1544528402616,submitted
1544526345845/1544528319371/1544528402616,closed
1544591089661/1544591412698/1544591582869,launched
1544591089661/1544591412698/1544591582869,experienced
1544591089661/1544591412698/1544591582869,submitted
1544591089661/1544591412698/1544591582869,closed
1544591089661/1544591602655/1544591685696,launched
1544591089661/1544591602655/1544591685696,experienced
1544591089661/1544591602655/1544591685696,submitted
1544591089661/1544591602655/1544591685696,closed
1544591751639/1544591989858/1544592139063,launched
1544591751639/1544591989858/1544592139063,experienced
1544591751639/1544591989858/1544592139063,submitted
1544591751639/1544591989858/1544592139063,closed
1544591751639/1544592145731/1544592236677,launched
1544591751639/1544592145731/1544592236677,experienced
1544591751639/1544592145731/1544592236677,submitted
1544591751639/1544592145731/1544592236677,closed
1544592286221/1544592520233/1544592607117,launched
1544592286221/1544592520233/1544592607117,experienced
1544592286221/1544592520233/1544592607117,submitted
1544592286221/1544592520233/1544592607117,closed
1544592286221/1544592623523/1544592695775,launched
1544592286221/1544592623523/1544592695775,experienced
1544592286221/1544592623523/1544592695775,submitted
1544592286221/1544592623523/1544592695775,closed
1544592857014/1544593585947/1544593695538,launched
1544592857014/1544593585947/1544593695538,experienced
1544592857014/1544593585947/1544593695538,submitted
1544592857014/1544593585947/1544593695538,closed
1544592857014/1544593703192/1544593783453,launched
1544592857014/1544593703192/1544593783453,experienced
1544592857014/1544593703192/1544593783453,submitted
1544592857014/1544593703192/1544593783453,closed