extuserid,groupid,tchextuserid
std_1692382906649_25,cdbddda4-70d0-48a1-95ab-4b58984bbfcd,tch_20230818-233633_25
std_1692382805723_27,ea932f0b-63aa-479d-b6e7-9883c3ebcd4c,tch_20230818-233633_27
std_1692382923542_26,0c4a3450-3b47-4c9c-9313-58202917d9ed,tch_20230818-233633_26
std_1692382703799_28,c77daf65-cef4-4ea6-9a5f-0c5d831d07f7,tch_20230818-233633_28
std_1692382718127_29,777f688b-281c-459e-9d21-60a771456c82,tch_20230818-233633_29
std_1692383024836_24,9be49cdc-3042-4631-b15c-b83af02ec924,tch_20230818-233633_24
std_1692383042284_25,cfc7cf26-c5d5-49ff-ad5f-7268f271c484,tch_20230818-233633_25
std_1692382942694_27,6d1548b9-0187-4f52-a71f-844723d5e839,tch_20230818-233633_27
std_1692383055707_26,ad010cce-c472-40f3-92f2-e7bb31eb1427,tch_20230818-233633_26
std_1692382835528_28,92d48fa3-2fd2-4e60-b9ab-f692954d8846,tch_20230818-233633_28
std_1692382848509_29,adba8255-cc39-4f25-aa43-35d4065cb8cd,tch_20230818-233633_29
std_1692383069654_27,c6eecc42-77c7-4afb-a780-08f3d6998075,tch_20230818-233633_27
std_1692382734561_30,c5952e31-f31f-4459-b79b-96f8ccd9296e,tch_20230818-233633_30
std_1692382760460_31,3c3f24d0-d53b-45b2-b97c-db7e64a26351,tch_20230818-233633_31
std_1692382974692_28,56151eac-1f50-47ae-8b24-001bbd4c3e70,tch_20230818-233633_28
std_1692382987005_29,d41cb29b-58ad-42bd-861b-b991bd756afd,tch_20230818-233633_29
std_1692382870617_30,24f33779-5740-4b4c-8c3e-c21def2aa559,tch_20230818-233633_30
std_1692382893283_31,f73f6289-e674-406f-95c1-25808d48de68,tch_20230818-233633_31
std_1692382780167_32,61cf464e-7e1c-4462-8d11-05fd06f546d8,tch_20230818-233633_32
std_1692383106097_28,e7c9628f-8359-4fad-a5d3-4839336b1dc3,tch_20230818-233633_28
std_1692383112912_29,326c2b3a-45ce-44ad-bc8a-7fd07d9e500d,tch_20230818-233633_29
std_1692383002782_30,bac3940d-09e5-4b3c-a2a6-5c0ce146b2d2,tch_20230818-233633_30
std_1692383027269_31,2f22c806-aca3-46c0-a64e-1c5873d42ccf,tch_20230818-233633_31
std_1692382804681_33,1cf8ef9b-6da6-47d6-87ed-98c2c697ebe7,tch_20230818-233633_33
std_1692382917879_32,3306c31c-1afb-4c74-968b-f5c150c598da,tch_20230818-233633_32
std_1692382817690_34,3fc7f379-02c5-46b3-843a-d3e2b6a93b26,tch_20230818-233633_34
std_1692383142606_30,95d5bdda-0cd2-41c0-8e49-7e8394888425,tch_20230818-233633_30
std_1692382836108_35,764c97c9-c99e-4245-945b-33308aba8c32,tch_20230818-233633_35
std_1692382936225_33,cfa7073a-afa7-4b4e-9aae-112c755e01f0,tch_20230818-233633_33
std_1692383154189_31,ff298082-1c09-46f5-8704-1afd5a14b813,tch_20230818-233633_31
std_1692383048862_32,36131b70-b64b-4e07-9333-1f9f24d6dd08,tch_20230818-233633_32
std_1692382944551_34,fb3b3bee-7999-42d5-968c-8dd47ee1c80e,tch_20230818-233633_34
std_1692382970212_35,954c7c3d-98ba-43ea-bd17-e3d6836ae262,tch_20230818-233633_35
std_1692382858557_36,8dbbe788-7fe8-4d97-be7b-831989b936ff,tch_20230818-233633_36
std_1692383072551_33,c8374b2e-bd70-4490-b30b-74a9e932eb94,tch_20230818-233633_33
std_1692383182284_32,4837a4b9-aa3f-468b-8518-7bb70f393299,tch_20230818-233633_32
std_1692383075834_34,6e71b305-a2cb-438c-8b6f-85f7dbb09646,tch_20230818-233633_34
std_1692382882200_37,226543ce-815b-4c63-9ecd-b02728ade14b,tch_20230818-233633_37
std_1692383104310_35,8fc09ef8-0208-4b70-be3c-6117ba4a0516,tch_20230818-233633_35
std_1692382991066_36,6ab8454f-51b3-4a2b-84a4-95978c7cee18,tch_20230818-233633_36
std_1692383202006_33,15bb9e33-a651-4feb-873a-4660560560c6,tch_20230818-233633_33
std_1692383214537_34,6a8d8c9c-21b0-4b1b-b464-7290ab89886e,tch_20230818-233633_34
std_1692383018700_37,e88ad431-dbe0-4543-a32c-3000822f02e8,tch_20230818-233633_37
std_1692382915887_39,09513eb1-d633-47bd-9683-ebe0c7e13e0a,tch_20230818-233633_39
std_1692383233522_35,bda70072-0834-4d3a-8e86-5fa78c85e30e,tch_20230818-233633_35
std_1692382897812_38,c4d35b30-1c86-4ff5-97fd-1859d4448d7f,tch_20230818-233633_38
std_1692383122380_36,63f9308c-0537-4f4a-9ef5-eca0ed19e670,tch_20230818-233633_36
std_1692383144915_37,9d146676-56af-4a30-a213-bea79931d1b0,tch_20230818-233633_37
std_1692383036637_38,f71d2ad9-54a8-4fe6-8314-fc7405c39790,tch_20230818-233633_38
std_1692383047616_39,8b558155-120f-487d-8c6e-964ef33fb795,tch_20230818-233633_39
std_1692383253049_36,12ffbdfe-61ab-462a-9d56-7ab0406f4d08,tch_20230818-233633_36
std_1692382963628_41,1bb9eb1d-7089-45f2-b0ae-687d10f36910,tch_20230818-233633_41
std_1692383272212_37,6e53519b-c6ec-4861-aa84-5606e4f491fe,tch_20230818-233633_37
std_1692383172759_39,596e0516-d393-47fd-93d7-7cb4d0328fec,tch_20230818-233633_39
std_1692382945864_40,6675f2b0-2589-44ae-8422-f91c8e429da2,tch_20230818-233633_40
std_1692383170278_38,0032f646-ca30-474d-bf49-866b834c5af9,tch_20230818-233633_38
std_1692382973498_42,efb5a8db-a48d-4ad5-8ce6-bd53547fed89,tch_20230818-233633_42
std_1692383095306_41,91f16c26-5d09-4c6b-8f21-8400ff0b2970,tch_20230818-233633_41
std_1692383303147_39,8b05b271-7355-474f-8fe2-db59a33a6681,tch_20230818-233633_39
std_1692383076990_40,f3a9377f-b173-4dbf-b033-0a7c18abfcf4,tch_20230818-233633_40
std_1692383308365_38,acad5a94-b8c5-48f6-8ad8-6a640618e71d,tch_20230818-233633_38
std_1692382999302_43,1e307ed5-0394-4357-ba03-0fb100df818a,tch_20230818-233633_43
std_1692383105766_42,8adb4cb9-fcd8-4834-9cbd-4e0d589ac88c,tch_20230818-233633_42
std_1692383226648_41,15ad3547-3be4-4de7-a74d-b6aaccd5ba52,tch_20230818-233633_41
std_1692383217067_40,7d3e28c7-9f12-46c5-b03e-81aca73c57ca,tch_20230818-233633_40
std_1692383023000_44,68cf76b9-5a43-439b-8578-e5e9359f34d1,tch_20230818-233633_44
std_1692383129079_43,3381fd4a-36a3-4adb-8884-9f18620834d5,tch_20230818-233633_43
std_1692383244226_42,a7a6f234-9cee-4f9b-a3bc-a70d55a2ccfc,tch_20230818-233633_42
std_1692383353539_41,d62059f7-21e0-414d-b21b-134870fa763e,tch_20230818-233633_41
std_1692383356067_40,98950836-df94-42f5-90db-ff5f761ec63c,tch_20230818-233633_40
std_1692383041078_45,6811d91f-8be4-4b70-88ee-277970bd0c28,tch_20230818-233633_45
std_1692383258344_43,471b70fd-ee4d-4fea-ab62-5015c798885a,tch_20230818-233633_43
std_1692383151850_44,ae65101b-b145-49bf-a384-023360e4592c,tch_20230818-233633_44
std_1692383372010_42,0699673f-3a4f-4527-9f72-29e9030f1890,tch_20230818-233633_42
std_1692383059408_46,c2bd48d0-9141-4e97-8998-cab61061ea3b,tch_20230818-233633_46
std_1692383074718_47,4cb03bfa-3f8b-4eb0-800e-e5956804a1af,tch_20230818-233633_47
std_1692383169961_45,c0f1f01f-e44d-4020-bfe8-3f21d6cb8d08,tch_20230818-233633_45
std_1692383395901_43,e44e62b6-bd80-47e4-a690-8a93e1f28cf7,tch_20230818-233633_43
std_1692383290983_44,132f8db7-d813-4cf5-a635-60561ed0cfb5,tch_20230818-233633_44
std_1692383094660_48,1ba538c6-b38c-445c-ac15-e09a5367350b,tch_20230818-233633_48
std_1692383194162_46,6d09df06-7c42-4e59-bea5-f90d6103c93f,tch_20230818-233633_46
std_1692383207616_47,1570e420-8b1f-49d4-b882-f825c4ae06fe,tch_20230818-233633_47
std_1692383302217_45,434458ec-ce1d-42f8-b128-df029c4fbba0,tch_20230818-233633_45
std_1692383421163_44,d104e802-f474-481b-9c37-2e0dc6f59bf4,tch_20230818-233633_44
std_1692383215857_48,f72f08c4-7762-4b6c-853b-1cc046611183,tch_20230818-233633_48
std_1692383332209_46,c7d3fd10-519a-4008-bb0b-f685cbf15f2e,tch_20230818-233633_46
std_1692383337086_47,603576f1-ae95-416c-9a6b-ecd08515b7f7,tch_20230818-233633_47
std_1692383440972_45,3fc8ed5c-5ecb-4b65-a0a5-abf4f62ebc70,tch_20230818-233633_45
std_1692383125586_49,87471c19-10fd-4661-9919-06c6bd9ba885,tch_20230818-233633_49
std_1692383153274_51,7173d93b-c259-4217-bde2-e2549289e980,tch_20230818-233633_51
std_1692383138977_50,22e89c5d-c503-45dc-8025-5233e78d2023,tch_20230818-233633_50
std_1692383349955_48,9b17a7c5-c02f-4ef8-ad34-25b25b2dc522,tch_20230818-233633_48
std_1692383464295_47,08b5eded-a4b3-42ba-9fbf-abc78a6012d7,tch_20230818-233633_47
std_1692383468024_46,49eb53e6-9f95-4bf5-b18d-2dcdf5c75c56,tch_20230818-233633_46
std_1692383278028_51,2c267a22-1f28-492e-b228-1537ac3795d3,tch_20230818-233633_51
std_1692383257014_49,7c5ab742-0589-4b39-993f-6a6d1a0c6e5c,tch_20230818-233633_49
std_1692383272169_50,30f7a92b-f862-406d-b5bc-9a713e4e72bf,tch_20230818-233633_50
std_1692383483510_48,6f66c9e4-b8ea-4448-9b07-904157fb4eef,tch_20230818-233633_48
std_1692383179460_52,7d288de3-8363-4837-9730-2d9d74e1814b,tch_20230818-233633_52
std_1692383404110_51,f140d4e9-8953-448a-8de9-d5190334401f,tch_20230818-233633_51
std_1692383396092_49,320e9355-98c5-47d2-ac36-4461cfef2fb2,tch_20230818-233633_49
std_1692383407200_50,ce01e3f6-9064-46ff-a793-e61ef536ccc4,tch_20230818-233633_50
std_1692383318701_52,2fd9915d-14e8-4a60-ad7f-97c64545f9e4,tch_20230818-233633_52
std_1692383529956_49,61983b44-80c2-4be6-98c5-86dddad5d85c,tch_20230818-233633_49
std_1692383528868_51,024eaeaf-587e-4a41-88e2-fdcca93141f2,tch_20230818-233633_51
std_1692383202984_53,12e21a05-18fd-4367-94d2-b07e7949c300,tch_20230818-233633_53
std_1692383541324_50,d5f5559e-942e-4e12-81de-08b1c1bad8a4,tch_20230818-233633_50
std_1692383445911_52,06aa9af4-ff8a-4d8b-a975-b1554966dce6,tch_20230818-233633_52
std_1692383339546_53,d030a829-1f97-4fe3-8ec2-75fd4cd38361,tch_20230818-233633_53
std_1692383223669_54,f46d05f7-0527-49d8-a82b-ea09282f9372,tch_20230818-233633_54
std_1692383242237_55,f0e2631a-7aa9-4aab-9873-42dd2e292fbf,tch_20230818-233633_55
std_1692383573509_52,0e46c825-de5e-48fe-bfa2-74ccfc79bb38,tch_20230818-233633_52
std_1692383259566_56,5808cc21-42d8-4bf7-a8dc-b18c4142b637,tch_20230818-233633_56
std_1692383476180_53,78b8607e-c8b7-43a7-aaae-a1946449c7ba,tch_20230818-233633_53
std_1692383357348_54,7bd25cb7-feb1-4334-8483-05d185071bb6,tch_20230818-233633_54
std_1692383379600_55,b7392d2e-049d-4bb8-b6a8-f52a0d194237,tch_20230818-233633_55
std_1692383396272_56,4e2ed5a0-8a1a-4a45-81db-a9a0d6e8f0b0,tch_20230818-233633_56
std_1692383607820_53,15fc6f54-ef4d-4e4a-930e-5eb4154df96f,tch_20230818-233633_53
std_1692383493834_54,6522fc1e-1f02-40e6-9c88-9c7af7789aa6,tch_20230818-233633_54
std_1692383515173_55,eeb2f0f6-84c6-4542-b04b-8d9d95952d76,tch_20230818-233633_55
std_1692383303658_58,49c90112-b754-4d8d-bd2b-0e0b994038e3,tch_20230818-233633_58
std_1692383284026_57,aef2fa00-1b83-46dc-b5a0-9c023176a7c9,tch_20230818-233633_57
std_1692383531401_56,b75e3ee2-6794-40b0-9cbb-76cdfea7a752,tch_20230818-233633_56
std_1692383634470_54,8399b0de-8e0c-4508-a1d5-e68bcb683424,tch_20230818-233633_54
std_1692383319557_59,5a30ebb7-97d5-4961-952b-afac5332966d,tch_20230818-233633_59
std_1692383638978_55,7626c44f-423d-4aa3-85e9-badc7ae8e1eb,tch_20230818-233633_55
std_1692383434610_58,ba7489cf-75d4-4c06-8428-8bfb0216c329,tch_20230818-233633_58
std_1692383422422_57,3d257186-422a-446d-9f0f-1812765f2334,tch_20230818-233633_57
std_1692383657001_56,1b6bb978-d468-4658-91a3-99e0fc8b9d24,tch_20230818-233633_56
std_1692383447511_59,e8a54deb-c756-436c-aab7-7bb5ddeafcff,tch_20230818-233633_59
std_1692383569576_58,f44fcc81-7da7-4e96-bdca-28c6f7d330ae,tch_20230818-233633_58
std_1692383560292_57,4ed6ed82-c50d-4edd-b3dd-e2aaf919c745,tch_20230818-233633_57
std_1692383340519_60,8c28c4b4-2a95-4069-bbf8-1f4cdf473017,tch_20230818-233633_60
std_1692383583073_59,322a4e6f-6ae6-4ae5-a7ee-1903b9727e30,tch_20230818-233633_59
std_1692383699975_58,4d1bf88d-5d21-41a5-87cb-a6df2dcb9edd,tch_20230818-233633_58
std_1692383368072_61,4f1782d8-945b-45b7-8395-29ca9b083f7c,tch_20230818-233633_61
std_1692383700731_57,55662378-ba7f-4e89-acb0-96630175e1f7,tch_20230818-233633_57
std_1692383478089_60,71c60736-cd26-4afa-877c-7c100c4069ff,tch_20230818-233633_60
std_1692383377200_62,1c1f1fcc-133d-4c11-ae73-da11a9446b43,tch_20230818-233633_62
std_1692383716063_59,d969ba92-fa48-4471-ac76-52e1a4cfa8a0,tch_20230818-233633_59
std_1692383397738_63,7e73bf56-375d-4371-a236-6514492420d0,tch_20230818-233633_63
std_1692383505069_61,e5ed85d8-4069-4c14-8244-94594d44ef39,tch_20230818-233633_61
std_1692383607528_60,20b92332-eb2a-4efa-92c6-1a5d987b14f2,tch_20230818-233633_60
std_1692383508871_62,6bda8d53-debc-41d4-996e-a305187745ef,tch_20230818-233633_62
std_1692383423649_64,73445daa-5c5d-4447-9aa7-2f9123ae8090,tch_20230818-233633_64
std_1692383533561_63,d20bd7a4-34b1-4488-9a9a-d60588d0931c,tch_20230818-233633_63
std_1692383642806_61,6d2528b0-13c6-4bf9-bc88-ae09f268b67a,tch_20230818-233633_61
std_1692383750571_60,ce865a30-f116-4efe-8dbd-e58888ed49ed,tch_20230818-233633_60
std_1692383445048_65,ed528de4-3099-4e9a-bc06-ce1cd9b80e78,tch_20230818-233633_65
std_1692383649987_62,a6155de4-c979-4db5-a855-0fec515e3188,tch_20230818-233633_62
std_1692383666158_63,d11de1a1-5418-42a7-a8e0-e8aed05da420,tch_20230818-233633_63
std_1692383564157_64,47f10bc9-4d2d-49bb-aaa0-841c355942aa,tch_20230818-233633_64
std_1692383777209_61,f0bedb6f-c11d-4b89-8bc9-d396bd81c383,tch_20230818-233633_61
std_1692383466161_66,1f0a9a39-efc6-4e86-b077-a91a4a7c3298,tch_20230818-233633_66
std_1692383786195_62,66860010-d35a-4cc0-ac2b-924148848883,tch_20230818-233633_62
std_1692383576140_65,0ef44797-f2c3-47b9-9b2a-6a12cfff5fbb,tch_20230818-233633_65
std_1692383800691_63,bd2a3d75-cf90-474b-9d5d-4acba0eec427,tch_20230818-233633_63
std_1692383700888_64,43f33c42-0eca-4d9e-8694-6b6cfc609fe4,tch_20230818-233633_64
std_1692383604416_66,df2c578d-66e6-4085-9897-78ca3082af93,tch_20230818-233633_66
std_1692383483473_67,7e3e615d-82de-4e5c-961b-46fda29db425,tch_20230818-233633_67
std_1692383714593_65,3ddd4573-5936-4e6e-9cea-afef772f9e17,tch_20230818-233633_65
std_1692383828663_64,437284f0-f5d5-42c6-b1b0-8b7799a589d7,tch_20230818-233633_64
std_1692383501318_68,225d7615-fbab-49fe-bdf2-96c51a32d852,tch_20230818-233633_68
std_1692383516287_69,acd36eb7-58af-4950-b3d7-2456366a3bcc,tch_20230818-233633_69
std_1692383731147_66,83e21df4-1d62-4338-81c3-3804a0b66fdf,tch_20230818-233633_66
std_1692383618981_67,fb95059f-5298-4f20-ab35-0ce63849e034,tch_20230818-233633_67
std_1692383850896_65,164252fd-565b-4fcc-b29e-2635990a4ad7,tch_20230818-233633_65
std_1692383545070_70,a8672e11-a6a2-4dac-ac70-6979e4893a27,tch_20230818-233633_70
std_1692383633786_68,16373344-c288-4732-b42e-cf446369e5ab,tch_20230818-233633_68
std_1692383862927_66,35078c7c-cfc1-4769-ba6d-c9a902f863da,tch_20230818-233633_66
std_1692383652369_69,f6f7abcf-1736-4677-aa1e-41407b60cc46,tch_20230818-233633_69
std_1692383751434_67,a1e24a53-9b9d-4f10-831b-c304568830dc,tch_20230818-233633_67
std_1692383563747_71,b19d73b8-a3aa-4938-bd33-b57129c3deea,tch_20230818-233633_71
std_1692383675357_70,7edf28bd-446e-4c9a-9203-882997657891,tch_20230818-233633_70
std_1692383773551_68,565cf591-17aa-470c-abd7-d203e02f4bb0,tch_20230818-233633_68
std_1692383781702_69,1d0a1ccb-2bbd-4b7c-9c39-b6dcc12d16cc,tch_20230818-233633_69
std_1692383890153_67,8b8dde4a-6820-4841-9dcd-fb2cef1d210d,tch_20230818-233633_67
std_1692383699708_71,a41fef99-81bb-4bc7-9fdd-5b9a2ae82f56,tch_20230818-233633_71
std_1692383580103_72,037a695e-a9ea-419f-bbef-ade3e878d136,tch_20230818-233633_72
std_1692383803908_70,d75648ae-54f8-42ce-b003-0ef4c34e366d,tch_20230818-233633_70
std_1692383913608_69,a924c9f7-98bf-4889-a758-6dc4acc6c39a,tch_20230818-233633_69
std_1692383912147_68,c0f15616-8085-4a2e-90ea-2b9da6afd2da,tch_20230818-233633_68
std_1692383598546_73,d22d2274-5a83-4323-8e7f-c945e6209c3a,tch_20230818-233633_73
std_1692383822530_71,12837dd8-3cdb-4725-900f-1723cdcf4185,tch_20230818-233633_71
std_1692383935257_70,e66abeaf-bfb0-40c8-b9d0-a4bc587617d0,tch_20230818-233633_70
std_1692383623600_74,340d4941-0b78-4d79-abc3-4ed88fff185e,tch_20230818-233633_74
std_1692383717063_72,c2271a31-5360-4055-b42a-03b1f30d23ac,tch_20230818-233633_72
std_1692383733342_73,343072a6-4f1c-4857-9a4f-86a7332c515a,tch_20230818-233633_73
std_1692383958208_71,e3c76d98-0b73-4829-996d-9519258a24bb,tch_20230818-233633_71
std_1692383850896_72,4601a69e-8a72-4a9c-ad6d-1d5882255ac4,tch_20230818-233633_72
std_1692383751609_74,b5ebf434-5a39-4142-9994-15caebb52990,tch_20230818-233633_74
std_1692383645195_75,68ee1a10-45af-4f26-a3b6-595044c26c2c,tch_20230818-233633_75
std_1692383863927_73,ee497ba3-75ba-4040-9fbc-ac841e125e95,tch_20230818-233633_73
std_1692383659074_76,8fc06dfd-2857-4dc3-b816-51e59285b848,tch_20230818-233633_76
std_1692383991404_72,1fbf2891-0003-4b63-a26c-d26abf0aae43,tch_20230818-233633_72
std_1692383885044_74,a7303a18-034e-46d6-a17f-f4caa152793c,tch_20230818-233633_74
std_1692383675357_77,8383dafe-2d15-4c5d-bcac-007755f949f8,tch_20230818-233633_77
std_1692383780619_75,88035dda-fcca-4c69-8d62-9261250cac85,tch_20230818-233633_75
std_1692384003669_73,6bcf7512-33df-4cee-8287-d8d3bc52e01b,tch_20230818-233633_73
std_1692383799111_76,ea986885-7d33-4d60-8de5-1991b80c0cca,tch_20230818-233633_76
std_1692384017977_74,84c3db34-33cd-46b9-9ffd-2aacb14272c2,tch_20230818-233633_74
std_1692383816994_77,45abf3af-8792-40a5-8d90-bf05ca704d02,tch_20230818-233633_77
std_1692383932356_76,080a5e6c-64c3-4da3-b1a8-535ad4f7a6db,tch_20230818-233633_76
std_1692383925880_75,66a59b51-fa3b-4c43-869d-6483331a46d0,tch_20230818-233633_75
std_1692383711919_78,bf257693-e82f-4ceb-b0ad-0fad7fc3fe5e,tch_20230818-233633_78
std_1692383742345_80,b815f160-5102-482c-be58-8980c6e623d7,tch_20230818-233633_80
std_1692383719266_79,e57b7d18-d08b-4ab1-a02f-9b217382961a,tch_20230818-233633_79
std_1692383950587_77,8012b5c9-5553-4c99-bb33-cbd9177d543b,tch_20230818-233633_77
std_1692384058596_76,0d2e47e5-6c04-4039-9897-0271fd803fbf,tch_20230818-233633_76
std_1692384059137_75,49e2bcb7-72d5-4cbd-9c6c-e215139b8d13,tch_20230818-233633_75
std_1692383843926_78,22d68a3b-9bb5-4559-a276-b9869680ecea,tch_20230818-233633_78
std_1692383857990_79,820f97f5-91b1-4cc2-a4c0-61680abaafed,tch_20230818-233633_79
std_1692383865717_80,9c680380-15dc-4ede-9308-f8fc71db3703,tch_20230818-233633_80
std_1692383765549_81,273c177b-e39f-42d3-baa2-314db23946d9,tch_20230818-233633_81
std_1692384085631_77,1a416231-b58b-42b8-b82c-43a11a7ed5f2,tch_20230818-233633_77
std_1692383985115_78,5c578d2e-3759-480b-aa08-1b602dc5cb87,tch_20230818-233633_78
std_1692383991103_79,c442775a-c150-490f-bb23-e1218e78070b,tch_20230818-233633_79
std_1692383998806_80,77fcee33-5b4c-466b-9c99-0d693caf4973,tch_20230818-233633_80
std_1692383899337_81,dfef7b06-c5cf-4de9-a408-e28d01b3bb96,tch_20230818-233633_81
std_1692383791583_82,03a04d1f-8949-47cb-b9a3-14f8d5dd1e1a,tch_20230818-233633_82
std_1692384122594_78,6bda5230-9ad1-44b1-9bfb-510b70c53f95,tch_20230818-233633_78
std_1692383797644_83,25125c15-c8dd-47b1-8208-83c940bea564,tch_20230818-233633_83
std_1692384127581_80,b28c5c61-ead6-4c08-bf3a-af98b4dccd81,tch_20230818-233633_80
std_1692384126572_79,3327f31a-a656-4daf-81da-2972f02d2a25,tch_20230818-233633_79
std_1692384031977_81,1e8f6b50-01a6-4230-8fcd-f755bf247183,tch_20230818-233633_81
std_1692383824940_84,ff226e7a-c727-4eb3-8b1c-2c8250fb4979,tch_20230818-233633_84
std_1692383923146_82,f4f6c5e9-e989-440d-85de-a26ac9475f4f,tch_20230818-233633_82
std_1692383938548_83,06e25d65-e701-47f4-b13f-2d5c9cfe3e2d,tch_20230818-233633_83
std_1692383842206_85,fb32d6f7-0b7b-4068-ab19-4ef65e95249f,tch_20230818-233633_85
std_1692384162021_81,700acf15-cd41-4e2d-9dcd-8035d73e6059,tch_20230818-233633_81
std_1692383956439_84,6e8f0a0a-9212-4de9-8877-e650164a26f0,tch_20230818-233633_84
std_1692383866447_86,2d43265d-290c-4403-b8be-ea47e4387ff7,tch_20230818-233633_86
std_1692384070531_82,471da3dc-4738-4d0e-952b-6c970dad7fe6,tch_20230818-233633_82
std_1692384065696_83,cdc55e63-2e91-488d-a3ef-fff103a641b2,tch_20230818-233633_83
std_1692383979138_85,fc1a6e80-e071-43c5-8df7-fee2bc98ad70,tch_20230818-233633_85
std_1692384087632_84,22e9d201-2457-4986-b6c8-ec77ca510a26,tch_20230818-233633_84
std_1692383994933_86,8bd49569-aeae-4ef9-a272-8bec462a0649,tch_20230818-233633_86
std_1692384203158_83,e5f48711-addc-4def-aa21-eb66663537cf,tch_20230818-233633_83
std_1692384200143_82,e58b9091-03ba-4f7f-9d9f-0dda064e5d49,tch_20230818-233633_82
std_1692384113379_85,fb365669-50a6-4990-a008-849dfb7f92ce,tch_20230818-233633_85
std_1692383885188_87,f97be813-87d7-4273-b69f-aa73288d3701,tch_20230818-233633_87
std_1692384119108_86,8e128ce5-d5a9-4cbb-8294-7e6b533ed5fc,tch_20230818-233633_86
std_1692383896690_88,bd1d9135-f241-4d71-8ea9-ba314d288110,tch_20230818-233633_88
std_1692384219522_84,48e31189-c1dc-40db-a6de-062e8ed2e48f,tch_20230818-233633_84
std_1692383927098_89,5b4c41ca-a97f-4619-8d2f-477cb3a1a91c,tch_20230818-233633_89
std_1692384247232_85,3a432fe8-2daa-4bb6-ab8b-2ced6b5ed14a,tch_20230818-233633_85
std_1692384026907_87,524a2d35-7692-4d1b-929d-9da05a49a4a9,tch_20230818-233633_87
std_1692384253120_86,7e98a25d-eb4e-4308-a5d5-224dec3a92a4,tch_20230818-233633_86
std_1692384022638_88,644866b5-45e7-4b9a-9e07-13c662cfc6df,tch_20230818-233633_88
std_1692383946936_90,46f0cbb2-2fad-4052-908d-641962dab67e,tch_20230818-233633_90
std_1692384062836_89,05974d4a-b309-4da1-a448-f5f9d5798d24,tch_20230818-233633_89
std_1692384166069_88,21e8e975-f906-466f-a0a5-803ac1ea3590,tch_20230818-233633_88
std_1692384164557_87,137d1c11-f5a4-4adc-9e65-3682cfc692b4,tch_20230818-233633_87
std_1692384083192_90,393d5af4-4190-42c9-add6-83ff94bc1316,tch_20230818-233633_90
std_1692383965178_91,f18c9d57-5831-47dc-957d-4f4492db9e3f,tch_20230818-233633_91
std_1692384198801_89,8c42b00b-0c73-4784-9be3-6af6ef873be9,tch_20230818-233633_89
std_1692384299661_88,2f015411-8eb6-4013-9b78-b04b066f2e54,tch_20230818-233633_88
std_1692384295189_87,9957a991-694a-4d57-9efc-82b568ff0f40,tch_20230818-233633_87
std_1692384209992_90,7ec47d61-a330-4f4b-8ea7-ad85ef6ab896,tch_20230818-233633_90
std_1692384089627_91,6602e3b8-f643-46ff-b584-03e2fd954d20,tch_20230818-233633_91
std_1692383976738_92,abba5d32-55f0-482a-8443-2bf4782b391b,tch_20230818-233633_92
std_1692384006178_93,3176590d-e9a1-4383-898c-b1bc79aa4b8b,tch_20230818-233633_93
std_1692384326838_89,b9405839-6aed-4eb8-8e66-0fd858e6fd0e,tch_20230818-233633_89
std_1692384332897_90,69ae5406-0767-43b1-949c-9406af25346f,tch_20230818-233633_90
std_1692384229787_91,ebfdcf7a-67b6-4042-8479-3d906f272f1b,tch_20230818-233633_91
std_1692384112671_92,5cdbc782-8384-4a74-aaf9-cdaac47581d1,tch_20230818-233633_92
std_1692384138427_93,c3af24dd-789f-4487-b777-c383cb66b1eb,tch_20230818-233633_93
std_1692384021196_94,8ddef912-36da-4e89-bfb6-42b68e5e4a27,tch_20230818-233633_94
std_1692384038563_95,f44d850e-00a8-4c14-811b-9ebefa4fe153,tch_20230818-233633_95
std_1692384363248_91,fbb0468a-74a1-4d47-ab56-cff124e6e875,tch_20230818-233633_91
std_1692384246820_92,ce3587a2-2730-41b5-8e78-00bb4c8996fa,tch_20230818-233633_92
std_1692384061406_96,37a6b4f5-8586-4999-8da9-89ecf1a26710,tch_20230818-233633_96
std_1692384156349_94,84d4f790-2e70-48c7-9e6a-fce598ef6f44,tch_20230818-233633_94
std_1692384267441_93,30b8424c-b763-42dd-844d-9fad3160bee7,tch_20230818-233633_93
std_1692384170071_95,aa01f524-68b3-48cb-919d-ab6b48960185,tch_20230818-233633_95
std_1692384396397_92,3ce32b27-1727-4e82-9387-96864e701134,tch_20230818-233633_92
std_1692384196987_96,5ce7c559-5470-4ba3-b30a-a31aa6087c10,tch_20230818-233633_96
std_1692384401103_93,dd7d8a96-3bbd-4a98-b40e-563e27e9da36,tch_20230818-233633_93
std_1692384287498_94,8f5931cf-5df7-4732-bfbd-b6b80e8c264c,tch_20230818-233633_94
std_1692384084053_97,0bbee254-6c0e-4948-89cb-91cea678ada0,tch_20230818-233633_97
std_1692384305606_95,e17a1673-2590-4576-a3ca-31f52ad4baf5,tch_20230818-233633_95
std_1692384103272_98,a3882cb0-5760-4083-b9e9-d82fc57a0d34,tch_20230818-233633_98
std_1692384327053_96,bc0d4c64-1af6-4bd4-a98e-ab109225f23c,tch_20230818-233633_96
std_1692384428943_94,77a450ae-9d8a-4c86-a249-0c8c3e82ab2f,tch_20230818-233633_94
std_1692384214501_97,c6e2cb02-0de4-453a-9c53-8b2280c660a0,tch_20230818-233633_97
std_1692384438129_95,15df3489-3bf3-4f33-8414-4d5bcd001662,tch_20230818-233633_95
std_1692384233861_98,3afc817d-f5fb-4f58-a870-bd5642ad0569,tch_20230818-233633_98
std_1692384127282_99,0ea18b6e-4222-4c1a-a747-2f5da4b9f4cf,tch_20230818-233633_99
std_1692384350314_97,be01f1c3-d1d5-49d0-bea1-3ce36f0bc488,tch_20230818-233633_97
std_1692384459573_96,071fe437-53a9-4dd8-81e4-531bff5de35c,tch_20230818-233633_96
std_1692384159114_101,2b62d9c1-a76c-4bb5-8b7c-96f491e20dfd,tch_20230818-233633_101
std_1692384366039_98,cc953b81-35bf-4a5f-9d26-ec2ccb9b5665,tch_20230818-233633_98
std_1692384153077_100,70d47db4-722d-4ac5-b5ea-5d6cccd57977,tch_20230818-233633_100
std_1692384261820_99,d2c975d7-6332-423a-bce0-e084f78563f9,tch_20230818-233633_99
std_1692384483497_97,f80d8745-2a33-4009-a499-ac0e6d8c0eb5,tch_20230818-233633_97
std_1692384290529_101,30e449b9-78ec-40a7-8ebb-31e6f680d6c0,tch_20230818-233633_101
std_1692384495448_98,bcfe9924-030e-4638-b9b1-f9a37f9682f7,tch_20230818-233633_98
std_1692384175084_102,67358a69-a407-44f4-809d-ddcf388aaca5,tch_20230818-233633_102
std_1692384281574_100,57e5b27f-092a-42ab-abd5-dbfa2da1eaf5,tch_20230818-233633_100
std_1692384396720_99,1bc86a4d-db14-4051-914a-bf2c030a78dc,tch_20230818-233633_99
std_1692384423077_101,141a3d95-7dd3-43d0-a497-24bef5a49e43,tch_20230818-233633_101
std_1692384203888_103,579778c1-fd36-48ba-9f59-72dabb671085,tch_20230818-233633_103
std_1692384312653_102,aebfe42b-0edf-479c-bfe5-4607b2ac2f0c,tch_20230818-233633_102
std_1692384417932_100,3f155484-3677-47d6-89d8-b5f2d53ff6f9,tch_20230818-233633_100
std_1692384537325_99,9223fa2b-f8b3-4e82-b3c8-5a6654df6176,tch_20230818-233633_99
std_1692384224990_104,8090ad54-b0a4-40ca-a9bb-39161ab4c81d,tch_20230818-233633_104
std_1692384553234_101,ddafe7d9-8f79-4956-b6ce-7896fa8899fb,tch_20230818-233633_101
std_1692384340251_103,5e01331f-8d39-4347-a037-2a6781965016,tch_20230818-233633_103
std_1692384450257_102,ce1dab2d-26d8-446c-a69c-e11f97cc5b10,tch_20230818-233633_102
std_1692384555599_100,1d326071-4ae7-40c9-aada-57b878adaf01,tch_20230818-233633_100
std_1692384356534_104,ec332a9d-910b-435b-a966-42f56caeee8c,tch_20230818-233633_104
std_1692384241368_105,8f20a896-b919-4916-bb7a-8d09db16ecba,tch_20230818-233633_105
std_1692384475634_103,7fd825c5-d347-40a4-a671-69d91d9b0993,tch_20230818-233633_103
std_1692384582782_102,ea6d4c1d-a5c8-490a-bd98-0e3f558cf929,tch_20230818-233633_102
std_1692384265191_106,823feca0-8ba7-4d94-bd3d-134e0e807cfd,tch_20230818-233633_106
std_1692384498293_104,04dcf130-387c-44f3-bcd6-ffe8cda3d69b,tch_20230818-233633_104
std_1692384375842_105,79c0b5df-91f0-4b20-93ca-f813f0e1fdb2,tch_20230818-233633_105
std_1692384608422_103,0aea8b19-48e2-4850-9275-1543b3228327,tch_20230818-233633_103
std_1692384286754_107,56ad6f0c-c850-4ac7-ab6e-502ed2e01547,tch_20230818-233633_107
std_1692384401353_106,f1c85d06-7df9-48d1-8d68-a4b139ccea21,tch_20230818-233633_106
std_1692384297490_108,512b148b-cce2-49a5-bc61-5091473cb426,tch_20230818-233633_108
std_1692384630764_104,69534217-68ab-4a82-838f-82a602d482f5,tch_20230818-233633_104
std_1692384514593_105,0c316e0c-36d2-4995-82ff-1702d16f4d12,tch_20230818-233633_105
std_1692384420616_107,faf5b262-cd1e-4d1f-b160-bae40c1ae89e,tch_20230818-233633_107
std_1692384538848_106,422a5c20-fbb0-4b90-828e-8848ad5c1e6d,tch_20230818-233633_106
std_1692384428550_108,32204162-0b5f-4b78-9bf8-0e6759c7afda,tch_20230818-233633_108
std_1692384323873_109,3b7b8666-837a-4f15-af28-5506724fa5ef,tch_20230818-233633_109
std_1692384655697_105,53724490-28c2-4d4a-bfde-db0d2d7e1ab1,tch_20230818-233633_105
std_1692384341632_110,71752391-9aa1-4ca8-9830-a71b91a5e110,tch_20230818-233633_110
std_1692384559185_107,c120e3b5-bfc9-4d70-9459-ad4cebcf912a,tch_20230818-233633_107
std_1692384668230_106,378f9cff-0924-4a58-b4eb-6ccd0e16fdca,tch_20230818-233633_106
std_1692384569607_108,93882e75-227f-4d5f-be41-b8bede11baf1,tch_20230818-233633_108
std_1692384364772_111,d4f1f240-88be-4af2-96cf-7849052f1733,tch_20230818-233633_111
std_1692384459661_109,589cdbfb-6f9e-4d6d-b3a4-fa8ec1214057,tch_20230818-233633_109
std_1692384477305_110,84145920-1b21-4b4c-83f9-d7e8fbc574aa,tch_20230818-233633_110
std_1692384690645_107,6cda6e2c-2cbb-43bf-8ab7-a83c96657b68,tch_20230818-233633_107
std_1692384502340_111,017f602b-790a-4e91-bc5f-dfb64754b59e,tch_20230818-233633_111
std_1692384706056_108,3c4096e1-1ebf-4235-b711-d8686ccce59b,tch_20230818-233633_108
std_1692384601059_109,a2a32ef6-1688-4afe-b99f-1cb637d3f06d,tch_20230818-233633_109
std_1692384381363_112,fa8de30e-7851-4d70-b838-83e1cff65944,tch_20230818-233633_112
std_1692384610073_110,b9954ad1-1390-4fbb-98e4-ed01f3868a21,tch_20230818-233633_110
std_1692384405184_113,c85a6b76-d5f7-406d-8d5a-45937a08c290,tch_20230818-233633_113
std_1692384627755_111,f332a530-76dc-4a2c-b52d-756b1db954a8,tch_20230818-233633_111
std_1692384423749_114,743fcb42-29c9-4026-94c0-8f2369893e7e,tch_20230818-233633_114
std_1692384741474_109,83c88c3a-e945-4f2e-8466-48735f2a8bc8,tch_20230818-233633_109
std_1692384521611_112,d4c0c05b-1d72-4cc5-96ce-3adeec074563,tch_20230818-233633_112
std_1692384744389_110,3bd413c8-00ce-4b1d-b348-37e7a1933565,tch_20230818-233633_110
std_1692384438682_115,8298da0d-bd2e-49b3-9a3b-74d069d5df17,tch_20230818-233633_115
std_1692384540994_113,bf019ea4-de04-4ea0-a5ad-cd99e92476d6,tch_20230818-233633_113
std_1692384759683_111,a949eafe-75cc-439f-8df6-be33a43d879a,tch_20230818-233633_111
std_1692384553644_114,f97cd437-48b4-420b-a4f8-2dcaab405143,tch_20230818-233633_114
std_1692384651150_112,c2d535f5-ef83-4d81-ba5d-246c8d02f4eb,tch_20230818-233633_112
std_1692384569403_115,a7b46d66-a8cb-4271-b3db-3e3857421398,tch_20230818-233633_115
std_1692384672325_113,f105b0b0-867b-476c-a5fe-f2f9dcf42e42,tch_20230818-233633_113
std_1692384464047_116,303bbab4-2c6d-4bcb-b4e5-224e5736bbab,tch_20230818-233633_116
std_1692384794689_112,41a75732-6b93-4b46-9a77-d878ea85f538,tch_20230818-233633_112
std_1692384690122_114,ecc8fe6d-1439-4e3a-ac3c-e98e0e6b0fb7,tch_20230818-233633_114
std_1692384802851_113,4279b65f-09ca-4ec1-a719-3ead15be40d3,tch_20230818-233633_113
std_1692384702055_115,1c7bc317-109a-4104-9dca-e9e0d0eaf15a,tch_20230818-233633_115
std_1692384600088_116,8bbafaf0-7810-49d7-adde-4314c5d447ad,tch_20230818-233633_116
std_1692384485778_117,112a5fe8-17bf-447b-85bc-dd9072731b41,tch_20230818-233633_117
std_1692384503031_118,a39c0dad-e35d-448b-91e2-f115d3e0d0bf,tch_20230818-233633_118
std_1692384822159_114,6f5bf43a-61eb-4f12-b61f-edc682fd54b7,tch_20230818-233633_114
std_1692384830842_115,dd1c1c60-cd6d-4ff1-a421-f24f9a48d5e8,tch_20230818-233633_115
std_1692384523236_119,35b12ac0-8693-4386-b76a-60735138fb8a,tch_20230818-233633_119
std_1692384727884_116,6b8f6040-2987-4616-b52a-47a2e52ea86a,tch_20230818-233633_116
std_1692384627785_117,ffcee6f4-431d-46c6-a40c-1ca43163d462,tch_20230818-233633_117
std_1692384628967_118,1283d338-b09e-4375-ba05-72a4e12a61fe,tch_20230818-233633_118
std_1692384544588_120,176f06e7-f724-484b-9dce-67b7ae84ff1b,tch_20230818-233633_120
std_1692384860328_116,9a9ac597-9a10-4c50-9e0c-f98a49f60e95,tch_20230818-233633_116
std_1692384656119_119,3fdca886-db66-44f1-97d1-c3630f20759b,tch_20230818-233633_119
std_1692384762001_117,e71a47f9-4d8f-443c-b29d-458ee4bc2ac3,tch_20230818-233633_117
std_1692384762362_118,6f73440a-55f9-4238-98ea-981e1d2b5d07,tch_20230818-233633_118
std_1692384678418_120,dacbd13f-1e42-45c0-a575-40d954ba4b9b,tch_20230818-233633_120
std_1692384565498_121,7362aa16-b394-4632-93fb-50fa17cbbc22,tch_20230818-233633_121
std_1692384782591_119,0e9e9c39-a20e-4656-943a-bd6ccd0d958f,tch_20230818-233633_119
std_1692384895722_117,5d2e8138-a756-43bc-931b-c41801f44acd,tch_20230818-233633_117
std_1692384588020_122,078c7dfa-af48-421a-a0ca-3a83ce45687a,tch_20230818-233633_122
std_1692384906801_118,d587b0f3-c6fe-4794-917c-ba3952919d70,tch_20230818-233633_118
std_1692384806685_120,43785e80-2d25-4131-8478-1b2f95ae1cfd,tch_20230818-233633_120
std_1692384699811_121,13b286ff-2dd3-4a97-a86e-b4975fcb8db3,tch_20230818-233633_121
std_1692384917855_119,ea225bf4-460d-49ec-8916-c434c7aa2e71,tch_20230818-233633_119
std_1692384597016_123,ccbbd688-5ccd-40e8-b45c-33aa645b0fa3,tch_20230818-233633_123
std_1692384721526_122,289f8f3c-8bac-44d3-9bd7-e5567cd6a995,tch_20230818-233633_122
std_1692384939006_120,995c385c-77c4-4d69-9a01-6c9d5f393582,tch_20230818-233633_120
std_1692384836921_121,8dec4835-84bf-4b7d-91eb-a307ba35b308,tch_20230818-233633_121
std_1692384621975_124,c6798d64-9942-4d22-8dfa-aabfdfc38530,tch_20230818-233633_124
std_1692384731825_123,f80db8d9-31bb-44b6-8b14-b4b842d8fcb0,tch_20230818-233633_123
std_1692384858964_122,52860ff1-c1d0-45d0-b42a-28da225e2490,tch_20230818-233633_122
std_1692384648115_125,e5c5b877-ca1a-46ce-838b-c7f53a558cfd,tch_20230818-233633_125
std_1692384966094_121,50106256-16ec-4326-9b75-923aefb147ac,tch_20230818-233633_121
std_1692384751904_124,5e90c229-c632-420b-be7c-9e0c587135d4,tch_20230818-233633_124
std_1692384870375_123,fcdeb433-08cb-4ab4-8140-31b6d1025cd2,tch_20230818-233633_123
std_1692384985179_122,9c92fe41-aa2c-4250-8973-a342f1243a6e,tch_20230818-233633_122
std_1692384780900_125,18361b6a-d931-4fbc-95e2-8e8cf8e2f382,tch_20230818-233633_125
std_1692384674167_126,b515e011-5a9e-494e-aab5-bbd1a5d9a06b,tch_20230818-233633_126
std_1692384885527_124,07275db0-5bac-4ac2-b658-d068c579a4e2,tch_20230818-233633_124
std_1692384681705_127,73227e14-dad7-4f42-a1c4-7e968603c04e,tch_20230818-233633_127
std_1692384996319_123,9703682d-b024-4ed1-bffe-bbc031ccab86,tch_20230818-233633_123
std_1692384704162_128,af95c53c-adba-47c7-bf2b-71c01551106c,tch_20230818-233633_128
std_1692384913215_125,6e53e1de-9f2b-487f-b9d2-7056e4ae6b8a,tch_20230818-233633_125
std_1692384806419_126,298b842b-b019-4b83-9818-ae063ac568d6,tch_20230818-233633_126
std_1692385027023_124,c68fd0a1-a3de-4044-a995-679b967d8721,tch_20230818-233633_124
std_1692384809745_127,aa675b8f-5269-49eb-9766-a99b3af19375,tch_20230818-233633_127
std_1692384835815_128,c35411d6-1b51-438b-8d80-c2f99afbb99b,tch_20230818-233633_128
std_1692385045400_125,b189dcdf-e685-4227-8c0e-1d67097a636d,tch_20230818-233633_125
std_1692384727340_129,876aa25f-f5f5-49d6-9e95-baecd4358270,tch_20230818-233633_129
std_1692384933601_126,648b05b2-407c-4767-be0d-242a24a6b186,tch_20230818-233633_126
std_1692384949573_127,8c473ba7-a2a7-446f-8c6f-b60ba4f5e439,tch_20230818-233633_127
std_1692384966554_128,500efc8b-6f99-4ec6-b5e0-19211c77cc9b,tch_20230818-233633_128
std_1692384741396_130,a2852df3-50dc-41ac-b6a6-da1500f2a57f,tch_20230818-233633_130
std_1692385070827_126,ba9f7e79-48f6-494c-bd0d-161e4cd1356e,tch_20230818-233633_126
std_1692384856352_129,79e8c7f2-8fc2-402e-8224-eb514ab02acb,tch_20230818-233633_129
std_1692384762676_131,34baadc1-4f8f-4432-906b-871a8bfc4b47,tch_20230818-233633_131
std_1692385087485_127,996b7d73-a72c-4f0a-8b00-d4b62e643851,tch_20230818-233633_127
std_1692385093540_128,16cb43e7-6e6a-4d29-8e35-26873e0c7ddb,tch_20230818-233633_128
std_1692384870199_130,c1f6d061-217c-49b3-b8bf-fec795ae10bf,tch_20230818-233633_130
std_1692384782325_132,03f5ab80-7135-49cf-8de8-1cf2e9b3ab0a,tch_20230818-233633_132
std_1692384988677_129,7520e9c4-49c8-48b7-9e99-37848551d3d6,tch_20230818-233633_129
std_1692384896391_131,590bc78c-3228-4042-bb04-7394a87209b4,tch_20230818-233633_131
std_1692385007561_130,4adbb593-7ec3-4715-8740-94dd7e000285,tch_20230818-233633_130
std_1692384919746_132,1c117d74-2a47-4776-a879-c6fb90448ab1,tch_20230818-233633_132
std_1692385122048_129,5771d6cc-e954-4385-ad4d-fab621e20a01,tch_20230818-233633_129
std_1692385035376_131,a068eed4-8c29-41c4-b3fe-76f0efc6e493,tch_20230818-233633_131
std_1692384814957_133,71102326-9b50-4340-aeca-be9aa26340ac,tch_20230818-233633_133
std_1692385145906_130,0d70b8c9-c235-4ae8-9b4e-c30cfb03a0d4,tch_20230818-233633_130
std_1692385047827_132,e236e54b-88c4-4fdb-801c-c7563084b5df,tch_20230818-233633_132
std_1692384825957_134,d1384bf5-e6ad-451c-8ef2-3f6ed998c6e0,tch_20230818-233633_134
std_1692385161019_131,4d963e24-67be-4f89-a015-9c6b165d5aec,tch_20230818-233633_131
std_1692384960528_133,0593aaf3-08ea-42a7-be7f-89bc68c85e74,tch_20230818-233633_133
std_1692384842846_135,0075a815-7a46-472a-baeb-d718bc2b525c,tch_20230818-233633_135
std_1692384868316_136,877f781b-ad93-4f6f-b12f-b3940e05bfba,tch_20230818-233633_136
std_1692384963686_134,60f933ad-3d9f-4986-91a6-ea52056c7abb,tch_20230818-233633_134
std_1692385179382_132,aceae516-0d98-4936-8179-afcdbcf60a3b,tch_20230818-233633_132
std_1692385095264_133,621dbf5a-e98e-4bb8-b1a4-59cb2ea39ab3,tch_20230818-233633_133
std_1692384978213_135,04eddd70-ca02-4651-9009-f1c755fbc31d,tch_20230818-233633_135
std_1692384998801_136,4c2d4a39-b718-491a-9165-3986edb35175,tch_20230818-233633_136
std_1692385095200_134,8c05ec7b-ae9d-4e9b-922e-a67382d3e633,tch_20230818-233633_134
std_1692384888306_137,2aedfb26-0717-4e8d-9786-69d7d7f33783,tch_20230818-233633_137
std_1692385217796_133,004b6c43-7923-40e2-8ed2-e3dfefdf8e68,tch_20230818-233633_133
std_1692385118957_135,ce100c1b-6ea6-4ccf-9703-70ff887a58b7,tch_20230818-233633_135
std_1692385230952_134,17e85db1-2494-4d93-bacc-a0069fc129c8,tch_20230818-233633_134
std_1692385128536_136,5db1eb34-db82-417c-bf8f-0cdcc736d8e3,tch_20230818-233633_136
std_1692385019030_137,29571b98-bca8-485d-bab5-4618e55ac94e,tch_20230818-233633_137
std_1692384905962_138,040f7274-f4f2-4c91-9aa7-a9d7baf4d8b8,tch_20230818-233633_138
std_1692385254077_135,e5c54ee6-c3bf-458a-af18-28f3f4a00a7b,tch_20230818-233633_135
std_1692384931715_139,248b1ede-e4f8-4a35-9890-e8bca8413939,tch_20230818-233633_139
std_1692385256671_136,061a30a4-8086-42d4-bb03-6ce65b85857d,tch_20230818-233633_136
std_1692385147585_137,a148773a-209a-44bd-90ea-90f55c895963,tch_20230818-233633_137
std_1692385043556_138,22c67c46-b16a-4e9b-8fb0-1288fb2ba212,tch_20230818-233633_138
std_1692384945119_140,2349614d-00f2-4551-81e6-f8c6fecba673,tch_20230818-233633_140
std_1692385058127_139,7c3ece1c-0ed6-41b3-b63b-f2719cbcd5cf,tch_20230818-233633_139
std_1692385289284_137,32fe3e2f-3261-4a0e-9cf5-78cb8477c316,tch_20230818-233633_137
std_1692385174588_138,903b4683-4b34-4e19-bdcc-a31809ac3b7d,tch_20230818-233633_138
std_1692384961280_141,956a1ed8-d76f-42ef-8470-7fa25b45a79d,tch_20230818-233633_141
std_1692385078956_140,695c6c26-4544-4ad7-aed3-fc9885679406,tch_20230818-233633_140
std_1692385196087_139,309025c5-9d91-42c3-a7e3-821d8276a04b,tch_20230818-233633_139
std_1692385311732_138,e11fc866-f047-4102-957d-18f2f8a6df2f,tch_20230818-233633_138
std_1692384985859_142,c8feb6ae-e107-4c0c-b335-f05815a8087d,tch_20230818-233633_142
std_1692385096941_141,77d06255-18d3-4169-8117-b16d9e73959d,tch_20230818-233633_141
std_1692385214186_140,12d180c6-23b4-4ea3-8376-1e1c3a3c6d17,tch_20230818-233633_140
std_1692385329883_139,54eebbda-3d79-4bcb-a8b2-1b7e3d33a894,tch_20230818-233633_139
std_1692385009869_143,2e87f0e9-cdef-4203-b0a9-d9c7cfc93461,tch_20230818-233633_143
std_1692385116719_142,c803cee7-aabd-40d3-8385-2769d3d24102,tch_20230818-233633_142
std_1692385026177_144,82d99441-ce27-4b56-90ec-828dd25deb09,tch_20230818-233633_144
std_1692385235019_141,3d19378d-5d5e-4d55-900e-ae3190245b37,tch_20230818-233633_141
std_1692385351915_140,1f5687f6-c265-4021-96f7-85a450360362,tch_20230818-233633_140
std_1692385146431_143,8950e67a-7b46-4217-b2c2-3dcc1c8992ca,tch_20230818-233633_143
std_1692385048457_145,7d4c2614-cece-455a-ac8d-0d454491f0a8,tch_20230818-233633_145
std_1692385256015_142,eca51e76-2b74-454d-9678-08e94f6781e8,tch_20230818-233633_142
std_1692385152543_144,a63abfa4-eb11-4fe4-a429-3dae4d6a3b9a,tch_20230818-233633_144
std_1692385369531_141,a0338e41-881f-4a78-92d9-07d360aaa79e,tch_20230818-233633_141
std_1692385278106_143,b9d1a009-9a13-4316-93e1-556fc3b095b2,tch_20230818-233633_143
std_1692385286701_144,8c9915db-03bf-4be0-a565-b1eb588cb074,tch_20230818-233633_144
std_1692385179839_145,82f4e1cc-532e-4cb8-834a-9ba25ec1867b,tch_20230818-233633_145
std_1692385391114_142,a259322b-47f5-47d2-b672-5f166f6b1cb2,tch_20230818-233633_142
std_1692385064988_146,64a825e1-47e1-4ed8-a293-abb2db95759f,tch_20230818-233633_146
std_1692385413155_143,7bea3784-3bf8-481d-8a54-d18120a75d10,tch_20230818-233633_143
std_1692385105530_148,5e118892-cde3-43b1-a34f-1bf73d256c73,tch_20230818-233633_148
std_1692385310799_145,2a8b1ae3-4f6c-49ff-9d6a-b5b071b6f8f6,tch_20230818-233633_145
std_1692385419679_144,a077e924-bc14-4a22-978c-04caf0f7b44f,tch_20230818-233633_144
std_1692385208431_146,bab8d134-a1b0-4b38-ae77-8b3d7c3573ad,tch_20230818-233633_146
std_1692385090769_147,acce2169-be94-4633-b25b-c10a9704775b,tch_20230818-233633_147
std_1692385115514_149,50aaacfe-6a40-4453-afd8-4f362be56b23,tch_20230818-233633_149
std_1692385238466_148,a1079395-67d0-4fe5-855b-0a3bdbe4f459,tch_20230818-233633_148
std_1692385340898_146,02b5793e-12bd-4073-b02e-827aa2338fdd,tch_20230818-233633_146
std_1692385442407_145,a8dc684c-01f7-4807-874d-840a35fbf26c,tch_20230818-233633_145
std_1692385229360_147,ef114cc3-d5b9-4f7e-aad6-43a9281d2a7a,tch_20230818-233633_147
std_1692385250330_149,805f0a81-d2e1-4ad9-9278-564c00545a4f,tch_20230818-233633_149
std_1692385146397_150,c9516ff6-0165-4608-8a80-97f727b4800c,tch_20230818-233633_150
std_1692385372087_148,1eacc074-d1fe-4332-94f9-a43bf1af4ae3,tch_20230818-233633_148
std_1692385471175_146,cac08fd3-7b2a-4074-b2e6-eeeb2ff1330b,tch_20230818-233633_146
std_1692385177375_151,7d023cb9-47f6-42db-9e94-8b2392d4c0be,tch_20230818-233633_151
std_1692385370554_147,d5435e85-8b78-4ac9-959e-749b09d3e199,tch_20230818-233633_147
std_1692385384890_149,7f69f1ea-7724-461a-bd32-438ba8740c9d,tch_20230818-233633_149
std_1692385277903_150,e9d909af-b155-4090-ac5e-b165f2483635,tch_20230818-233633_150
std_1692385501552_148,ce54aad9-127c-496f-a5a7-5444cf986ffd,tch_20230818-233633_148
std_1692385301482_151,be836c27-e3ae-41e2-84ec-d3b5b832ac44,tch_20230818-233633_151
std_1692385505202_147,3fe48e3c-2cfc-4b2d-8e60-ba5eae6c74aa,tch_20230818-233633_147
std_1692385516892_149,27528077-d6a7-4a84-9ed5-f7b4ad0a929f,tch_20230818-233633_149
std_1692385186709_152,52f6df5a-c1e1-445a-921e-aba21f7aa9ef,tch_20230818-233633_152
std_1692385413613_150,24da4319-6105-435d-b6e1-c92ff269716a,tch_20230818-233633_150
std_1692385211947_153,f5382139-8f65-470e-8afa-38d9f77b5455,tch_20230818-233633_153
std_1692385428468_151,6118b116-cb8a-4a26-8d42-97b3bed89d24,tch_20230818-233633_151
std_1692385321617_152,b4945d04-f85b-45bd-84b7-8403ac15820d,tch_20230818-233633_152
std_1692385222435_154,86e129d4-2224-47b5-8876-a28521401a7b,tch_20230818-233633_154
std_1692385544305_150,640b3ff0-fb21-4a84-b908-efe20cfe8a71,tch_20230818-233633_150
std_1692385343618_153,d45d5545-563b-4bd4-b237-ad821667fafd,tch_20230818-233633_153
std_1692385558506_151,38274e79-7af5-49d6-bb6e-3a6d811f6efc,tch_20230818-233633_151
std_1692385459687_152,06d1aeb9-b0ea-4d64-9b17-f96c5598622c,tch_20230818-233633_152
std_1692385360543_154,56cfdb96-2e98-44d9-9c33-43aed6aee3e6,tch_20230818-233633_154
std_1692385476621_153,3556d2a5-e69d-4c40-9b3d-f8fc518f64f6,tch_20230818-233633_153
std_1692385255208_155,6bdda3ef-f5d2-4614-9787-b881dc92e3a7,tch_20230818-233633_155
std_1692385597508_152,54df28b0-be5f-4693-90e6-39dbb3589db6,tch_20230818-233633_152
std_1692385272288_156,2dbb3e01-9e03-4353-b5da-11cf85057274,tch_20230818-233633_156
std_1692385498103_154,b2320911-659b-4d39-8398-0dc5224d0605,tch_20230818-233633_154
std_1692385289784_157,86d3e5b7-83ac-4708-b2a9-b96f31741ebd,tch_20230818-233633_157
std_1692385386856_155,bfd2cf2c-5756-421b-81b8-63565c6eb0d3,tch_20230818-233633_155
std_1692385611020_153,19596642-e6de-41d0-aca8-8eddeb1b9b21,tch_20230818-233633_153
std_1692385405661_156,38e60a16-33f6-4e7b-b5be-9a59022d1491,tch_20230818-233633_156
std_1692385307721_158,bc036981-8d31-4765-ad58-7ac422b23010,tch_20230818-233633_158
std_1692385631608_154,078bb777-f3c8-449a-bd6f-72602e030530,tch_20230818-233633_154
std_1692385422899_157,c72ba76a-afb4-4a8d-94d0-115c209fe80f,tch_20230818-233633_157
std_1692385329665_159,73cd3220-9b26-4c57-a205-91dbf4aa25ad,tch_20230818-233633_159
std_1692385527501_155,9af03e44-8e92-45c5-9036-f15f9909e2fc,tch_20230818-233633_155
std_1692385541518_156,45490799-7afd-4e67-babe-04613bbc5184,tch_20230818-233633_156
std_1692385441872_158,46f7a572-23f4-41aa-9894-9a9d37b80252,tch_20230818-233633_158
std_1692385555780_157,c01c6d0c-f52d-41cc-8acb-454f0a390344,tch_20230818-233633_157
std_1692385457567_159,9a906cd7-4b0c-4631-8bf7-cd1780f1e05b,tch_20230818-233633_159
std_1692385662186_155,e2011fba-d528-4a61-aaf3-73462146be43,tch_20230818-233633_155
std_1692385676470_156,52f99965-a585-4303-a117-cf7186b7622d,tch_20230818-233633_156
std_1692385575124_158,1263669f-31b7-412d-9f17-8f4ee8e019c6,tch_20230818-233633_158
std_1692385342857_160,2379d6d3-8419-44d3-abfe-d64948eefd3b,tch_20230818-233633_160
std_1692385369189_161,1d3b27ff-6494-4054-be6e-6a75cc33cae1,tch_20230818-233633_161
std_1692385585334_159,facb9d11-97b1-4aa6-ad66-bae69236b892,tch_20230818-233633_159
std_1692385685330_157,d0ed4fc2-7870-41b0-814e-72eae42bb8ae,tch_20230818-233633_157
std_1692385384530_162,3115c058-821c-48b5-87d7-a8365c947363,tch_20230818-233633_162
std_1692385705272_158,bafc3c5b-dd91-41fe-b200-0c4d7df37cdb,tch_20230818-233633_158
std_1692385483091_160,f53a93c1-f205-418d-bdb9-2b6e8c2965cb,tch_20230818-233633_160
std_1692385401252_163,c85ec84a-975e-4923-b541-ad91af783ce7,tch_20230818-233633_163
std_1692385507511_161,fb35e363-0579-4706-80b2-f95166413906,tch_20230818-233633_161
std_1692385720291_159,de93ac59-ae48-47b2-9fb3-3a3c52b77c09,tch_20230818-233633_159
std_1692385513255_162,71fc547f-6ec9-4df3-ba24-7b7fefa24e71,tch_20230818-233633_162
std_1692385626708_160,e7e76817-7e4a-48d9-91f5-fb3a7b78fdab,tch_20230818-233633_160
std_1692385534465_163,82cf7723-174c-45f3-9ec9-381da2f213de,tch_20230818-233633_163
std_1692385630717_161,47b51e36-ca13-4d71-8766-18cf81e1aa69,tch_20230818-233633_161
std_1692385642011_162,1020c394-bd7b-4107-adbc-7191840c6e5f,tch_20230818-233633_162
std_1692385448155_165,2ec5b301-8420-4d30-b9b6-8df836ef21a6,tch_20230818-233633_165
std_1692385437552_164,56528227-ae5e-442e-92c1-baa35a0562a5,tch_20230818-233633_164
std_1692385762762_160,2a56cc2b-03c4-429a-a22a-d05f901d0fcd,tch_20230818-233633_160
std_1692385668706_163,31124c2a-7984-4b34-a30e-a3237bae701d,tch_20230818-233633_163
std_1692385768625_162,d6331da4-b138-4dad-82fc-ac30ed028a00,tch_20230818-233633_162
std_1692385767954_161,45714138-fc8c-4f00-8602-8c7e7bcf3714,tch_20230818-233633_161
std_1692385577432_165,b3f941c8-a02f-4a6e-8f70-9b2dba717422,tch_20230818-233633_165
std_1692385571584_164,1ff3ff14-bf18-4bf4-8139-604b17e4518e,tch_20230818-233633_164
std_1692385471218_166,ad9c99ec-25c7-49f7-aca0-057553fcc007,tch_20230818-233633_166
std_1692385793648_163,d4927c33-9681-41b5-b8ef-16efa449873d,tch_20230818-233633_163
std_1692385489010_167,06623134-a7e6-4b79-9866-7c1a11ccd5e4,tch_20230818-233633_167
std_1692385710284_165,1cddea56-34b7-45ee-aab7-0603ab0ecf9d,tch_20230818-233633_165
std_1692385708886_164,4453ed84-6a4d-4935-b31a-20a3883cdee6,tch_20230818-233633_164
std_1692385604596_166,fad86ac6-6527-4dd6-b15f-539fa14b4f21,tch_20230818-233633_166
std_1692385621757_167,bbe77946-b748-4c54-bbd2-782bb1c01b53,tch_20230818-233633_167
std_1692385511400_168,8f295371-22f5-4aa9-b195-492df2360575,tch_20230818-233633_168
std_1692385840007_165,3d3fe1d8-b520-4ed0-89fa-eda9bc4e707f,tch_20230818-233633_165
std_1692385841989_164,d3f13487-2d3b-4b1d-9fc9-2f60448b54f7,tch_20230818-233633_164
std_1692385738939_166,7aa0144a-204f-4767-a98b-a53a6ede7bdd,tch_20230818-233633_166
std_1692385537274_169,72aaee2f-9660-4584-9113-4ecf3787555a,tch_20230818-233633_169
std_1692385749477_167,6f6b6945-7210-4bc5-a8eb-7d264bb3285d,tch_20230818-233633_167
std_1692385642176_168,551acda0-21c2-465b-8c8a-68fac671f510,tch_20230818-233633_168
std_1692385875053_166,9dfe6ea9-e336-4980-a4e8-e4fe18947232,tch_20230818-233633_166
std_1692385671034_169,2c903006-462a-479c-89bb-0316aaca0ba4,tch_20230818-233633_169
std_1692385561065_171,15b32a87-c0ad-4cd0-874a-c3334c517e7c,tch_20230818-233633_171
std_1692385882581_167,09dece4c-a471-4bc3-96b6-1596a49bb73c,tch_20230818-233633_167
std_1692385554817_170,333ede64-2975-4afc-bac8-bb1c5e239595,tch_20230818-233633_170
std_1692385779182_168,2f79a289-1afd-4251-a162-e27dc4ed0f61,tch_20230818-233633_168
std_1692385801203_169,040f57dc-c8fd-4c20-b418-4b29ca0a3309,tch_20230818-233633_169
std_1692385691641_171,49dc2950-1cf0-4994-a51b-8b15b1041a13,tch_20230818-233633_171
std_1692385686133_170,10e1fa12-f6cc-44ec-b99e-c7312adf64fc,tch_20230818-233633_170
std_1692385912132_168,64ad1b29-3b8b-4643-9afb-3268b659ca44,tch_20230818-233633_168
std_1692385582580_172,5b0e74d2-1442-468f-a33c-d98986db43f3,tch_20230818-233633_172
std_1692385929891_169,14ae9a63-f431-40ec-96f2-2c354ac9b289,tch_20230818-233633_169
std_1692385820167_171,e4adc5ed-3805-4e67-8209-8e9a432f9424,tch_20230818-233633_171
std_1692385822102_170,e9958283-0031-4fc1-9bed-f2a11b8da123,tch_20230818-233633_170
std_1692385625108_174,ca0fad77-fcc5-44fa-b049-8473141e1ea9,tch_20230818-233633_174
std_1692385615642_173,e89f857c-6225-4f66-aeb1-a8311420dafa,tch_20230818-233633_173
std_1692385715616_172,08802e4f-4587-4f58-8a52-5ff2491f4629,tch_20230818-233633_172
std_1692385953232_171,25610ce5-38cc-4e83-beff-96462e788be6,tch_20230818-233633_171
std_1692385957102_170,d67491f0-efb0-44cf-93cf-a101a1c6e775,tch_20230818-233633_170
std_1692385643010_175,b5e6cf63-8f6b-43c4-83b6-82c24422422e,tch_20230818-233633_175
std_1692385759411_174,65fb217e-82a0-49ed-b4f6-77d79043674f,tch_20230818-233633_174
std_1692385858436_172,27b48cb5-c46d-4638-8e4d-3ee670ab824b,tch_20230818-233633_172
std_1692385755460_173,fdb4f02e-4566-4085-98c8-aa14b73f68b3,tch_20230818-233633_173
std_1692385664434_176,129ca6e3-71f5-49ba-b765-8ab882cfa02d,tch_20230818-233633_176
std_1692385776054_175,ede95093-dc28-4d8d-9947-5ea0369b10da,tch_20230818-233633_175
std_1692385892398_174,3b5e8bde-dd5c-4c5a-88b6-14499c90ad18,tch_20230818-233633_174
std_1692385990904_172,a36e3cc0-e8ba-4324-8977-aefac7297fbd,tch_20230818-233633_172
std_1692385889585_173,23d7aa6b-f519-40c7-a521-00ff5c2ad621,tch_20230818-233633_173
std_1692385684493_177,2dca2a5c-93c4-484e-aaa2-73472a6738de,tch_20230818-233633_177
std_1692385795945_176,56f7c863-48bf-44d9-bf16-17404bbb8ab7,tch_20230818-233633_176
std_1692385907649_175,564cc4a1-d487-4c49-9fee-01dceb58180f,tch_20230818-233633_175
std_1692386018336_174,2325a294-95ca-4861-b5f0-643a87a54b92,tch_20230818-233633_174
std_1692385708388_178,0e55a893-bf8e-4411-94a2-f05d763aa355,tch_20230818-233633_178
std_1692386019170_173,edb8d559-4fe6-4d8e-81e8-ee0eefad902c,tch_20230818-233633_173
std_1692385812878_177,8d4944b6-11a5-48bb-9459-c243efe8689e,tch_20230818-233633_177
std_1692385925357_176,6fcfc925-cae0-4e83-b13f-52973f65f219,tch_20230818-233633_176
std_1692386037528_175,0944432a-c8bf-4d24-becb-b37436167bb1,tch_20230818-233633_175
std_1692385841812_178,973b0cac-b29a-43e6-96be-3d4fb38577f1,tch_20230818-233633_178
std_1692385733432_179,81dfdc6c-16c8-4d95-a36a-8d343ff675e2,tch_20230818-233633_179
std_1692385747800_180,2b28c23b-ba0b-4d31-8d96-5c591a94ecb3,tch_20230818-233633_180
std_1692386056617_176,8b48b907-c182-420c-8ff8-50fed8474a78,tch_20230818-233633_176
std_1692385947434_177,d637128c-d344-43df-b8fd-e5cc1a7e5e18,tch_20230818-233633_177
std_1692385964301_178,adb8b68b-bb4f-447f-9d40-d6c3771cd939,tch_20230818-233633_178
std_1692385866340_179,4c191c92-cd0c-4429-a7a2-5e98a3de6144,tch_20230818-233633_179
std_1692385869603_180,c32a99d6-3160-4533-ac35-06789906223a,tch_20230818-233633_180
std_1692386083712_177,dd30df74-e632-4ed1-ac13-1eeb2373017a,tch_20230818-233633_177
std_1692385764977_181,b57a7d4b-81a3-42df-a9fc-a53ae9e482cd,tch_20230818-233633_181
std_1692386103513_178,358d30c2-e075-4a79-a492-05fce50b683d,tch_20230818-233633_178
std_1692385784532_182,2dda4ba7-030e-40c5-98be-e56b31e7ea5f,tch_20230818-233633_182
std_1692385998807_179,4c2906be-8f5d-4ab2-9f9d-ae9c41d1ee6f,tch_20230818-233633_179
std_1692386004975_180,bb70329a-fe43-42b6-9538-ef30cd871c18,tch_20230818-233633_180
std_1692385896806_181,b549bbf6-40fa-419f-9cc7-19c32ed72a3b,tch_20230818-233633_181
std_1692385811559_183,ab43b54d-a4ce-45a8-8179-61a61495ee1e,tch_20230818-233633_183
std_1692386130819_179,e6fb6249-e43e-44ac-807e-20607a492011,tch_20230818-233633_179
std_1692385913188_182,6301d072-b001-4458-bd9d-c4657238265b,tch_20230818-233633_182
std_1692386133861_180,a69d2127-f47d-43b7-8a4c-6fabfff646ed,tch_20230818-233633_180
std_1692386034740_181,2acfb8f9-6c4f-42bc-a58c-e849a2baaf8c,tch_20230818-233633_181
std_1692385941749_183,ee53b5d9-6d29-4c74-8b95-22e2a31a870c,tch_20230818-233633_183
std_1692386046611_182,a13030f9-2420-48b1-9d53-9aa79ddeaf76,tch_20230818-233633_182
std_1692385828855_184,4246bb54-bf71-49bb-ac30-0a9467d2868e,tch_20230818-233633_184
std_1692385846561_185,9485edd3-2a9e-4978-832c-8b70262fc89b,tch_20230818-233633_185
std_1692386169569_181,ef414b85-13dd-4c5c-9609-e1584f58acc7,tch_20230818-233633_181
std_1692386072051_183,e5f8fe58-319a-4f15-a3f5-606e52b81db3,tch_20230818-233633_183
std_1692385859238_186,5e9deb50-9e0c-4883-8458-c82aa8738d48,tch_20230818-233633_186
std_1692386183535_182,5147e6d2-0852-41b4-aa90-9270bb181a99,tch_20230818-233633_182
std_1692385961654_184,9a93d4a3-1422-4c06-9d77-7e5255a7b40b,tch_20230818-233633_184
std_1692385979453_185,d6e35431-eb7f-44fe-b3f7-cfd2340de6fe,tch_20230818-233633_185
std_1692385884171_187,f3e2f6cb-419a-4466-a5e9-2afe030b7b6e,tch_20230818-233633_187
std_1692386200574_183,b00ae2c2-059c-43ce-bdca-147ecc5f9e37,tch_20230818-233633_183
std_1692385991567_186,abf05c27-3b54-4fd3-9bbf-910e05570fca,tch_20230818-233633_186
std_1692386100608_184,52298526-c77d-40cc-bd82-dce37849bc2e,tch_20230818-233633_184
std_1692386017192_187,613b3533-5751-4af7-bbae-085f31623ca9,tch_20230818-233633_187
std_1692386111715_185,ebd68ee4-ce7c-4276-9039-9c55421c68c2,tch_20230818-233633_185
std_1692386115783_186,14289e67-e7d2-4f57-b88d-fe70def60445,tch_20230818-233633_186
std_1692385905092_188,ff2dd40d-0dd8-4dfb-b005-9799128ee334,tch_20230818-233633_188
std_1692386240414_184,1e3880d1-8982-4cd0-893d-6b21220ba83e,tch_20230818-233633_184
std_1692386156630_187,8bc541dd-2d5f-476e-8323-6fbd566a63f6,tch_20230818-233633_187
std_1692386242671_185,5c28bb88-221c-45cc-a933-1a7a47da556d,tch_20230818-233633_185
std_1692386250564_186,c0736fb6-8b2a-48e3-bbdf-4433fd0be6a2,tch_20230818-233633_186
std_1692385928814_189,a97a41fe-90c3-4378-86c6-3cc3f513dba9,tch_20230818-233633_189
std_1692386037590_188,554e0e42-2dda-46a3-8315-5b71e8e1e7d2,tch_20230818-233633_188
std_1692385945247_190,932116a1-b2a0-4db8-93f9-9effd0489c33,tch_20230818-233633_190
std_1692386274705_187,8c914079-37d9-44ef-9a72-caeab438b76c,tch_20230818-233633_187
std_1692385969590_191,0c47591d-6b3c-449f-bf9e-2305d2a2ffd5,tch_20230818-233633_191
std_1692386068126_189,b9335407-3b9c-428c-b939-3c93fa1c3181,tch_20230818-233633_189
std_1692386177959_188,1ff4ac88-3672-49f1-87b1-449372350935,tch_20230818-233633_188
std_1692386076556_190,52229e13-0e7d-4b9e-a7dd-921e759033c5,tch_20230818-233633_190
std_1692385992266_192,356443e5-f7d5-468f-9d88-10d213558d0a,tch_20230818-233633_192
std_1692386197819_189,3d7a08a2-7d4a-4a05-96a6-e3061b02a6f3,tch_20230818-233633_189
std_1692386101803_191,4c6f457b-81fa-41b8-95c0-e123652d8ad4,tch_20230818-233633_191
std_1692386313736_188,30eafdbe-3be8-4cb2-90d3-9f685a6dcada,tch_20230818-233633_188
std_1692386002778_193,6e3b5489-34cb-4b12-80ef-d9ea7dcb8cf5,tch_20230818-233633_193
std_1692386216499_190,a12d20d2-d4ba-4f83-9ea0-1d85e0afeba7,tch_20230818-233633_190
std_1692386232532_191,a5eee79a-2041-4965-a710-17675177d8a1,tch_20230818-233633_191
std_1692386126498_192,6eab37e9-4711-472d-b705-cd46090233e6,tch_20230818-233633_192
std_1692386328144_189,ae8c40b7-23b7-4996-b9e6-4b9038448986,tch_20230818-233633_189
std_1692386136112_193,3fffbbe7-041f-4415-afa1-6618daf331e0,tch_20230818-233633_193
std_1692386350258_190,87b7fd63-c331-43a9-b52c-5c4eda8248e9,tch_20230818-233633_190
std_1692386360836_191,371a9d15-52d7-4420-9a03-1557ef37509d,tch_20230818-233633_191
std_1692386257866_192,4ff800d2-139d-4a39-9c86-3e68b645bd5b,tch_20230818-233633_192
std_1692386269366_193,7abb62e7-8751-48bc-b2be-ce5b50f38a7c,tch_20230818-233633_193
std_1692386034139_194,e237d2da-a545-4e3a-9a46-c571e559d935,tch_20230818-233633_194
std_1692386043837_195,57b2d97e-828f-43be-b5dc-5f4fe205d1f3,tch_20230818-233633_195
std_1692386065552_196,01ce1732-9793-404f-aa03-aa10abbf70a3,tch_20230818-233633_196
std_1692386384126_192,bb250d7b-7ba5-4229-8713-b772da17d023,tch_20230818-233633_192
std_1692386394208_193,8d6250f0-53c3-4be6-89bf-942a859625b4,tch_20230818-233633_193
std_1692386167359_194,d7313bfb-2e15-4a0b-a5fa-35061111aca6,tch_20230818-233633_194
std_1692386185616_195,edb0cf0a-cbe0-47f9-ad28-cf5a4c79dc2a,tch_20230818-233633_195
std_1692386191019_196,ffbf4789-81f2-4b7c-bf62-f1827ce6059e,tch_20230818-233633_196
std_1692386305293_194,6f05a9ff-7626-4a32-9bd7-42bb5f9a7a21,tch_20230818-233633_194
std_1692386323080_195,fd80df17-8fcd-4044-8d2d-07e13083bea0,tch_20230818-233633_195
std_1692386090845_197,0e19457d-14b0-44b8-8e82-055dd85d9278,tch_20230818-233633_197
std_1692386319026_196,b3105ae6-fdf2-4740-a2c3-d5c335862e9e,tch_20230818-233633_196
std_1692386114963_198,267ef8fc-2e99-48fa-9588-d1f4277ef065,tch_20230818-233633_198
std_1692386444727_194,8746118b-1f70-4484-a404-2bc382fcba06,tch_20230818-233633_194
std_1692386452735_195,59cc861d-1822-4877-a61a-ed22445d789d,tch_20230818-233633_195
std_1692386129985_199,b6347687-80e5-45ca-aa38-925e63c454fe,tch_20230818-233633_199
std_1692386225475_197,ebef33ed-a914-401b-b6f4-03fd63507c8f,tch_20230818-233633_197
std_1692386455671_196,c7a3dcd4-4dcf-4792-abc0-4bcea95110b7,tch_20230818-233633_196
std_1692386255097_198,f4a90ee4-9641-442b-aae4-9f330fdabf4a,tch_20230818-233633_198
std_1692386266518_199,2043379d-e35d-48bb-9280-76b769e8fd8d,tch_20230818-233633_199
std_1692386365233_197,43062f87-e7f1-4e07-b904-18cb753c327f,tch_20230818-233633_197
std_1692386149116_200,db557cd5-094c-442f-af13-50adcdda7dc4,tch_20230818-233633_200
std_1692386161559_201,16c9c9ab-5bdf-4d86-a65b-54ef56bb7d8a,tch_20230818-233633_201
std_1692386391211_198,f8eb7073-43a1-45cc-8a5d-9ef4992c76a0,tch_20230818-233633_198
std_1692386396155_199,223045f2-e1f3-4b9f-bf5a-bfaa3a8e500a,tch_20230818-233633_199
std_1692386502351_197,1bbdaa11-c375-47f2-aebd-64ca104f220f,tch_20230818-233633_197
std_1692386293069_200,15b3a810-5bca-43e7-89b4-926c049a9fec,tch_20230818-233633_200
std_1692386301630_201,39a2d531-d933-4949-af6f-131ee5b90d67,tch_20230818-233633_201
std_1692386192206_202,a48cc669-440a-4497-bd81-0250f109da2d,tch_20230818-233633_202
std_1692386521356_198,44ab849f-51f1-4d1f-80c7-c31f5a74f057,tch_20230818-233633_198
std_1692386204101_203,1d9d862d-76e4-48a3-9aa8-b80d9883b021,tch_20230818-233633_203
std_1692386525577_199,65f30b12-dc41-4c16-a66f-b464e3a24615,tch_20230818-233633_199
std_1692386418286_200,fbddc5e7-7411-4681-a78d-c43b80afee08,tch_20230818-233633_200
std_1692386433202_201,184c741c-e61c-43b2-8752-c5e1f58b3d63,tch_20230818-233633_201
std_1692386322462_202,30657772-21fd-441c-9c8d-6f73894edff1,tch_20230818-233633_202
std_1692386340229_203,0de28797-e903-44a1-9aa0-47c4afa80c2e,tch_20230818-233633_203
std_1692386233239_204,a4365057-cfb8-4899-afa1-5c44ef269008,tch_20230818-233633_204
std_1692386557381_200,9f198a65-6d66-44bd-aa5d-d45fc95c0de5,tch_20230818-233633_200
std_1692386451455_202,1814aa2e-57a1-42cf-b00f-7eab10ea2058,tch_20230818-233633_202
std_1692386565311_201,0064d285-cd6c-4142-a4b4-d5c7f273f691,tch_20230818-233633_201
std_1692386471108_203,15d233b5-f057-49b8-bdf1-38ae49fc690c,tch_20230818-233633_203
std_1692386253143_205,c390266f-dd3b-4c15-87c2-21d941a0cba7,tch_20230818-233633_205
std_1692386363707_204,d2591198-db35-47da-93ae-260dc70e235e,tch_20230818-233633_204
std_1692386587812_202,97f7dbbd-6e83-4d57-aed1-788a75f9e4cb,tch_20230818-233633_202
std_1692386268289_206,57f1f60f-7b07-45ca-956f-a00fddcbe480,tch_20230818-233633_206
std_1692386599586_203,8f8abbb8-ee67-4a74-9db9-e7eeef670b51,tch_20230818-233633_203
std_1692386388996_205,99dc4311-200a-40a2-a098-3886451ef434,tch_20230818-233633_205
std_1692386501836_204,da56887d-a5ab-4811-b085-416f1cafb05a,tch_20230818-233633_204
std_1692386402020_206,abf0b18f-6477-4693-992a-5295e54b4813,tch_20230818-233633_206
std_1692386299936_207,58966a1b-2de8-4a88-92eb-2d03d86b5f6c,tch_20230818-233633_207
std_1692386522685_205,89a39d23-3638-4663-959c-f8eb92ba2e30,tch_20230818-233633_205
std_1692386633545_204,e9902207-815b-4e5e-8330-3740480fdd20,tch_20230818-233633_204
std_1692386530220_206,13b7fc07-2d20-4ef4-bbdf-b2f94484a360,tch_20230818-233633_206
std_1692386312071_208,421e488c-15a7-4b4c-8ebf-646541e2c36a,tch_20230818-233633_208
std_1692386438827_207,34ba5245-0649-4b52-83f8-db896b2828ce,tch_20230818-233633_207
std_1692386327800_209,f5ab0ae7-4d21-4ba5-bcce-089c785d3f02,tch_20230818-233633_209
std_1692386656776_205,46b8463f-cf31-4216-938f-b36e69efe6c4,tch_20230818-233633_205
std_1692386571371_207,782d0d13-b3db-4d8d-84d8-3831a5382b62,tch_20230818-233633_207
std_1692386670803_206,089cd240-f232-4d62-917f-91bf782b0665,tch_20230818-233633_206
std_1692386448434_208,791ff409-322d-46e9-bf01-a1dcd4fd1a14,tch_20230818-233633_208
std_1692386364518_211,4d73cefd-ea42-4e5f-a149-91d09cfbf9db,tch_20230818-233633_211
std_1692386463161_209,05f12dcf-b167-471a-90cd-a5284539548e,tch_20230818-233633_209
std_1692386344359_210,4543e3ce-57f9-4ca4-ac67-1588a901403d,tch_20230818-233633_210
std_1692386698525_207,6092aec3-5776-4296-bd3a-fd129169157a,tch_20230818-233633_207
std_1692386589811_208,216d8024-a53c-45b9-98fb-f74e761bce25,tch_20230818-233633_208
std_1692386493351_211,49ec5406-9286-43cf-a4ea-849676b9ffe8,tch_20230818-233633_211
std_1692386593349_209,643cba20-de15-4879-a9f6-b59983dbae12,tch_20230818-233633_209
std_1692386476485_210,103dbca4-df5e-40e7-a2c4-4125492e0f7e,tch_20230818-233633_210
std_1692386390693_212,8a1f81cc-fd16-4be5-b7a2-79c73cf7dd2d,tch_20230818-233633_212
std_1692386720971_208,91cf7f2b-973b-447e-83b1-7aff078a28fe,tch_20230818-233633_208
std_1692386619459_211,6859d026-d151-4bb7-8710-3e73d602b749,tch_20230818-233633_211
std_1692386722737_209,9102e094-182b-43ac-af60-baa8b4a66685,tch_20230818-233633_209
std_1692386620818_210,c710ad43-2ad7-439f-8c46-68dc3c36debe,tch_20230818-233633_210
std_1692386410234_213,719e814d-be52-4a30-9564-fa82e730d54e,tch_20230818-233633_213
std_1692386531819_212,9653c6a0-ce7c-4cd1-a556-41e5a3ac6811,tch_20230818-233633_212
std_1692386428841_214,f359d86f-a0d3-4144-a5ed-fe10ac642a9a,tch_20230818-233633_214
std_1692386749687_211,793504d6-cbdc-4d0d-b8e5-1abfed976479,tch_20230818-233633_211
std_1692386759287_210,4d8f48a7-7f7e-4b70-b8fb-4842b725df77,tch_20230818-233633_210
std_1692386550183_213,ae7998fb-30c1-4a96-8bfc-001a58f19ad2,tch_20230818-233633_213
std_1692386562471_214,91b2f3aa-afe3-43a8-b5e4-50d973a3d95f,tch_20230818-233633_214
std_1692386453830_215,8a051a57-623c-4965-879a-1d4ca174adac,tch_20230818-233633_215
std_1692386663333_212,4a485736-9898-4339-a991-b5a10ec6eeaf,tch_20230818-233633_212
std_1692386675891_213,886221bc-2b6a-49d2-9478-d742519e0008,tch_20230818-233633_213
std_1692386474803_216,01c2805f-1dbd-4ae6-871d-a22fc5fe7cba,tch_20230818-233633_216
std_1692386692457_214,0bb07292-1b6c-4afe-9999-b21a4ac932ea,tch_20230818-233633_214
std_1692386580113_215,89747103-8281-4450-a882-887cf98acae9,tch_20230818-233633_215
std_1692386793096_212,9736a517-ada8-48ce-b827-f8ab18680a34,tch_20230818-233633_212
std_1692386491570_217,8d3ba5ce-5b5c-48fb-a70e-a77d20d218f6,tch_20230818-233633_217
std_1692386814736_213,e728f8f0-0406-436e-8e78-2c1e0551ec97,tch_20230818-233633_213
std_1692386607003_216,f41c3a65-48ca-4786-825f-fb7c88ceaf75,tch_20230818-233633_216
std_1692386821728_214,92f89ce3-18e9-4109-93e9-71c4c8a92c6c,tch_20230818-233633_214
std_1692386720466_215,5cb9cba3-96bf-4971-b7af-4b4eb7171500,tch_20230818-233633_215
std_1692386503662_218,d3be1324-cc2e-4201-b37e-45a152d99d79,tch_20230818-233633_218
std_1692386628133_217,6c3305a6-213f-4cfe-aa43-bf252aea5a89,tch_20230818-233633_217
std_1692386740219_216,f012da75-7ba0-4086-a888-978f9e906a0a,tch_20230818-233633_216
std_1692386529635_219,618668e2-2dd0-4b83-968b-c20d5a2a7d6b,tch_20230818-233633_219
std_1692386844676_215,ed837187-1bf4-4310-8bb0-bbd2b98c68ae,tch_20230818-233633_215
std_1692386641515_218,77bc27c7-06f1-4de9-9ce4-e21a29542b15,tch_20230818-233633_218
std_1692386756916_217,ddd30605-0375-45a9-92ba-9030916e2b78,tch_20230818-233633_217
std_1692386551131_220,7ceeb701-69ea-4161-a601-6e42defd3e22,tch_20230818-233633_220
std_1692386665425_219,799aa37c-8136-4675-a866-b04b01b30a5e,tch_20230818-233633_219
std_1692386869562_216,ea4707b4-1d99-4d13-ab20-b56291b523c4,tch_20230818-233633_216
std_1692386772629_218,92d584a7-3449-44ba-8c03-963c07ec4ec8,tch_20230818-233633_218
std_1692386889513_217,bbeec830-af7d-4c4c-9e6b-61937b993612,tch_20230818-233633_217
std_1692386684837_220,4c1ed33f-e132-46c5-948c-efff2bc9819e,tch_20230818-233633_220
std_1692386805392_219,0790d6d1-731c-4d47-acc7-9c0a9d5928ab,tch_20230818-233633_219
std_1692386574015_221,a9405904-8a84-4e62-8022-671771e32915,tch_20230818-233633_221
std_1692386592093_222,d6f7ded9-2866-4f99-9c8c-1a4df61a246d,tch_20230818-233633_222
std_1692386906979_218,7550504c-abfa-409e-ab02-58d0f2e28d25,tch_20230818-233633_218
std_1692386814143_220,fff5c146-df77-4ed6-b7f3-779929715675,tch_20230818-233633_220
std_1692386708175_221,9c26663c-b062-426a-9f10-b5c697f8f52f,tch_20230818-233633_221
std_1692386726625_222,dc456597-f319-4574-b98e-9dce3d75bb45,tch_20230818-233633_222
std_1692386932003_219,8aafe53f-90b9-4320-94bd-4aec5cf6c65f,tch_20230818-233633_219
std_1692386605260_223,e3dfbf3b-c25e-4aaa-923f-ceee72077ab3,tch_20230818-233633_223
std_1692386948615_220,3709c784-0e13-4dea-94fe-4421c010739e,tch_20230818-233633_220
std_1692386629818_224,4f52cc42-faa7-42a9-be62-23e883947aa6,tch_20230818-233633_224
std_1692386848373_221,382b8281-3613-4307-b969-4fcf171c133d,tch_20230818-233633_221
std_1692386856862_222,c66f9697-d781-47e3-b7aa-8e596b3bc8c7,tch_20230818-233633_222
std_1692386646026_225,41646683-d4bf-4ab3-afab-26116e15b416,tch_20230818-233633_225
std_1692386671639_226,e86e3657-d464-4bfd-96ac-6466bc5c1731,tch_20230818-233633_226
std_1692386745877_223,27cd4304-7c8e-4123-aac1-ef389e84fb74,tch_20230818-233633_223
std_1692386766002_224,19d121c4-c59a-4311-87a7-c914f305cbde,tch_20230818-233633_224
std_1692386984804_222,2712ca59-c528-4b7d-8567-76aa03e0dc5d,tch_20230818-233633_222
std_1692386979715_221,3635ff41-9f43-41d4-922a-60b7218cf699,tch_20230818-233633_221
std_1692386775869_225,9976ee7c-a985-404c-8b43-374e1b232e87,tch_20230818-233633_225
std_1692386888864_223,fda5047b-46f8-413b-b7c5-6ac571eae3c8,tch_20230818-233633_223
std_1692386800923_226,3968b554-e799-479a-8b5a-d436cd99e96f,tch_20230818-233633_226
std_1692386896772_224,551140b0-271b-45af-84da-14d3d5567a22,tch_20230818-233633_224
std_1692386910236_225,07e7ccae-4ba1-4675-9fbb-b4e31435a3dd,tch_20230818-233633_225
std_1692386696145_227,76288dc1-5694-47e7-b66b-32cc9530596b,tch_20230818-233633_227
std_1692387023977_223,df526d55-8856-4d5a-8147-46434e866b65,tch_20230818-233633_223
std_1692386706115_228,4bcd62be-db44-405f-8c37-3761dc495d9a,tch_20230818-233633_228
std_1692386928321_226,a0a9a7fb-057c-4af1-8ff6-d32a7af2ae9d,tch_20230818-233633_226
std_1692387036419_224,83cdbc52-9896-4618-af67-4c39594cb2d8,tch_20230818-233633_224
std_1692387043526_225,cf96f60f-2be0-4520-996d-79165b234ef1,tch_20230818-233633_225
std_1692386832467_227,0b47ad54-413d-4d26-8224-146b6b54c39a,tch_20230818-233633_227
std_1692386734702_229,48eef8d5-b8cd-434e-b219-8ecfd23ad5d2,tch_20230818-233633_229
std_1692386839140_228,98b51690-d13f-4328-a614-70e6bfdc3bca,tch_20230818-233633_228
std_1692387055389_226,5d89772b-ccb9-4e5b-9c22-fc4b17df8195,tch_20230818-233633_226
std_1692386750563_230,ac4c503f-7583-48e8-819f-f2ead226576c,tch_20230818-233633_230
std_1692386961719_227,dc6a4e6d-3a09-4906-bb8a-71c9b20ea703,tch_20230818-233633_227
std_1692386872687_229,ff3882f5-e367-4032-baab-053805b905c7,tch_20230818-233633_229
std_1692386969878_228,58b96d49-a61b-416f-a6c5-73e31c82c416,tch_20230818-233633_228
std_1692386882004_230,959b0fa0-cdb0-416d-9ccd-ae4313f99eda,tch_20230818-233633_230
std_1692387094898_227,c1b84cef-15d3-400c-b286-085cd9d0915f,tch_20230818-233633_227
std_1692386781796_231,f69c6550-40b4-4885-8fbc-dc64a57f87d9,tch_20230818-233633_231
std_1692387104736_228,af327e54-9021-4f50-a5e3-335412adb5f8,tch_20230818-233633_228
std_1692387002907_229,8e673036-2c91-4bee-a78d-f3a4a065c229,tch_20230818-233633_229
std_1692387009371_230,a9a9a72f-baa4-49fc-8a6c-42bcb1451559,tch_20230818-233633_230
std_1692386811278_233,ba737fb3-5c21-4515-b9bf-eb45287bf407,tch_20230818-233633_233
std_1692387131826_229,1feef75d-6a1a-4585-a483-c94e032b436b,tch_20230818-233633_229
std_1692386914929_231,278bbb96-44ae-42d9-8657-01fb2c8cc160,tch_20230818-233633_231
std_1692386794598_232,f68e0e8f-81e7-4e74-a104-da7f32b9e643,tch_20230818-233633_232
std_1692387141708_230,04d00749-d26d-4175-9135-ea0dd32650b1,tch_20230818-233633_230
std_1692386943913_233,57591d49-7d50-48cb-b791-808212cd3f79,tch_20230818-233633_233
std_1692386831775_234,91dff8a3-763b-4863-bc3b-60d6316962b5,tch_20230818-233633_234
std_1692386935475_232,e53b78ed-7bab-47f9-b800-882c2c487fb9,tch_20230818-233633_232
std_1692387047169_231,d12db7d3-cf8d-4c27-9ec7-b923a80fb4fd,tch_20230818-233633_231
std_1692387070565_233,783958d5-b5a0-46b2-8020-c102ce757697,tch_20230818-233633_233
std_1692386858821_235,5a695e5c-a1f4-466b-891a-22b1cf28a810,tch_20230818-233633_235
std_1692386963460_234,d1e328df-5366-4a16-bc67-1ec52dffa515,tch_20230818-233633_234
std_1692387076078_232,3a82b7ee-f4c8-470f-97b7-554faca36a2d,tch_20230818-233633_232
std_1692387180491_231,1233679c-5e44-4cfb-93c9-d4f64bdc99c4,tch_20230818-233633_231
std_1692386988757_235,49397bda-1577-4fdd-bfb1-855c1b790ea6,tch_20230818-233633_235
std_1692387196261_233,d10483e7-da26-49bb-b750-ff1ed017f5b0,tch_20230818-233633_233
std_1692386887773_237,cc34c3b0-3b46-468e-9a67-362d8cff6712,tch_20230818-233633_237
std_1692386870072_236,9b1ba5c8-91d9-4c96-a197-cf607d74fd28,tch_20230818-233633_236
std_1692387094694_234,b8c04c5c-0599-4df7-9d19-d3bfd9d72ca9,tch_20230818-233633_234
std_1692387211215_232,49a24669-3667-44e4-b63e-6cd71f73ea87,tch_20230818-233633_232
std_1692387121365_235,023004df-cb62-4186-ae34-2782f3e373ea,tch_20230818-233633_235
std_1692387022242_237,b830d4d0-524b-459a-b36a-d17b3fe6d142,tch_20230818-233633_237
std_1692387227343_234,947d5801-4f99-45d0-a757-73cfc3a162d8,tch_20230818-233633_234
std_1692387013505_236,e0dd6399-65f6-40b0-8b0f-2e57920a9ac5,tch_20230818-233633_236
std_1692386907866_238,6a4ca74f-e025-43d1-af28-243fa4276a5e,tch_20230818-233633_238
std_1692387249744_235,9427f54c-20f2-4773-9bbd-b616897dbf2c,tch_20230818-233633_235
std_1692387148298_237,4eaa9c42-4a8d-43bb-bf34-73f96af056e5,tch_20230818-233633_237
std_1692387144000_236,a719f672-571c-4237-bb15-ec5378baf35e,tch_20230818-233633_236
std_1692386948607_240,8f750d7f-5946-459d-b5f1-a8040b5267f5,tch_20230818-233633_240
std_1692387044240_238,fec014ad-f0d1-40b5-8603-a4d08daf1818,tch_20230818-233633_238
std_1692386932064_239,beabe911-322e-42af-9df2-1a2573b32a41,tch_20230818-233633_239
std_1692387280688_237,34e39da7-2b38-42f0-964b-194326ea15e3,tch_20230818-233633_237
std_1692386971695_241,be0f17ec-f3d8-44fc-99af-9c05d3c6c93f,tch_20230818-233633_241
std_1692387283079_236,384cfa08-9307-4e39-8ae5-013f7d928bfd,tch_20230818-233633_236
std_1692387080914_240,73760dc5-9de3-422b-93ac-6104175a0d13,tch_20230818-233633_240
std_1692387181511_238,c5e491b6-94da-4814-b2e9-7abef0ede220,tch_20230818-233633_238
std_1692387077148_239,fe796a3b-5408-46a2-bf8e-a723eabd34bd,tch_20230818-233633_239
std_1692386985436_242,004380e5-e28f-4194-a4c1-a8c994b723a8,tch_20230818-233633_242
std_1692387103991_241,ee34af61-13a4-46eb-ab3d-b9f40d6a096d,tch_20230818-233633_241
std_1692387206035_240,548a7d0c-a097-4f73-b94e-d8ee0e5fc2f0,tch_20230818-233633_240
std_1692387319039_238,adca4e61-a3f1-4b68-9dbe-12bb1e077593,tch_20230818-233633_238
std_1692387217190_239,5e47b84e-4dc3-448d-9ca2-4796ab099074,tch_20230818-233633_239
std_1692387118899_242,53302dd9-0cb1-4b64-84de-1fb775dea354,tch_20230818-233633_242
std_1692387010710_243,5c8dae7c-8184-403e-a327-e020a53e0437,tch_20230818-233633_243
std_1692387233585_241,4f5eeaee-bcea-47a4-98c9-14c76965d58d,tch_20230818-233633_241
std_1692387343315_240,47b77f4f-6572-4d24-ab0d-6e990261321d,tch_20230818-233633_240
std_1692387348186_239,b155a1d6-7ad6-43b4-964d-015662b8553a,tch_20230818-233633_239
std_1692387029716_244,865cce9a-bdf7-491a-ba70-5997f396ce8e,tch_20230818-233633_244
std_1692387250735_242,8bb21347-379b-4e81-80a7-32c02a938f92,tch_20230818-233633_242
std_1692387142355_243,b3b6cd9d-3d87-4e4e-a841-0751f4f3e5c3,tch_20230818-233633_243
std_1692387048637_245,b9cc68d8-6ec1-4504-8710-2befde20741d,tch_20230818-233633_245
std_1692387365377_241,919a6aac-4c23-4c51-a9d8-8d855e72ab04,tch_20230818-233633_241
std_1692387168527_244,f6a96f6e-60fa-4713-a14b-cd882f44a817,tch_20230818-233633_244
std_1692387386737_242,3707471c-d00a-452f-b5b0-e10513a9296f,tch_20230818-233633_242
std_1692387278112_243,619121b5-b115-4fec-81d8-75da8897f96c,tch_20230818-233633_243
std_1692387071592_246,8cb704c2-c118-4fa6-86bc-71026c082a69,tch_20230818-233633_246
std_1692387180210_245,ae9bb447-817d-4ddd-96d3-ead666411841,tch_20230818-233633_245
std_1692387301052_244,9ead1cac-710e-4181-824b-1dbf6e795428,tch_20230818-233633_244
std_1692387088922_247,8b92e6a2-3b07-40ec-8956-289fff59b3a2,tch_20230818-233633_247
std_1692387414189_243,64717d8f-3214-441f-ac21-b0c877497bed,tch_20230818-233633_243
std_1692387203175_246,9d817f11-f98f-45fb-ba72-ef4a352e8a10,tch_20230818-233633_246
std_1692387311507_245,4e477370-6247-4537-8e72-4cadc88d2529,tch_20230818-233633_245
std_1692387433372_244,ef831d48-c818-4dbe-88dc-848ab62220df,tch_20230818-233633_244
std_1692387118283_248,8126f08a-c0dc-48af-92dc-93f9a4b1619e,tch_20230818-233633_248
std_1692387226111_247,64a79eea-b250-4348-9948-c1ba2da7d83b,tch_20230818-233633_247
std_1692387335162_246,9c9cce3c-5c87-4745-a50b-d592ed65e94c,tch_20230818-233633_246
std_1692387447865_245,8ea8fc61-be4d-47c3-9624-028d99075d18,tch_20230818-233633_245
std_1692387135513_249,cbf0d17e-fbf2-48b2-8d34-3947c898eba8,tch_20230818-233633_249
std_1692387244961_248,e61df8a7-c321-4074-86cd-1910e3fd7167,tch_20230818-233633_248
std_1692387151663_250,6b2061d9-f2df-46f2-8570-c6edefff5a00,tch_20230818-233633_250
std_1692387361107_247,11957781-30c3-4ada-80d0-6d001e8a67b1,tch_20230818-233633_247
std_1692387468251_246,c852a9fc-93df-4318-aeb2-8b0c7cf2da47,tch_20230818-233633_246
std_1692387270291_249,4256a236-1211-4dd1-a90c-83454c29a98f,tch_20230818-233633_249
std_1692387491377_247,414745b9-0335-4233-a591-1d9d1643d51c,tch_20230818-233633_247
std_1692387381586_248,b1cd206e-2708-4ea7-8d7d-1ff4202471fe,tch_20230818-233633_248
std_1692387277302_250,7a628380-78ce-4b55-894a-bc6f4b5a6786,tch_20230818-233633_250
std_1692387402896_249,26d9eab7-60df-4f77-b645-abc34fe43047,tch_20230818-233633_249
std_1692387516850_248,b87a72a3-f328-4f14-9fb3-d321168489a3,tch_20230818-233633_248
std_1692387411382_250,5c16c041-5b2f-4b95-930f-4d27b62a895b,tch_20230818-233633_250
std_1692387541352_250,203e37cd-6839-4b1c-a8cd-baaf07116545,tch_20230818-233633_250
std_1692387536030_249,3ef06bac-fac3-431f-b636-0b956495d28f,tch_20230818-233633_249
