extuserid,classcode,category
std_YN3c-zMt8_1692893261553_83,YN3c-zMt8,3B8PE
std_w9k7-zKeT_1692893267047_75,w9k7-zKeT,3B8PE
std_fE93-k28s_1692893267490_78,fE93-k28s,3B8PE
std_7Pr2-h2Lz_1692893264562_67,7Pr2-h2Lz,3B8PE
std_8f7o-Vg42_1692893266053_89,8f7o-Vg42,3B8PE
std_nUdL-os6v_1692893259235_81,nUdL-os6v,3B8PE
std_9FLY-nzhz_1692893264317_95,9FLY-nzhz,3B8PE
std_7KnM-fpx4_1692893256381_79,7KnM-fpx4,3B8PE
std_64y8-Z6kN_1692893257016_71,64y8-Z6kN,3B8PE
std_qa4J-493X_1692893264370_84,qa4J-493X,3B8PE
std_7Ckg-jC43_1692893257772_65,7Ckg-jC43,3B8PE
std_cnEe-mXvc_1692893263197_86,cnEe-mXvc,3B8PE
std_gkZL-YMGm_1692893262458_88,gkZL-YMGm,3B8PE
std_ZUPs-7Ghf_1692893255662_66,ZUPs-7Ghf,3B8PE
std_rEWZ-7zi9_1692893255237_93,rEWZ-7zi9,3B8PE
std_Q9LV-s3b2_1692893259345_74,Q9LV-s3b2,3B8PE
std_g3i8-dP8a_1692893254783_90,g3i8-dP8a,3B8PE
std_Vf4b-34Yt_1692893255540_91,Vf4b-34Yt,3B8PE
std_c72a-RcqP_1692893255631_72,c72a-RcqP,3B8PE
std_6ya9-m474_1692893249568_64,6ya9-m474,3B8PE
std_XRXs-HJVX_1692893248672_68,XRXs-HJVX,3B8PE
std_3ZLE-Zu8B_1692893247911_80,3ZLE-Zu8B,3B8PE
std_9V68-zGY2_1692893252562_85,9V68-zGY2,3B8PE
std_z286-2K4s_1692893251080_69,z286-2K4s,3B8PE
std_MA4u-EDae_1692893244970_94,MA4u-EDae,3B8PE
std_zb92-WEkL_1692893252831_73,zb92-WEkL,3B8PE
std_e4ch-842v_1692893248452_92,e4ch-842v,3B8PE
std_8WZH-xnLu_1692893245947_82,8WZH-xnLu,3B8PE
std_VmH4-W8ip_1692893240954_77,VmH4-W8ip,3B8PE
std_m3aX-43R7_1692893238666_76,m3aX-43R7,3B8PE
std_EKrW-fKwZ_1692893240654_87,EKrW-fKwZ,3B8PE
std_fE93-k28s_1692893242497_78,fE93-k28s,3B8PE
std_w9k7-zKeT_1692893242206_75,w9k7-zKeT,3B8PE
std_8f7o-Vg42_1692893236072_89,8f7o-Vg42,3B8PE
std_7Pr2-h2Lz_1692893232653_67,7Pr2-h2Lz,3B8PE
std_qa4J-493X_1692893238457_84,qa4J-493X,3B8PE
std_gkZL-YMGm_1692893233095_88,gkZL-YMGm,3B8PE
std_vjg8-k6K2_1692893233079_70,vjg8-k6K2,3B8PE
std_YN3c-zMt8_1692893233551_83,YN3c-zMt8,3B8PE
std_Q9LV-s3b2_1692893229995_74,Q9LV-s3b2,3B8PE
std_nUdL-os6v_1692893231897_81,nUdL-os6v,3B8PE
std_7Ckg-jC43_1692893230821_65,7Ckg-jC43,3B8PE
std_64y8-Z6kN_1692893230042_71,64y8-Z6kN,3B8PE
std_7KnM-fpx4_1692893227884_79,7KnM-fpx4,3B8PE
std_ZUPs-7Ghf_1692893225920_66,ZUPs-7Ghf,3B8PE
std_c72a-RcqP_1692893229270_72,c72a-RcqP,3B8PE
std_Vf4b-34Yt_1692893226437_91,Vf4b-34Yt,3B8PE
std_rEWZ-7zi9_1692893228310_93,rEWZ-7zi9,3B8PE
std_g3i8-dP8a_1692893230903_90,g3i8-dP8a,3B8PE
std_zb92-WEkL_1692893228042_73,zb92-WEkL,3B8PE
std_9V68-zGY2_1692893225694_85,9V68-zGY2,3B8PE
std_z286-2K4s_1692893218904_69,z286-2K4s,3B8PE
std_6ya9-m474_1692893224444_64,6ya9-m474,3B8PE
std_XRXs-HJVX_1692893218532_68,XRXs-HJVX,3B8PE
std_e4ch-842v_1692893215354_92,e4ch-842v,3B8PE
std_3ZLE-Zu8B_1692893221666_80,3ZLE-Zu8B,3B8PE
std_8WZH-xnLu_1692893218748_82,8WZH-xnLu,3B8PE
std_MA4u-EDae_1692893217309_94,MA4u-EDae,3B8PE
std_fE93-k28s_1692893213637_78,fE93-k28s,3B8PE
std_w9k7-zKeT_1692893217025_75,w9k7-zKeT,3B8PE
std_VmH4-W8ip_1692893207864_77,VmH4-W8ip,3B8PE
std_EKrW-fKwZ_1692893212485_87,EKrW-fKwZ,3B8PE
std_m3aX-43R7_1692893207425_76,m3aX-43R7,3B8PE
std_qa4J-493X_1692893213077_84,qa4J-493X,3B8PE
std_cnEe-mXvc_1692893208097_86,cnEe-mXvc,3B8PE
std_8f7o-Vg42_1692893203589_89,8f7o-Vg42,3B8PE
std_YN3c-zMt8_1692893207435_83,YN3c-zMt8,3B8PE
std_gkZL-YMGm_1692893208113_88,gkZL-YMGm,3B8PE
std_vjg8-k6K2_1692893202573_70,vjg8-k6K2,3B8PE
std_7Pr2-h2Lz_1692893207755_67,7Pr2-h2Lz,3B8PE
std_nUdL-os6v_1692893205175_81,nUdL-os6v,3B8PE
std_g3i8-dP8a_1692893200211_90,g3i8-dP8a,3B8PE
std_7Ckg-jC43_1692893197871_65,7Ckg-jC43,3B8PE
std_64y8-Z6kN_1692893206316_71,64y8-Z6kN,3B8PE
std_Q9LV-s3b2_1692893200145_74,Q9LV-s3b2,3B8PE
std_c72a-RcqP_1692893201867_72,c72a-RcqP,3B8PE
std_rEWZ-7zi9_1692893196441_93,rEWZ-7zi9,3B8PE
std_zb92-WEkL_1692893204435_73,zb92-WEkL,3B8PE
std_7KnM-fpx4_1692893199736_79,7KnM-fpx4,3B8PE
std_Vf4b-34Yt_1692893202025_91,Vf4b-34Yt,3B8PE
std_ZUPs-7Ghf_1692893199204_66,ZUPs-7Ghf,3B8PE
std_9V68-zGY2_1692893199437_85,9V68-zGY2,3B8PE
std_nGt4-J4bc_1692893200526_63,nGt4-J4bc,3B8PE
std_6ya9-m474_1692893193941_64,6ya9-m474,3B8PE
std_3ZLE-Zu8B_1692893190732_80,3ZLE-Zu8B,3B8PE
std_z286-2K4s_1692893195444_69,z286-2K4s,3B8PE
std_8WZH-xnLu_1692893190666_82,8WZH-xnLu,3B8PE
std_XRXs-HJVX_1692893193067_68,XRXs-HJVX,3B8PE
std_w9k7-zKeT_1692893187868_75,w9k7-zKeT,3B8PE
std_e4ch-842v_1692893187772_92,e4ch-842v,3B8PE
std_fE93-k28s_1692893181638_78,fE93-k28s,3B8PE
std_qa4J-493X_1692893185214_84,qa4J-493X,3B8PE
std_EKrW-fKwZ_1692893185150_87,EKrW-fKwZ,3B8PE
std_gkZL-YMGm_1692893180737_88,gkZL-YMGm,3B8PE
std_cnEe-mXvc_1692893183050_86,cnEe-mXvc,3B8PE
std_VmH4-W8ip_1692893177748_77,VmH4-W8ip,3B8PE
std_7Pr2-h2Lz_1692893178399_67,7Pr2-h2Lz,3B8PE
std_YN3c-zMt8_1692893181576_83,YN3c-zMt8,3B8PE
std_m3aX-43R7_1692893174338_76,m3aX-43R7,3B8PE
std_64y8-Z6kN_1692893174942_71,64y8-Z6kN,3B8PE
std_nUdL-os6v_1692893177716_81,nUdL-os6v,3B8PE
std_zb92-WEkL_1692893174623_73,zb92-WEkL,3B8PE
std_8f7o-Vg42_1692893178363_89,8f7o-Vg42,3B8PE
std_vjg8-k6K2_1692893171056_70,vjg8-k6K2,3B8PE
std_Vf4b-34Yt_1692893172290_91,Vf4b-34Yt,3B8PE
std_c72a-RcqP_1692893178018_72,c72a-RcqP,3B8PE
std_nGt4-J4bc_1692893175893_63,nGt4-J4bc,3B8PE
std_g3i8-dP8a_1692893169603_90,g3i8-dP8a,3B8PE
std_Q9LV-s3b2_1692893170011_74,Q9LV-s3b2,3B8PE
std_7KnM-fpx4_1692893174828_79,7KnM-fpx4,3B8PE
std_9V68-zGY2_1692893168533_85,9V68-zGY2,3B8PE
std_ZUPs-7Ghf_1692893171938_66,ZUPs-7Ghf,3B8PE
std_7Ckg-jC43_1692893165404_65,7Ckg-jC43,3B8PE
std_rEWZ-7zi9_1692893165420_93,rEWZ-7zi9,3B8PE
std_z286-2K4s_1692893163797_69,z286-2K4s,3B8PE
std_6ya9-m474_1692893161150_64,6ya9-m474,3B8PE
std_XRXs-HJVX_1692893168150_68,XRXs-HJVX,3B8PE
std_3ZLE-Zu8B_1692893161324_80,3ZLE-Zu8B,3B8PE
std_8WZH-xnLu_1692893160423_82,8WZH-xnLu,3B8PE
std_w9k7-zKeT_1692893154750_75,w9k7-zKeT,3B8PE
std_e4ch-842v_1692893163730_92,e4ch-842v,3B8PE
std_qa4J-493X_1692893159351_84,qa4J-493X,3B8PE
std_EKrW-fKwZ_1692893154173_87,EKrW-fKwZ,3B8PE
std_cnEe-mXvc_1692893153794_86,cnEe-mXvc,3B8PE
std_fE93-k28s_1692893148700_78,fE93-k28s,3B8PE
std_YN3c-zMt8_1692893149167_83,YN3c-zMt8,3B8PE
std_gkZL-YMGm_1692893153936_88,gkZL-YMGm,3B8PE
std_LJv4-MPjW_1692893151601_62,LJv4-MPjW,3B8PE
std_7Pr2-h2Lz_1692893154126_67,7Pr2-h2Lz,3B8PE
std_8f7o-Vg42_1692893153936_89,8f7o-Vg42,3B8PE
std_c72a-RcqP_1692893150148_72,c72a-RcqP,3B8PE
std_VmH4-W8ip_1692893148900_77,VmH4-W8ip,3B8PE
std_nUdL-os6v_1692893149246_81,nUdL-os6v,3B8PE
std_nGt4-J4bc_1692893150366_63,nGt4-J4bc,3B8PE
std_64y8-Z6kN_1692893143068_71,64y8-Z6kN,3B8PE
std_7KnM-fpx4_1692893142449_79,7KnM-fpx4,3B8PE
std_zb92-WEkL_1692893145943_73,zb92-WEkL,3B8PE
std_m3aX-43R7_1692893145875_76,m3aX-43R7,3B8PE
std_Vf4b-34Yt_1692893139603_91,Vf4b-34Yt,3B8PE
std_ZUPs-7Ghf_1692893141555_66,ZUPs-7Ghf,3B8PE
std_vjg8-k6K2_1692893142449_70,vjg8-k6K2,3B8PE
std_Q9LV-s3b2_1692893141386_74,Q9LV-s3b2,3B8PE
std_g3i8-dP8a_1692893136679_90,g3i8-dP8a,3B8PE
std_9V68-zGY2_1692893137930_85,9V68-zGY2,3B8PE
std_XRXs-HJVX_1692893140644_68,XRXs-HJVX,3B8PE
std_7Ckg-jC43_1692893137270_65,7Ckg-jC43,3B8PE
std_z286-2K4s_1692893134142_69,z286-2K4s,3B8PE
std_e4ch-842v_1692893135777_92,e4ch-842v,3B8PE
std_3ZLE-Zu8B_1692893136579_80,3ZLE-Zu8B,3B8PE
std_6ya9-m474_1692893129529_64,6ya9-m474,3B8PE
std_8WZH-xnLu_1692893132071_82,8WZH-xnLu,3B8PE
std_qa4J-493X_1692893128016_84,qa4J-493X,3B8PE
std_w9k7-zKeT_1692893128300_75,w9k7-zKeT,3B8PE
std_EKrW-fKwZ_1692893122873_87,EKrW-fKwZ,3B8PE
std_7Pr2-h2Lz_1692893120885_67,7Pr2-h2Lz,3B8PE
std_8f7o-Vg42_1692893126328_89,8f7o-Vg42,3B8PE
std_gkZL-YMGm_1692893121073_88,gkZL-YMGm,3B8PE
std_cnEe-mXvc_1692893124749_86,cnEe-mXvc,3B8PE
std_LJv4-MPjW_1692893121674_62,LJv4-MPjW,3B8PE
std_nGt4-J4bc_1692893126722_63,nGt4-J4bc,3B8PE
std_c72a-RcqP_1692893119837_72,c72a-RcqP,3B8PE
std_nUdL-os6v_1692893118993_81,nUdL-os6v,3B8PE
std_YN3c-zMt8_1692893121487_83,YN3c-zMt8,3B8PE
std_VmH4-W8ip_1692893125108_77,VmH4-W8ip,3B8PE
std_fE93-k28s_1692893116540_78,fE93-k28s,3B8PE
std_zb92-WEkL_1692893116681_73,zb92-WEkL,3B8PE
std_m3aX-43R7_1692893113154_76,m3aX-43R7,3B8PE
std_64y8-Z6kN_1692893110932_71,64y8-Z6kN,3B8PE
std_ZUPs-7Ghf_1692893117044_66,ZUPs-7Ghf,3B8PE
std_Q9LV-s3b2_1692893113973_74,Q9LV-s3b2,3B8PE
std_XRXs-HJVX_1692893115420_68,XRXs-HJVX,3B8PE
std_Vf4b-34Yt_1692893108630_91,Vf4b-34Yt,3B8PE
std_9V68-zGY2_1692893111831_85,9V68-zGY2,3B8PE
std_7Ckg-jC43_1692893106644_65,7Ckg-jC43,3B8PE
std_g3i8-dP8a_1692893113000_90,g3i8-dP8a,3B8PE
std_3ZLE-Zu8B_1692893111689_80,3ZLE-Zu8B,3B8PE
std_e4ch-842v_1692893107312_92,e4ch-842v,3B8PE
std_z286-2K4s_1692893102140_69,z286-2K4s,3B8PE
std_8WZH-xnLu_1692893108330_82,8WZH-xnLu,3B8PE
std_6ya9-m474_1692893098515_64,6ya9-m474,3B8PE
std_w9k7-zKeT_1692893096775_75,w9k7-zKeT,3B8PE
std_qa4J-493X_1692893097705_84,qa4J-493X,3B8PE
std_CM72-ur8K_1692893097012_61,CM72-ur8K,3B8PE
std_nGt4-J4bc_1692893102681_63,nGt4-J4bc,3B8PE
std_8f7o-Vg42_1692893100182_89,8f7o-Vg42,3B8PE
std_VmH4-W8ip_1692893098244_77,VmH4-W8ip,3B8PE
std_cnEe-mXvc_1692893094827_86,cnEe-mXvc,3B8PE
std_EKrW-fKwZ_1692893092930_87,EKrW-fKwZ,3B8PE
std_LJv4-MPjW_1692893096289_62,LJv4-MPjW,3B8PE
std_YN3c-zMt8_1692893095188_83,YN3c-zMt8,3B8PE
std_gkZL-YMGm_1692893092296_88,gkZL-YMGm,3B8PE
std_7Pr2-h2Lz_1692893092884_67,7Pr2-h2Lz,3B8PE
std_c72a-RcqP_1692893092595_72,c72a-RcqP,3B8PE
std_nUdL-os6v_1692893087493_81,nUdL-os6v,3B8PE
std_ZUPs-7Ghf_1692893086371_66,ZUPs-7Ghf,3B8PE
std_zb92-WEkL_1692893089990_73,zb92-WEkL,3B8PE
std_fE93-k28s_1692893088477_78,fE93-k28s,3B8PE
std_XRXs-HJVX_1692893082768_68,XRXs-HJVX,3B8PE
std_vjg8-k6K2_1692893088502_70,vjg8-k6K2,3B8PE
std_Q9LV-s3b2_1692893088692_74,Q9LV-s3b2,3B8PE
std_m3aX-43R7_1692893088141_76,m3aX-43R7,3B8PE
std_g3i8-dP8a_1692893085091_90,g3i8-dP8a,3B8PE
std_9V68-zGY2_1692893083777_85,9V68-zGY2,3B8PE
std_3ZLE-Zu8B_1692893080262_80,3ZLE-Zu8B,3B8PE
std_64y8-Z6kN_1692893079662_71,64y8-Z6kN,3B8PE
std_7KnM-fpx4_1692893082752_79,7KnM-fpx4,3B8PE
std_Vf4b-34Yt_1692893084667_91,Vf4b-34Yt,3B8PE
std_8WZH-xnLu_1692893076163_82,8WZH-xnLu,3B8PE
std_7Ckg-jC43_1692893079458_65,7Ckg-jC43,3B8PE
std_nGt4-J4bc_1692893077351_63,nGt4-J4bc,3B8PE
std_z286-2K4s_1692893075840_69,z286-2K4s,3B8PE
std_8f7o-Vg42_1692893075644_89,8f7o-Vg42,3B8PE
std_6ya9-m474_1692893066095_64,6ya9-m474,3B8PE
std_VmH4-W8ip_1692893065731_77,VmH4-W8ip,3B8PE
std_qa4J-493X_1692893074510_84,qa4J-493X,3B8PE
std_CM72-ur8K_1692893071061_61,CM72-ur8K,3B8PE
std_w9k7-zKeT_1692893073151_75,w9k7-zKeT,3B8PE
std_LJv4-MPjW_1692893064375_62,LJv4-MPjW,3B8PE
std_YN3c-zMt8_1692893071845_83,YN3c-zMt8,3B8PE
std_cnEe-mXvc_1692893062625_86,cnEe-mXvc,3B8PE
std_EKrW-fKwZ_1692893065738_87,EKrW-fKwZ,3B8PE
std_7Pr2-h2Lz_1692893066334_67,7Pr2-h2Lz,3B8PE
std_c72a-RcqP_1692893063798_72,c72a-RcqP,3B8PE
std_gkZL-YMGm_1692893064375_88,gkZL-YMGm,3B8PE
std_zb92-WEkL_1692893057889_73,zb92-WEkL,3B8PE
std_Q9LV-s3b2_1692893058906_74,Q9LV-s3b2,3B8PE
std_vjg8-k6K2_1692893056324_70,vjg8-k6K2,3B8PE
std_fE93-k28s_1692893057778_78,fE93-k28s,3B8PE
std_m3aX-43R7_1692893055882_76,m3aX-43R7,3B8PE
std_nUdL-os6v_1692893054571_81,nUdL-os6v,3B8PE
std_ZUPs-7Ghf_1692893056056_66,ZUPs-7Ghf,3B8PE
std_g3i8-dP8a_1692893056619_90,g3i8-dP8a,3B8PE
std_Vf4b-34Yt_1692893058782_91,Vf4b-34Yt,3B8PE
std_9V68-zGY2_1692893054578_85,9V68-zGY2,3B8PE
std_XRXs-HJVX_1692893055260_68,XRXs-HJVX,3B8PE
std_7KnM-fpx4_1692893057339_79,7KnM-fpx4,3B8PE
std_cuLt-PHrb_1692893050082_60,cuLt-PHrb,3B8PE
std_3ZLE-Zu8B_1692893051552_80,3ZLE-Zu8B,3B8PE
std_64y8-Z6kN_1692893055256_71,64y8-Z6kN,3B8PE
std_7Ckg-jC43_1692893051213_65,7Ckg-jC43,3B8PE
std_nGt4-J4bc_1692893050518_63,nGt4-J4bc,3B8PE
std_8WZH-xnLu_1692893051838_82,8WZH-xnLu,3B8PE
std_z286-2K4s_1692893047862_69,z286-2K4s,3B8PE
std_8f7o-Vg42_1692893046026_89,8f7o-Vg42,3B8PE
std_qa4J-493X_1692893043670_84,qa4J-493X,3B8PE
std_w9k7-zKeT_1692893041049_75,w9k7-zKeT,3B8PE
std_YN3c-zMt8_1692893042700_83,YN3c-zMt8,3B8PE
std_CM72-ur8K_1692893039360_61,CM72-ur8K,3B8PE
std_7Pr2-h2Lz_1692893039481_67,7Pr2-h2Lz,3B8PE
std_6ya9-m474_1692893033431_64,6ya9-m474,3B8PE
std_EKrW-fKwZ_1692893041594_87,EKrW-fKwZ,3B8PE
std_VmH4-W8ip_1692893037626_77,VmH4-W8ip,3B8PE
std_c72a-RcqP_1692893030840_72,c72a-RcqP,3B8PE
std_cnEe-mXvc_1692893032641_86,cnEe-mXvc,3B8PE
std_Q9LV-s3b2_1692893027810_74,Q9LV-s3b2,3B8PE
std_zb92-WEkL_1692893024883_73,zb92-WEkL,3B8PE
std_fE93-k28s_1692893034060_78,fE93-k28s,3B8PE
std_7KnM-fpx4_1692893026192_79,7KnM-fpx4,3B8PE
std_g3i8-dP8a_1692893023569_90,g3i8-dP8a,3B8PE
std_vjg8-k6K2_1692893023891_70,vjg8-k6K2,3B8PE
std_ZUPs-7Ghf_1692893031565_66,ZUPs-7Ghf,3B8PE
std_m3aX-43R7_1692893029304_76,m3aX-43R7,3B8PE
std_XRXs-HJVX_1692893023581_68,XRXs-HJVX,3B8PE
std_64y8-Z6kN_1692893022431_71,64y8-Z6kN,3B8PE
std_9V68-zGY2_1692893025624_85,9V68-zGY2,3B8PE
std_nUdL-os6v_1692893027360_81,nUdL-os6v,3B8PE
std_8WZH-xnLu_1692893023906_82,8WZH-xnLu,3B8PE
std_3ZLE-Zu8B_1692893019655_80,3ZLE-Zu8B,3B8PE
std_nGt4-J4bc_1692893018641_63,nGt4-J4bc,3B8PE
std_K9vY-W29X_1692893022631_59,K9vY-W29X,3B8PE
std_cuLt-PHrb_1692893025282_60,cuLt-PHrb,3B8PE
std_z286-2K4s_1692893013423_69,z286-2K4s,3B8PE
std_8f7o-Vg42_1692893016323_89,8f7o-Vg42,3B8PE
std_qa4J-493X_1692893015148_84,qa4J-493X,3B8PE
std_YN3c-zMt8_1692893018989_83,YN3c-zMt8,3B8PE
std_EKrW-fKwZ_1692893018327_87,EKrW-fKwZ,3B8PE
std_w9k7-zKeT_1692893017438_75,w9k7-zKeT,3B8PE
std_LJv4-MPjW_1692893007601_62,LJv4-MPjW,3B8PE
std_7Pr2-h2Lz_1692893008903_67,7Pr2-h2Lz,3B8PE
std_CM72-ur8K_1692893006048_61,CM72-ur8K,3B8PE
std_VmH4-W8ip_1692893006467_77,VmH4-W8ip,3B8PE
std_fE93-k28s_1692893006824_78,fE93-k28s,3B8PE
std_6ya9-m474_1692893001295_64,6ya9-m474,3B8PE
std_cnEe-mXvc_1692893000665_86,cnEe-mXvc,3B8PE
std_ZUPs-7Ghf_1692893001946_66,ZUPs-7Ghf,3B8PE
std_gkZL-YMGm_1692893000862_88,gkZL-YMGm,3B8PE
std_c72a-RcqP_1692892997450_72,c72a-RcqP,3B8PE
std_m3aX-43R7_1692893001244_76,m3aX-43R7,3B8PE
std_Q9LV-s3b2_1692893000698_74,Q9LV-s3b2,3B8PE
std_nUdL-os6v_1692892998326_81,nUdL-os6v,3B8PE
std_7Ckg-jC43_1692893002211_65,7Ckg-jC43,3B8PE
std_7KnM-fpx4_1692893001601_79,7KnM-fpx4,3B8PE
std_9V68-zGY2_1692893000181_85,9V68-zGY2,3B8PE
std_cuLt-PHrb_1692892998508_60,cuLt-PHrb,3B8PE
std_zb92-WEkL_1692892999495_73,zb92-WEkL,3B8PE
std_8WZH-xnLu_1692892997988_82,8WZH-xnLu,3B8PE
std_vjg8-k6K2_1692892994421_70,vjg8-k6K2,3B8PE
std_XRXs-HJVX_1692892995364_68,XRXs-HJVX,3B8PE
std_K9vY-W29X_1692892993175_59,K9vY-W29X,3B8PE
std_64y8-Z6kN_1692892991570_71,64y8-Z6kN,3B8PE
std_3ZLE-Zu8B_1692892987830_80,3ZLE-Zu8B,3B8PE
std_YN3c-zMt8_1692892991778_83,YN3c-zMt8,3B8PE
std_nGt4-J4bc_1692892991269_63,nGt4-J4bc,3B8PE
std_EKrW-fKwZ_1692892986612_87,EKrW-fKwZ,3B8PE
std_w9k7-zKeT_1692892985399_75,w9k7-zKeT,3B8PE
std_8f7o-Vg42_1692892986360_89,8f7o-Vg42,3B8PE
std_qa4J-493X_1692892987419_84,qa4J-493X,3B8PE
std_z286-2K4s_1692892979881_69,z286-2K4s,3B8PE
std_7Pr2-h2Lz_1692892979356_67,7Pr2-h2Lz,3B8PE
std_LJv4-MPjW_1692892976677_62,LJv4-MPjW,3B8PE
std_fE93-k28s_1692892976057_78,fE93-k28s,3B8PE
std_VmH4-W8ip_1692892978265_77,VmH4-W8ip,3B8PE
std_CM72-ur8K_1692892978595_61,CM72-ur8K,3B8PE
std_7Ckg-jC43_1692892975562_65,7Ckg-jC43,3B8PE
std_ZUPs-7Ghf_1692892977937_66,ZUPs-7Ghf,3B8PE
std_7KnM-fpx4_1692892977586_79,7KnM-fpx4,3B8PE
std_6ya9-m474_1692892970158_64,6ya9-m474,3B8PE
std_m3aX-43R7_1692892974347_76,m3aX-43R7,3B8PE
std_gkZL-YMGm_1692892972185_88,gkZL-YMGm,3B8PE
std_Q9LV-s3b2_1692892973035_74,Q9LV-s3b2,3B8PE
std_cnEe-mXvc_1692892973127_86,cnEe-mXvc,3B8PE
std_9V68-zGY2_1692892972551_85,9V68-zGY2,3B8PE
std_zb92-WEkL_1692892972364_73,zb92-WEkL,3B8PE
std_cuLt-PHrb_1692892965312_60,cuLt-PHrb,3B8PE
std_nUdL-os6v_1692892971817_81,nUdL-os6v,3B8PE
std_8WZH-xnLu_1692892965347_82,8WZH-xnLu,3B8PE
std_c72a-RcqP_1692892968203_72,c72a-RcqP,3B8PE
std_XRXs-HJVX_1692892961556_68,XRXs-HJVX,3B8PE
std_vjg8-k6K2_1692892965349_70,vjg8-k6K2,3B8PE
std_K9vY-W29X_1692892960741_59,K9vY-W29X,3B8PE
std_D24E-vAUe_1692892966459_58,D24E-vAUe,3B8PE
std_YN3c-zMt8_1692892962265_83,YN3c-zMt8,3B8PE
std_64y8-Z6kN_1692892959823_71,64y8-Z6kN,3B8PE
std_nGt4-J4bc_1692892963532_63,nGt4-J4bc,3B8PE
std_3ZLE-Zu8B_1692892957029_80,3ZLE-Zu8B,3B8PE
std_qa4J-493X_1692892960901_84,qa4J-493X,3B8PE
std_EKrW-fKwZ_1692892957781_87,EKrW-fKwZ,3B8PE
std_w9k7-zKeT_1692892948397_75,w9k7-zKeT,3B8PE
std_z286-2K4s_1692892954123_69,z286-2K4s,3B8PE
std_7Pr2-h2Lz_1692892945863_67,7Pr2-h2Lz,3B8PE
std_CM72-ur8K_1692892947292_61,CM72-ur8K,3B8PE
std_VmH4-W8ip_1692892954123_77,VmH4-W8ip,3B8PE
std_ZUPs-7Ghf_1692892948844_66,ZUPs-7Ghf,3B8PE
std_7KnM-fpx4_1692892949121_79,7KnM-fpx4,3B8PE
std_LJv4-MPjW_1692892950486_62,LJv4-MPjW,3B8PE
std_fE93-k28s_1692892946665_78,fE93-k28s,3B8PE
std_7Ckg-jC43_1692892949658_65,7Ckg-jC43,3B8PE
std_m3aX-43R7_1692892941976_76,m3aX-43R7,3B8PE
std_cnEe-mXvc_1692892942448_86,cnEe-mXvc,3B8PE
std_Q9LV-s3b2_1692892945814_74,Q9LV-s3b2,3B8PE
std_9V68-zGY2_1692892941159_85,9V68-zGY2,3B8PE
std_zb92-WEkL_1692892945972_73,zb92-WEkL,3B8PE
std_gkZL-YMGm_1692892940832_88,gkZL-YMGm,3B8PE
std_nUdL-os6v_1692892940812_81,nUdL-os6v,3B8PE
std_6ya9-m474_1692892937459_64,6ya9-m474,3B8PE
std_c72a-RcqP_1692892942659_72,c72a-RcqP,3B8PE
std_D24E-vAUe_1692892936965_58,D24E-vAUe,3B8PE
std_vjg8-k6K2_1692892937745_70,vjg8-k6K2,3B8PE
std_8WZH-xnLu_1692892936441_82,8WZH-xnLu,3B8PE
std_cuLt-PHrb_1692892941360_60,cuLt-PHrb,3B8PE
std_nGt4-J4bc_1692892932075_63,nGt4-J4bc,3B8PE
std_YN3c-zMt8_1692892933071_83,YN3c-zMt8,3B8PE
std_XRXs-HJVX_1692892927697_68,XRXs-HJVX,3B8PE
std_qa4J-493X_1692892928248_84,qa4J-493X,3B8PE
std_K9vY-W29X_1692892931740_59,K9vY-W29X,3B8PE
std_64y8-Z6kN_1692892930703_71,64y8-Z6kN,3B8PE
std_EKrW-fKwZ_1692892926937_87,EKrW-fKwZ,3B8PE
std_3ZLE-Zu8B_1692892932121_80,3ZLE-Zu8B,3B8PE
std_LJv4-MPjW_1692892922548_62,LJv4-MPjW,3B8PE
std_7Ckg-jC43_1692892922619_65,7Ckg-jC43,3B8PE
std_Kt46-7tgM_1692892919884_57,Kt46-7tgM,3B8PE
std_7KnM-fpx4_1692892921101_79,7KnM-fpx4,3B8PE
std_ZUPs-7Ghf_1692892922592_66,ZUPs-7Ghf,3B8PE
std_w9k7-zKeT_1692892914036_75,w9k7-zKeT,3B8PE
std_CM72-ur8K_1692892919095_61,CM72-ur8K,3B8PE
std_fE93-k28s_1692892920157_78,fE93-k28s,3B8PE
std_zb92-WEkL_1692892919434_73,zb92-WEkL,3B8PE
std_7Pr2-h2Lz_1692892914367_67,7Pr2-h2Lz,3B8PE
std_Q9LV-s3b2_1692892912805_74,Q9LV-s3b2,3B8PE
std_c72a-RcqP_1692892918352_72,c72a-RcqP,3B8PE
std_cnEe-mXvc_1692892914650_86,cnEe-mXvc,3B8PE
std_m3aX-43R7_1692892913426_76,m3aX-43R7,3B8PE
std_cuLt-PHrb_1692892908448_60,cuLt-PHrb,3B8PE
std_9V68-zGY2_1692892917200_85,9V68-zGY2,3B8PE
std_nUdL-os6v_1692892912143_81,nUdL-os6v,3B8PE
std_vjg8-k6K2_1692892906326_70,vjg8-k6K2,3B8PE
std_6ya9-m474_1692892912585_64,6ya9-m474,3B8PE
std_D24E-vAUe_1692892912140_58,D24E-vAUe,3B8PE
std_8WZH-xnLu_1692892907855_82,8WZH-xnLu,3B8PE
std_YN3c-zMt8_1692892908297_83,YN3c-zMt8,3B8PE
std_3ZLE-Zu8B_1692892896646_80,3ZLE-Zu8B,3B8PE
std_nGt4-J4bc_1692892900898_63,nGt4-J4bc,3B8PE
std_K9vY-W29X_1692892905781_59,K9vY-W29X,3B8PE
std_64y8-Z6kN_1692892904493_71,64y8-Z6kN,3B8PE
std_VmH4-W8ip_1692892905510_77,VmH4-W8ip,3B8PE
std_32dh-zkJ6_1692892897305_56,32dh-zkJ6,3B8PE
std_qa4J-493X_1692892898901_84,qa4J-493X,3B8PE
std_XRXs-HJVX_1692892897124_68,XRXs-HJVX,3B8PE
std_z286-2K4s_1692892896508_69,z286-2K4s,3B8PE
std_EKrW-fKwZ_1692892902162_87,EKrW-fKwZ,3B8PE
std_7Ckg-jC43_1692892892806_65,7Ckg-jC43,3B8PE
std_ZUPs-7Ghf_1692892889611_66,ZUPs-7Ghf,3B8PE
std_LJv4-MPjW_1692892895331_62,LJv4-MPjW,3B8PE
std_7KnM-fpx4_1692892891999_79,7KnM-fpx4,3B8PE
std_fE93-k28s_1692892891406_78,fE93-k28s,3B8PE
std_Kt46-7tgM_1692892888366_57,Kt46-7tgM,3B8PE
std_zb92-WEkL_1692892894466_73,zb92-WEkL,3B8PE
std_CM72-ur8K_1692892886354_61,CM72-ur8K,3B8PE
std_c72a-RcqP_1692892886384_72,c72a-RcqP,3B8PE
std_9V68-zGY2_1692892887317_85,9V68-zGY2,3B8PE
std_cnEe-mXvc_1692892884328_86,cnEe-mXvc,3B8PE
std_7Pr2-h2Lz_1692892885641_67,7Pr2-h2Lz,3B8PE
std_w9k7-zKeT_1692892885268_75,w9k7-zKeT,3B8PE
std_m3aX-43R7_1692892888015_76,m3aX-43R7,3B8PE
std_Q9LV-s3b2_1692892879436_74,Q9LV-s3b2,3B8PE
std_6ya9-m474_1692892883999_64,6ya9-m474,3B8PE
std_nUdL-os6v_1692892884044_81,nUdL-os6v,3B8PE
std_D24E-vAUe_1692892884350_58,D24E-vAUe,3B8PE
std_cuLt-PHrb_1692892879442_60,cuLt-PHrb,3B8PE
std_YN3c-zMt8_1692892876989_83,YN3c-zMt8,3B8PE
std_8WZH-xnLu_1692892879034_82,8WZH-xnLu,3B8PE
std_vjg8-k6K2_1692892876985_70,vjg8-k6K2,3B8PE
std_K9vY-W29X_1692892880933_59,K9vY-W29X,3B8PE
std_VmH4-W8ip_1692892873468_77,VmH4-W8ip,3B8PE
std_64y8-Z6kN_1692892872946_71,64y8-Z6kN,3B8PE
std_nGt4-J4bc_1692892874742_63,nGt4-J4bc,3B8PE
std_qa4J-493X_1692892865228_84,qa4J-493X,3B8PE
std_32dh-zkJ6_1692892868955_56,32dh-zkJ6,3B8PE
std_XRXs-HJVX_1692892867414_68,XRXs-HJVX,3B8PE
std_3ZLE-Zu8B_1692892871882_80,3ZLE-Zu8B,3B8PE
std_z286-2K4s_1692892864518_69,z286-2K4s,3B8PE
std_LJv4-MPjW_1692892869708_62,LJv4-MPjW,3B8PE
std_zb92-WEkL_1692892861232_73,zb92-WEkL,3B8PE
std_7Ckg-jC43_1692892865702_65,7Ckg-jC43,3B8PE
std_7KnM-fpx4_1692892862927_79,7KnM-fpx4,3B8PE
std_fE93-k28s_1692892862052_78,fE93-k28s,3B8PE
std_ZUPs-7Ghf_1692892865670_66,ZUPs-7Ghf,3B8PE
std_Kt46-7tgM_1692892857592_57,Kt46-7tgM,3B8PE
std_m3aX-43R7_1692892855648_76,m3aX-43R7,3B8PE
std_9V68-zGY2_1692892856471_85,9V68-zGY2,3B8PE
std_c72a-RcqP_1692892860560_72,c72a-RcqP,3B8PE
std_CM72-ur8K_1692892855387_61,CM72-ur8K,3B8PE
std_7Pr2-h2Lz_1692892861418_67,7Pr2-h2Lz,3B8PE
std_w9k7-zKeT_1692892860258_75,w9k7-zKeT,3B8PE
std_D24E-vAUe_1692892858980_58,D24E-vAUe,3B8PE
std_cnEe-mXvc_1692892859571_86,cnEe-mXvc,3B8PE
std_nUdL-os6v_1692892853853_81,nUdL-os6v,3B8PE
std_6ya9-m474_1692892855357_64,6ya9-m474,3B8PE
std_K9vY-W29X_1692892850611_59,K9vY-W29X,3B8PE
std_cuLt-PHrb_1692892854026_60,cuLt-PHrb,3B8PE
std_Q9LV-s3b2_1692892853573_74,Q9LV-s3b2,3B8PE
std_8WZH-xnLu_1692892851062_82,8WZH-xnLu,3B8PE
std_YN3c-zMt8_1692892845039_83,YN3c-zMt8,3B8PE
std_vjg8-k6K2_1692892850275_70,vjg8-k6K2,3B8PE
std_nGt4-J4bc_1692892842365_63,nGt4-J4bc,3B8PE
std_VmH4-W8ip_1692892849050_77,VmH4-W8ip,3B8PE
std_64y8-Z6kN_1692892842099_71,64y8-Z6kN,3B8PE
std_3ZLE-Zu8B_1692892846177_80,3ZLE-Zu8B,3B8PE
std_LJv4-MPjW_1692892839151_62,LJv4-MPjW,3B8PE
std_32dh-zkJ6_1692892844054_56,32dh-zkJ6,3B8PE
std_L6KR-3n4V_1692892837801_55,L6KR-3n4V,3B8PE
std_XRXs-HJVX_1692892843396_68,XRXs-HJVX,3B8PE
std_7Ckg-jC43_1692892839755_65,7Ckg-jC43,3B8PE
std_ZUPs-7Ghf_1692892840088_66,ZUPs-7Ghf,3B8PE
std_qa4J-493X_1692892835158_84,qa4J-493X,3B8PE
std_z286-2K4s_1692892840451_69,z286-2K4s,3B8PE
std_7KnM-fpx4_1692892838882_79,7KnM-fpx4,3B8PE
std_fE93-k28s_1692892835073_78,fE93-k28s,3B8PE
std_7Pr2-h2Lz_1692892831952_67,7Pr2-h2Lz,3B8PE
std_zb92-WEkL_1692892836446_73,zb92-WEkL,3B8PE
std_c72a-RcqP_1692892834047_72,c72a-RcqP,3B8PE
std_w9k7-zKeT_1692892832718_75,w9k7-zKeT,3B8PE
std_cnEe-mXvc_1692892834024_86,cnEe-mXvc,3B8PE
std_D24E-vAUe_1692892825751_58,D24E-vAUe,3B8PE
std_Kt46-7tgM_1692892830390_57,Kt46-7tgM,3B8PE
std_9V68-zGY2_1692892824394_85,9V68-zGY2,3B8PE
std_m3aX-43R7_1692892829370_76,m3aX-43R7,3B8PE
std_CM72-ur8K_1692892831295_61,CM72-ur8K,3B8PE
std_6ya9-m474_1692892825109_64,6ya9-m474,3B8PE
std_cuLt-PHrb_1692892821245_60,cuLt-PHrb,3B8PE
std_nUdL-os6v_1692892827451_81,nUdL-os6v,3B8PE
std_Q9LV-s3b2_1692892822881_74,Q9LV-s3b2,3B8PE
std_8WZH-xnLu_1692892818012_82,8WZH-xnLu,3B8PE
std_K9vY-W29X_1692892823695_59,K9vY-W29X,3B8PE
std_vjg8-k6K2_1692892822003_70,vjg8-k6K2,3B8PE
std_VmH4-W8ip_1692892824644_77,VmH4-W8ip,3B8PE
std_3ZLE-Zu8B_1692892818155_80,3ZLE-Zu8B,3B8PE
std_YN3c-zMt8_1692892821170_83,YN3c-zMt8,3B8PE
std_32dh-zkJ6_1692892814326_56,32dh-zkJ6,3B8PE
std_XRXs-HJVX_1692892819953_68,XRXs-HJVX,3B8PE
std_nGt4-J4bc_1692892815879_63,nGt4-J4bc,3B8PE
std_64y8-Z6kN_1692892812314_71,64y8-Z6kN,3B8PE
std_z286-2K4s_1692892807124_69,z286-2K4s,3B8PE
std_ZUPs-7Ghf_1692892807140_66,ZUPs-7Ghf,3B8PE
std_7Ckg-jC43_1692892812867_65,7Ckg-jC43,3B8PE
std_LJv4-MPjW_1692892807924_62,LJv4-MPjW,3B8PE
std_7KnM-fpx4_1692892813251_79,7KnM-fpx4,3B8PE
std_L6KR-3n4V_1692892809506_55,L6KR-3n4V,3B8PE
std_zb92-WEkL_1692892803456_73,zb92-WEkL,3B8PE
std_qa4J-493X_1692892803471_84,qa4J-493X,3B8PE
std_fE93-k28s_1692892804208_78,fE93-k28s,3B8PE
std_c72a-RcqP_1692892808066_72,c72a-RcqP,3B8PE
std_w9k7-zKeT_1692892803123_75,w9k7-zKeT,3B8PE
std_7Pr2-h2Lz_1692892800122_67,7Pr2-h2Lz,3B8PE
std_CM72-ur8K_1692892804068_61,CM72-ur8K,3B8PE
std_Kt46-7tgM_1692892804737_57,Kt46-7tgM,3B8PE
std_m3aX-43R7_1692892800830_76,m3aX-43R7,3B8PE
std_nUdL-os6v_1692892803842_81,nUdL-os6v,3B8PE
std_D24E-vAUe_1692892801831_58,D24E-vAUe,3B8PE
std_6ya9-m474_1692892795144_64,6ya9-m474,3B8PE
std_VmH4-W8ip_1692892800490_77,VmH4-W8ip,3B8PE
std_9V68-zGY2_1692892792886_85,9V68-zGY2,3B8PE
std_K9vY-W29X_1692892793224_59,K9vY-W29X,3B8PE
std_Q9LV-s3b2_1692892796171_74,Q9LV-s3b2,3B8PE
std_vjg8-k6K2_1692892792931_70,vjg8-k6K2,3B8PE
std_cuLt-PHrb_1692892789842_60,cuLt-PHrb,3B8PE
std_YN3c-zMt8_1692892795025_83,YN3c-zMt8,3B8PE
std_XRXs-HJVX_1692892795585_68,XRXs-HJVX,3B8PE
std_8Dui-zvMq_1692892787117_54,8Dui-zvMq,3B8PE
std_3ZLE-Zu8B_1692892789540_80,3ZLE-Zu8B,3B8PE
std_8WZH-xnLu_1692892790805_82,8WZH-xnLu,3B8PE
std_nGt4-J4bc_1692892782148_63,nGt4-J4bc,3B8PE
std_32dh-zkJ6_1692892789370_56,32dh-zkJ6,3B8PE
std_7KnM-fpx4_1692892782526_79,7KnM-fpx4,3B8PE
std_7Ckg-jC43_1692892777707_65,7Ckg-jC43,3B8PE
std_64y8-Z6kN_1692892782062_71,64y8-Z6kN,3B8PE
std_L6KR-3n4V_1692892781663_55,L6KR-3n4V,3B8PE
std_c72a-RcqP_1692892782234_72,c72a-RcqP,3B8PE
std_LJv4-MPjW_1692892781059_62,LJv4-MPjW,3B8PE
std_ZUPs-7Ghf_1692892781312_66,ZUPs-7Ghf,3B8PE
std_z286-2K4s_1692892778187_69,z286-2K4s,3B8PE
std_Kt46-7tgM_1692892780956_57,Kt46-7tgM,3B8PE
std_fE93-k28s_1692892773369_78,fE93-k28s,3B8PE
std_CM72-ur8K_1692892774828_61,CM72-ur8K,3B8PE
std_nUdL-os6v_1692892772841_81,nUdL-os6v,3B8PE
std_qa4J-493X_1692892771441_84,qa4J-493X,3B8PE
std_zb92-WEkL_1692892772542_73,zb92-WEkL,3B8PE
std_D24E-vAUe_1692892769009_58,D24E-vAUe,3B8PE
std_m3aX-43R7_1692892776550_76,m3aX-43R7,3B8PE
std_VmH4-W8ip_1692892766125_77,VmH4-W8ip,3B8PE
std_7Pr2-h2Lz_1692892771784_67,7Pr2-h2Lz,3B8PE
std_Q9LV-s3b2_1692892763942_74,Q9LV-s3b2,3B8PE
std_XRXs-HJVX_1692892762899_68,XRXs-HJVX,3B8PE
std_6ya9-m474_1692892768835_64,6ya9-m474,3B8PE
std_YN3c-zMt8_1692892764544_83,YN3c-zMt8,3B8PE
std_K9vY-W29X_1692892761390_59,K9vY-W29X,3B8PE
std_vjg8-k6K2_1692892766485_70,vjg8-k6K2,3B8PE
std_8WZH-xnLu_1692892759994_82,8WZH-xnLu,3B8PE
std_cuLt-PHrb_1692892761049_60,cuLt-PHrb,3B8PE
std_3ZLE-Zu8B_1692892758088_80,3ZLE-Zu8B,3B8PE
std_32dh-zkJ6_1692892759088_56,32dh-zkJ6,3B8PE
std_8Dui-zvMq_1692892757188_54,8Dui-zvMq,3B8PE
std_7KnM-fpx4_1692892755667_79,7KnM-fpx4,3B8PE
std_c72a-RcqP_1692892749110_72,c72a-RcqP,3B8PE
std_nGt4-J4bc_1692892751343_63,nGt4-J4bc,3B8PE
std_64y8-Z6kN_1692892754503_71,64y8-Z6kN,3B8PE
std_L6KR-3n4V_1692892753053_55,L6KR-3n4V,3B8PE
std_ZUPs-7Ghf_1692892755964_66,ZUPs-7Ghf,3B8PE
std_LJv4-MPjW_1692892749946_62,LJv4-MPjW,3B8PE
std_Kt46-7tgM_1692892749780_57,Kt46-7tgM,3B8PE
std_z286-2K4s_1692892750042_69,z286-2K4s,3B8PE
std_7Ckg-jC43_1692892750649_65,7Ckg-jC43,3B8PE
std_m3aX-43R7_1692892749684_76,m3aX-43R7,3B8PE
std_CM72-ur8K_1692892744926_61,CM72-ur8K,3B8PE
std_w9k7-zKeT_1692892743142_75,w9k7-zKeT,3B8PE
std_fE93-k28s_1692892740377_78,fE93-k28s,3B8PE
std_nUdL-os6v_1692892748681_81,nUdL-os6v,3B8PE
std_zb92-WEkL_1692892748910_73,zb92-WEkL,3B8PE
std_7Pr2-h2Lz_1692892741697_67,7Pr2-h2Lz,3B8PE
std_qa4J-493X_1692892741303_84,qa4J-493X,3B8PE
std_D24E-vAUe_1692892741428_58,D24E-vAUe,3B8PE
std_6ya9-m474_1692892738897_64,6ya9-m474,3B8PE
std_vjg8-k6K2_1692892737875_70,vjg8-k6K2,3B8PE
std_VmH4-W8ip_1692892742422_77,VmH4-W8ip,3B8PE
std_YN3c-zMt8_1692892737463_83,YN3c-zMt8,3B8PE
std_Q9LV-s3b2_1692892734028_74,Q9LV-s3b2,3B8PE
std_HuCr-LURQ_1692892735101_53,HuCr-LURQ,3B8PE
std_XRXs-HJVX_1692892732732_68,XRXs-HJVX,3B8PE
std_K9vY-W29X_1692892735473_59,K9vY-W29X,3B8PE
std_cuLt-PHrb_1692892735813_60,cuLt-PHrb,3B8PE
std_8WZH-xnLu_1692892731329_82,8WZH-xnLu,3B8PE
std_32dh-zkJ6_1692892728236_56,32dh-zkJ6,3B8PE
std_3ZLE-Zu8B_1692892733103_80,3ZLE-Zu8B,3B8PE
std_8Dui-zvMq_1692892733157_54,8Dui-zvMq,3B8PE
std_ZUPs-7Ghf_1692892722647_66,ZUPs-7Ghf,3B8PE
std_7KnM-fpx4_1692892729216_79,7KnM-fpx4,3B8PE
std_64y8-Z6kN_1692892730273_71,64y8-Z6kN,3B8PE
std_L6KR-3n4V_1692892728806_55,L6KR-3n4V,3B8PE
std_nGt4-J4bc_1692892724579_63,nGt4-J4bc,3B8PE
std_7Ckg-jC43_1692892722027_65,7Ckg-jC43,3B8PE
std_z286-2K4s_1692892722559_69,z286-2K4s,3B8PE
std_LJv4-MPjW_1692892716097_62,LJv4-MPjW,3B8PE
std_Kt46-7tgM_1692892721675_57,Kt46-7tgM,3B8PE
std_m3aX-43R7_1692892717293_76,m3aX-43R7,3B8PE
std_c72a-RcqP_1692892720367_72,c72a-RcqP,3B8PE
std_zb92-WEkL_1692892717013_73,zb92-WEkL,3B8PE
std_nUdL-os6v_1692892717498_81,nUdL-os6v,3B8PE
std_CM72-ur8K_1692892712458_61,CM72-ur8K,3B8PE
std_w9k7-zKeT_1692892711731_75,w9k7-zKeT,3B8PE
std_VmH4-W8ip_1692892715714_77,VmH4-W8ip,3B8PE
std_7Pr2-h2Lz_1692892713169_67,7Pr2-h2Lz,3B8PE
std_D24E-vAUe_1692892715002_58,D24E-vAUe,3B8PE
std_CpVn-AXkA_1692892716120_52,CpVn-AXkA,3B8PE
std_fE93-k28s_1692892716597_78,fE93-k28s,3B8PE
std_6ya9-m474_1692892715465_64,6ya9-m474,3B8PE
std_vjg8-k6K2_1692892713030_70,vjg8-k6K2,3B8PE
std_YN3c-zMt8_1692892708138_83,YN3c-zMt8,3B8PE
std_cuLt-PHrb_1692892711456_60,cuLt-PHrb,3B8PE
std_K9vY-W29X_1692892710753_59,K9vY-W29X,3B8PE
std_HuCr-LURQ_1692892711112_53,HuCr-LURQ,3B8PE
std_Q9LV-s3b2_1692892699287_74,Q9LV-s3b2,3B8PE
std_8Dui-zvMq_1692892699899_54,8Dui-zvMq,3B8PE
std_3ZLE-Zu8B_1692892707235_80,3ZLE-Zu8B,3B8PE
std_XRXs-HJVX_1692892709312_68,XRXs-HJVX,3B8PE
std_8WZH-xnLu_1692892698929_82,8WZH-xnLu,3B8PE
std_64y8-Z6kN_1692892702562_71,64y8-Z6kN,3B8PE
std_7KnM-fpx4_1692892702931_79,7KnM-fpx4,3B8PE
std_L6KR-3n4V_1692892698963_55,L6KR-3n4V,3B8PE
std_32dh-zkJ6_1692892698738_56,32dh-zkJ6,3B8PE
std_nGt4-J4bc_1692892698695_63,nGt4-J4bc,3B8PE
std_ZUPs-7Ghf_1692892692482_66,ZUPs-7Ghf,3B8PE
std_z286-2K4s_1692892689706_69,z286-2K4s,3B8PE
std_7Ckg-jC43_1692892692458_65,7Ckg-jC43,3B8PE
std_Kt46-7tgM_1692892690980_57,Kt46-7tgM,3B8PE
std_c72a-RcqP_1692892693639_72,c72a-RcqP,3B8PE
std_nUdL-os6v_1692892688671_81,nUdL-os6v,3B8PE
std_m3aX-43R7_1692892692283_76,m3aX-43R7,3B8PE
std_zb92-WEkL_1692892685950_73,zb92-WEkL,3B8PE
std_fE93-k28s_1692892683430_78,fE93-k28s,3B8PE
std_CpVn-AXkA_1692892688110_52,CpVn-AXkA,3B8PE
std_LJv4-MPjW_1692892687671_62,LJv4-MPjW,3B8PE
std_VmH4-W8ip_1692892687468_77,VmH4-W8ip,3B8PE
std_6ya9-m474_1692892689631_64,6ya9-m474,3B8PE
std_D24E-vAUe_1692892682715_58,D24E-vAUe,3B8PE
std_7Pr2-h2Lz_1692892689729_67,7Pr2-h2Lz,3B8PE
std_vjg8-k6K2_1692892684078_70,vjg8-k6K2,3B8PE
std_CM72-ur8K_1692892687874_61,CM72-ur8K,3B8PE
std_w9k7-zKeT_1692892683814_75,w9k7-zKeT,3B8PE
std_cuLt-PHrb_1692892685082_60,cuLt-PHrb,3B8PE
std_HuCr-LURQ_1692892685029_53,HuCr-LURQ,3B8PE
std_K9vY-W29X_1692892686725_59,K9vY-W29X,3B8PE
std_XRXs-HJVX_1692892682193_68,XRXs-HJVX,3B8PE
std_3ZLE-Zu8B_1692892678666_80,3ZLE-Zu8B,3B8PE
std_7KnM-fpx4_1692892670615_79,7KnM-fpx4,3B8PE
std_64y8-Z6kN_1692892676082_71,64y8-Z6kN,3B8PE
std_8Dui-zvMq_1692892674634_54,8Dui-zvMq,3B8PE
std_Q9LV-s3b2_1692892666952_74,Q9LV-s3b2,3B8PE
std_L6KR-3n4V_1692892668179_55,L6KR-3n4V,3B8PE
std_8WZH-xnLu_1692892669059_82,8WZH-xnLu,3B8PE
std_32dh-zkJ6_1692892665092_56,32dh-zkJ6,3B8PE
std_nGt4-J4bc_1692892673425_63,nGt4-J4bc,3B8PE
std_c72a-RcqP_1692892663615_72,c72a-RcqP,3B8PE
std_ZUPs-7Ghf_1692892661507_66,ZUPs-7Ghf,3B8PE
std_7Ckg-jC43_1692892666678_65,7Ckg-jC43,3B8PE
std_m3aX-43R7_1692892667241_76,m3aX-43R7,3B8PE
std_Kt46-7tgM_1692892663865_57,Kt46-7tgM,3B8PE
std_7Pr2-h2Lz_1692892666279_67,7Pr2-h2Lz,3B8PE
std_z286-2K4s_1692892659501_69,z286-2K4s,3B8PE
std_6ya9-m474_1692892660998_64,6ya9-m474,3B8PE
std_nUdL-os6v_1692892655824_81,nUdL-os6v,3B8PE
std_CpVn-AXkA_1692892664214_52,CpVn-AXkA,3B8PE
std_CM72-ur8K_1692892663475_61,CM72-ur8K,3B8PE
std_LJv4-MPjW_1692892655543_62,LJv4-MPjW,3B8PE
std_VmH4-W8ip_1692892654043_77,VmH4-W8ip,3B8PE
std_K9vY-W29X_1692892658662_59,K9vY-W29X,3B8PE
std_zb92-WEkL_1692892654328_73,zb92-WEkL,3B8PE
std_cuLt-PHrb_1692892655436_60,cuLt-PHrb,3B8PE
std_HuCr-LURQ_1692892656511_53,HuCr-LURQ,3B8PE
std_vjg8-k6K2_1692892658930_70,vjg8-k6K2,3B8PE
std_w9k7-zKeT_1692892651632_75,w9k7-zKeT,3B8PE
std_fE93-k28s_1692892652867_78,fE93-k28s,3B8PE
std_D24E-vAUe_1692892657929_58,D24E-vAUe,3B8PE
std_XRXs-HJVX_1692892651717_68,XRXs-HJVX,3B8PE
std_3ZLE-Zu8B_1692892648818_80,3ZLE-Zu8B,3B8PE
std_9cre-nk23_1692892650822_50,9cre-nk23,3B8PE
std_64y8-Z6kN_1692892645377_71,64y8-Z6kN,3B8PE
std_8Dui-zvMq_1692892641997_54,8Dui-zvMq,3B8PE
std_nGt4-J4bc_1692892647561_63,nGt4-J4bc,3B8PE
std_7KnM-fpx4_1692892643060_79,7KnM-fpx4,3B8PE
std_L6KR-3n4V_1692892643274_55,L6KR-3n4V,3B8PE
std_m3aX-43R7_1692892635392_76,m3aX-43R7,3B8PE
std_Q9LV-s3b2_1692892641272_74,Q9LV-s3b2,3B8PE
std_7Ckg-jC43_1692892642025_65,7Ckg-jC43,3B8PE
std_7Pr2-h2Lz_1692892634726_67,7Pr2-h2Lz,3B8PE
std_32dh-zkJ6_1692892634759_56,32dh-zkJ6,3B8PE
std_CpVn-AXkA_1692892636115_52,CpVn-AXkA,3B8PE
std_Kt46-7tgM_1692892635324_57,Kt46-7tgM,3B8PE
std_c72a-RcqP_1692892638096_72,c72a-RcqP,3B8PE
std_CM72-ur8K_1692892639772_61,CM72-ur8K,3B8PE
std_t9Za-6BhW_1692892639622_51,t9Za-6BhW,3B8PE
std_ZUPs-7Ghf_1692892628392_66,ZUPs-7Ghf,3B8PE
std_6ya9-m474_1692892630852_64,6ya9-m474,3B8PE
std_z286-2K4s_1692892630160_69,z286-2K4s,3B8PE
std_vjg8-k6K2_1692892632384_70,vjg8-k6K2,3B8PE
std_K9vY-W29X_1692892628631_59,K9vY-W29X,3B8PE
std_D24E-vAUe_1692892632632_58,D24E-vAUe,3B8PE
std_HuCr-LURQ_1692892629536_53,HuCr-LURQ,3B8PE
std_nUdL-os6v_1692892626451_81,nUdL-os6v,3B8PE
std_LJv4-MPjW_1692892629743_62,LJv4-MPjW,3B8PE
std_cuLt-PHrb_1692892628080_60,cuLt-PHrb,3B8PE
std_zb92-WEkL_1692892628915_73,zb92-WEkL,3B8PE
std_VmH4-W8ip_1692892623815_77,VmH4-W8ip,3B8PE
std_fE93-k28s_1692892621995_78,fE93-k28s,3B8PE
std_XRXs-HJVX_1692892622203_68,XRXs-HJVX,3B8PE
std_w9k7-zKeT_1692892620990_75,w9k7-zKeT,3B8PE
std_9cre-nk23_1692892618758_50,9cre-nk23,3B8PE
std_3ZLE-Zu8B_1692892620838_80,3ZLE-Zu8B,3B8PE
std_nGt4-J4bc_1692892619863_63,nGt4-J4bc,3B8PE
std_64y8-Z6kN_1692892621107_71,64y8-Z6kN,3B8PE
std_L6KR-3n4V_1692892611779_55,L6KR-3n4V,3B8PE
std_7KnM-fpx4_1692892616692_79,7KnM-fpx4,3B8PE
std_7Ckg-jC43_1692892613820_65,7Ckg-jC43,3B8PE
std_8Dui-zvMq_1692892613305_54,8Dui-zvMq,3B8PE
std_Q9LV-s3b2_1692892615298_74,Q9LV-s3b2,3B8PE
std_CM72-ur8K_1692892605914_61,CM72-ur8K,3B8PE
std_t9Za-6BhW_1692892607411_51,t9Za-6BhW,3B8PE
std_c72a-RcqP_1692892614050_72,c72a-RcqP,3B8PE
std_CpVn-AXkA_1692892606267_52,CpVn-AXkA,3B8PE
std_m3aX-43R7_1692892606532_76,m3aX-43R7,3B8PE
std_Kt46-7tgM_1692892610196_57,Kt46-7tgM,3B8PE
std_32dh-zkJ6_1692892601077_56,32dh-zkJ6,3B8PE
std_7Pr2-h2Lz_1692892604278_67,7Pr2-h2Lz,3B8PE
std_D24E-vAUe_1692892600432_58,D24E-vAUe,3B8PE
std_vjg8-k6K2_1692892602540_70,vjg8-k6K2,3B8PE
std_6ya9-m474_1692892601966_64,6ya9-m474,3B8PE
std_z286-2K4s_1692892598786_69,z286-2K4s,3B8PE
std_HuCr-LURQ_1692892597093_53,HuCr-LURQ,3B8PE
std_zb92-WEkL_1692892604482_73,zb92-WEkL,3B8PE
std_K9vY-W29X_1692892604587_59,K9vY-W29X,3B8PE
std_ZUPs-7Ghf_1692892599462_66,ZUPs-7Ghf,3B8PE
std_cuLt-PHrb_1692892601445_60,cuLt-PHrb,3B8PE
std_VmH4-W8ip_1692892599791_77,VmH4-W8ip,3B8PE
std_XRXs-HJVX_1692892588957_68,XRXs-HJVX,3B8PE
std_fE93-k28s_1692892594676_78,fE93-k28s,3B8PE
std_64y8-Z6kN_1692892592031_71,64y8-Z6kN,3B8PE
std_w9k7-zKeT_1692892597465_75,w9k7-zKeT,3B8PE
std_3ZLE-Zu8B_1692892595686_80,3ZLE-Zu8B,3B8PE
std_nGt4-J4bc_1692892595617_63,nGt4-J4bc,3B8PE
std_9cre-nk23_1692892589022_50,9cre-nk23,3B8PE
std_7KnM-fpx4_1692892587407_79,7KnM-fpx4,3B8PE
std_Q9LV-s3b2_1692892587723_74,Q9LV-s3b2,3B8PE
std_c72a-RcqP_1692892586326_72,c72a-RcqP,3B8PE
std_7Ckg-jC43_1692892590175_65,7Ckg-jC43,3B8PE
std_8Dui-zvMq_1692892585272_54,8Dui-zvMq,3B8PE
std_L6KR-3n4V_1692892581535_55,L6KR-3n4V,3B8PE
std_Kt46-7tgM_1692892577805_57,Kt46-7tgM,3B8PE
std_t9Za-6BhW_1692892575001_51,t9Za-6BhW,3B8PE
std_m3aX-43R7_1692892576145_76,m3aX-43R7,3B8PE
std_CpVn-AXkA_1692892579459_52,CpVn-AXkA,3B8PE
std_CM72-ur8K_1692892580022_61,CM72-ur8K,3B8PE
std_K9vY-W29X_1692892573399_59,K9vY-W29X,3B8PE
std_zb92-WEkL_1692892577270_73,zb92-WEkL,3B8PE
std_7Pr2-h2Lz_1692892579273_67,7Pr2-h2Lz,3B8PE
std_LJv4-MPjW_1692892576374_62,LJv4-MPjW,3B8PE
std_vjg8-k6K2_1692892576831_70,vjg8-k6K2,3B8PE
std_6ya9-m474_1692892569682_64,6ya9-m474,3B8PE
std_cuLt-PHrb_1692892570347_60,cuLt-PHrb,3B8PE
std_32dh-zkJ6_1692892573365_56,32dh-zkJ6,3B8PE
std_D24E-vAUe_1692892571372_58,D24E-vAUe,3B8PE
std_VmH4-W8ip_1692892570065_77,VmH4-W8ip,3B8PE
std_ZUPs-7Ghf_1692892573990_66,ZUPs-7Ghf,3B8PE
std_z286-2K4s_1692892569380_69,z286-2K4s,3B8PE
std_w9k7-zKeT_1692892565232_75,w9k7-zKeT,3B8PE
std_HuCr-LURQ_1692892571074_53,HuCr-LURQ,3B8PE
std_3ZLE-Zu8B_1692892566042_80,3ZLE-Zu8B,3B8PE
std_nGt4-J4bc_1692892567372_63,nGt4-J4bc,3B8PE
std_fE93-k28s_1692892562019_78,fE93-k28s,3B8PE
std_64y8-Z6kN_1692892568366_71,64y8-Z6kN,3B8PE
std_sNqa-mW47_1692892566312_49,sNqa-mW47,3B8PE
std_7Ckg-jC43_1692892556798_65,7Ckg-jC43,3B8PE
std_9cre-nk23_1692892562488_50,9cre-nk23,3B8PE
std_XRXs-HJVX_1692892560068_68,XRXs-HJVX,3B8PE
std_Q9LV-s3b2_1692892556662_74,Q9LV-s3b2,3B8PE
std_7KnM-fpx4_1692892558852_79,7KnM-fpx4,3B8PE
std_c72a-RcqP_1692892554760_72,c72a-RcqP,3B8PE
std_8Dui-zvMq_1692892558535_54,8Dui-zvMq,3B8PE
std_L6KR-3n4V_1692892555161_55,L6KR-3n4V,3B8PE
std_CM72-ur8K_1692892556074_61,CM72-ur8K,3B8PE
std_CpVn-AXkA_1692892556065_52,CpVn-AXkA,3B8PE
std_7Pr2-h2Lz_1692892547250_67,7Pr2-h2Lz,3B8PE
std_Kt46-7tgM_1692892550150_57,Kt46-7tgM,3B8PE
std_zb92-WEkL_1692892550914_73,zb92-WEkL,3B8PE
std_vjg8-k6K2_1692892553432_70,vjg8-k6K2,3B8PE
std_LJv4-MPjW_1692892546502_62,LJv4-MPjW,3B8PE
std_m3aX-43R7_1692892543631_76,m3aX-43R7,3B8PE
std_t9Za-6BhW_1692892549904_51,t9Za-6BhW,3B8PE
std_ZUPs-7Ghf_1692892549719_66,ZUPs-7Ghf,3B8PE
std_K9vY-W29X_1692892547235_59,K9vY-W29X,3B8PE
std_32dh-zkJ6_1692892547458_56,32dh-zkJ6,3B8PE
std_D24E-vAUe_1692892545227_58,D24E-vAUe,3B8PE
std_HuCr-LURQ_1692892546046_53,HuCr-LURQ,3B8PE
std_cuLt-PHrb_1692892539398_60,cuLt-PHrb,3B8PE
std_VmH4-W8ip_1692892538500_77,VmH4-W8ip,3B8PE
std_6ya9-m474_1692892536180_64,6ya9-m474,3B8PE
std_z286-2K4s_1692892542153_69,z286-2K4s,3B8PE
std_64y8-Z6kN_1692892541302_71,64y8-Z6kN,3B8PE
std_nGt4-J4bc_1692892542390_63,nGt4-J4bc,3B8PE
std_sNqa-mW47_1692892540634_49,sNqa-mW47,3B8PE
std_w9k7-zKeT_1692892535808_75,w9k7-zKeT,3B8PE
std_TGk4-67qg_1692892540099_48,TGk4-67qg,3B8PE
std_9cre-nk23_1692892529733_50,9cre-nk23,3B8PE
std_fE93-k28s_1692892531540_78,fE93-k28s,3B8PE
std_XRXs-HJVX_1692892536665_68,XRXs-HJVX,3B8PE
std_7KnM-fpx4_1692892524605_79,7KnM-fpx4,3B8PE
std_8Dui-zvMq_1692892525242_54,8Dui-zvMq,3B8PE
std_7Ckg-jC43_1692892531193_65,7Ckg-jC43,3B8PE
std_Q9LV-s3b2_1692892526749_74,Q9LV-s3b2,3B8PE
std_CM72-ur8K_1692892526549_61,CM72-ur8K,3B8PE
std_CpVn-AXkA_1692892527838_52,CpVn-AXkA,3B8PE
std_L6KR-3n4V_1692892526659_55,L6KR-3n4V,3B8PE
std_c72a-RcqP_1692892530427_72,c72a-RcqP,3B8PE
std_vjg8-k6K2_1692892521686_70,vjg8-k6K2,3B8PE
std_zb92-WEkL_1692892524091_73,zb92-WEkL,3B8PE
std_Kt46-7tgM_1692892525253_57,Kt46-7tgM,3B8PE
std_t9Za-6BhW_1692892518029_51,t9Za-6BhW,3B8PE
std_ZUPs-7Ghf_1692892515488_66,ZUPs-7Ghf,3B8PE
std_32dh-zkJ6_1692892514899_56,32dh-zkJ6,3B8PE
std_7Pr2-h2Lz_1692892517037_67,7Pr2-h2Lz,3B8PE
std_K9vY-W29X_1692892518861_59,K9vY-W29X,3B8PE
std_LJv4-MPjW_1692892519993_62,LJv4-MPjW,3B8PE
std_HuCr-LURQ_1692892516269_53,HuCr-LURQ,3B8PE
std_D24E-vAUe_1692892512899_58,D24E-vAUe,3B8PE
std_m3aX-43R7_1692892510652_76,m3aX-43R7,3B8PE
std_nGt4-J4bc_1692892518462_63,nGt4-J4bc,3B8PE
std_z286-2K4s_1692892515130_69,z286-2K4s,3B8PE
std_64y8-Z6kN_1692892509615_71,64y8-Z6kN,3B8PE
std_sNqa-mW47_1692892512302_49,sNqa-mW47,3B8PE
std_TGk4-67qg_1692892507035_48,TGk4-67qg,3B8PE
std_cuLt-PHrb_1692892508937_60,cuLt-PHrb,3B8PE
std_VmH4-W8ip_1692892512873_77,VmH4-W8ip,3B8PE
std_7CTi-4KJq_1692892505434_47,7CTi-4KJq,3B8PE
std_XRXs-HJVX_1692892508937_68,XRXs-HJVX,3B8PE
std_6ya9-m474_1692892504131_64,6ya9-m474,3B8PE
std_w9k7-zKeT_1692892512272_75,w9k7-zKeT,3B8PE
std_fE93-k28s_1692892499092_78,fE93-k28s,3B8PE
std_7Ckg-jC43_1692892503511_65,7Ckg-jC43,3B8PE
std_c72a-RcqP_1692892500722_72,c72a-RcqP,3B8PE
std_9cre-nk23_1692892496886_50,9cre-nk23,3B8PE
std_CpVn-AXkA_1692892496141_52,CpVn-AXkA,3B8PE
std_Q9LV-s3b2_1692892500894_74,Q9LV-s3b2,3B8PE
std_L6KR-3n4V_1692892498882_55,L6KR-3n4V,3B8PE
std_CM72-ur8K_1692892498550_61,CM72-ur8K,3B8PE
std_Kt46-7tgM_1692892492752_57,Kt46-7tgM,3B8PE
std_8Dui-zvMq_1692892492704_54,8Dui-zvMq,3B8PE
std_zb92-WEkL_1692892491279_73,zb92-WEkL,3B8PE
std_vjg8-k6K2_1692892497162_70,vjg8-k6K2,3B8PE
std_LJv4-MPjW_1692892487870_62,LJv4-MPjW,3B8PE
std_K9vY-W29X_1692892487044_59,K9vY-W29X,3B8PE
std_nGt4-J4bc_1692892493348_63,nGt4-J4bc,3B8PE
std_t9Za-6BhW_1692892487581_51,t9Za-6BhW,3B8PE
std_7Pr2-h2Lz_1692892492558_67,7Pr2-h2Lz,3B8PE
std_HuCr-LURQ_1692892490285_53,HuCr-LURQ,3B8PE
std_U3pd-3CeN_1692892487247_46,U3pd-3CeN,3B8PE
std_ZUPs-7Ghf_1692892491151_66,ZUPs-7Ghf,3B8PE
std_z286-2K4s_1692892487028_69,z286-2K4s,3B8PE
std_32dh-zkJ6_1692892487222_56,32dh-zkJ6,3B8PE
std_D24E-vAUe_1692892485288_58,D24E-vAUe,3B8PE
std_VmH4-W8ip_1692892487555_77,VmH4-W8ip,3B8PE
std_sNqa-mW47_1692892480349_49,sNqa-mW47,3B8PE
std_w9k7-zKeT_1692892484090_75,w9k7-zKeT,3B8PE
std_m3aX-43R7_1692892477760_76,m3aX-43R7,3B8PE
std_64y8-Z6kN_1692892484041_71,64y8-Z6kN,3B8PE
std_TGk4-67qg_1692892476764_48,TGk4-67qg,3B8PE
std_7CTi-4KJq_1692892476048_47,7CTi-4KJq,3B8PE
std_6ya9-m474_1692892478655_64,6ya9-m474,3B8PE
std_7Ckg-jC43_1692892473449_65,7Ckg-jC43,3B8PE
std_Q9LV-s3b2_1692892476022_74,Q9LV-s3b2,3B8PE
std_c72a-RcqP_1692892472312_72,c72a-RcqP,3B8PE
std_fE93-k28s_1692892471987_78,fE93-k28s,3B8PE
std_L6KR-3n4V_1692892471807_55,L6KR-3n4V,3B8PE
std_CM72-ur8K_1692892469166_61,CM72-ur8K,3B8PE
std_vjg8-k6K2_1692892470935_70,vjg8-k6K2,3B8PE
std_9cre-nk23_1692892465219_50,9cre-nk23,3B8PE
std_CpVn-AXkA_1692892469208_52,CpVn-AXkA,3B8PE
std_nGt4-J4bc_1692892461286_63,nGt4-J4bc,3B8PE
std_Kt46-7tgM_1692892464569_57,Kt46-7tgM,3B8PE
std_8Dui-zvMq_1692892465179_54,8Dui-zvMq,3B8PE
std_7Pr2-h2Lz_1692892464839_67,7Pr2-h2Lz,3B8PE
std_zb92-WEkL_1692892460172_73,zb92-WEkL,3B8PE
std_ZUPs-7Ghf_1692892464885_66,ZUPs-7Ghf,3B8PE
std_HuCr-LURQ_1692892463949_53,HuCr-LURQ,3B8PE
std_LJv4-MPjW_1692892464177_62,LJv4-MPjW,3B8PE
std_t9Za-6BhW_1692892460891_51,t9Za-6BhW,3B8PE
std_VmH4-W8ip_1692892462182_77,VmH4-W8ip,3B8PE
std_U3pd-3CeN_1692892459405_46,U3pd-3CeN,3B8PE
std_32dh-zkJ6_1692892456780_56,32dh-zkJ6,3B8PE
std_K9vY-W29X_1692892461236_59,K9vY-W29X,3B8PE
std_z286-2K4s_1692892454790_69,z286-2K4s,3B8PE
std_D24E-vAUe_1692892453303_58,D24E-vAUe,3B8PE
std_XRXs-HJVX_1692892459720_68,XRXs-HJVX,3B8PE
std_w9k7-zKeT_1692892460388_75,w9k7-zKeT,3B8PE
std_64y8-Z6kN_1692892455717_71,64y8-Z6kN,3B8PE
std_sNqa-mW47_1692892450054_49,sNqa-mW47,3B8PE
std_cuLt-PHrb_1692892450353_60,cuLt-PHrb,3B8PE
std_6ya9-m474_1692892445291_64,6ya9-m474,3B8PE
std_m3aX-43R7_1692892448215_76,m3aX-43R7,3B8PE
std_TGk4-67qg_1692892445100_48,TGk4-67qg,3B8PE
std_7CTi-4KJq_1692892447239_47,7CTi-4KJq,3B8PE
std_Q9LV-s3b2_1692892443754_74,Q9LV-s3b2,3B8PE
std_7Ckg-jC43_1692892440771_65,7Ckg-jC43,3B8PE
std_c72a-RcqP_1692892443894_72,c72a-RcqP,3B8PE
std_L6KR-3n4V_1692892439556_55,L6KR-3n4V,3B8PE
std_vjg8-k6K2_1692892446638_70,vjg8-k6K2,3B8PE
std_CpVn-AXkA_1692892436515_52,CpVn-AXkA,3B8PE
std_CM72-ur8K_1692892441370_61,CM72-ur8K,3B8PE
std_9cre-nk23_1692892439116_50,9cre-nk23,3B8PE
std_8Dui-zvMq_1692892434905_54,8Dui-zvMq,3B8PE
std_ZUPs-7Ghf_1692892434184_66,ZUPs-7Ghf,3B8PE
std_7Pr2-h2Lz_1692892436214_67,7Pr2-h2Lz,3B8PE
std_Kt46-7tgM_1692892434736_57,Kt46-7tgM,3B8PE
std_LJv4-MPjW_1692892435190_62,LJv4-MPjW,3B8PE
std_HuCr-LURQ_1692892431359_53,HuCr-LURQ,3B8PE
std_VmH4-W8ip_1692892434422_77,VmH4-W8ip,3B8PE
std_nGt4-J4bc_1692892431257_63,nGt4-J4bc,3B8PE
std_K9vY-W29X_1692892433898_59,K9vY-W29X,3B8PE
std_t9Za-6BhW_1692892430082_51,t9Za-6BhW,3B8PE
std_w9k7-zKeT_1692892430552_75,w9k7-zKeT,3B8PE
std_zb92-WEkL_1692892432027_73,zb92-WEkL,3B8PE
std_XRXs-HJVX_1692892433025_68,XRXs-HJVX,3B8PE
std_U3pd-3CeN_1692892433939_46,U3pd-3CeN,3B8PE
std_32dh-zkJ6_1692892428264_56,32dh-zkJ6,3B8PE
std_64y8-Z6kN_1692892428546_71,64y8-Z6kN,3B8PE
std_z286-2K4s_1692892429791_69,z286-2K4s,3B8PE
std_D24E-vAUe_1692892420407_58,D24E-vAUe,3B8PE
std_cuLt-PHrb_1692892424533_60,cuLt-PHrb,3B8PE
std_sNqa-mW47_1692892419305_49,sNqa-mW47,3B8PE
std_m3aX-43R7_1692892419236_76,m3aX-43R7,3B8PE
std_7CTi-4KJq_1692892421768_47,7CTi-4KJq,3B8PE
std_vjg8-k6K2_1692892417802_70,vjg8-k6K2,3B8PE
std_6ya9-m474_1692892418564_64,6ya9-m474,3B8PE
std_TGk4-67qg_1692892414691_48,TGk4-67qg,3B8PE
std_c72a-RcqP_1692892410807_72,c72a-RcqP,3B8PE
std_Q9LV-s3b2_1692892416772_74,Q9LV-s3b2,3B8PE
std_CM72-ur8K_1692892409432_61,CM72-ur8K,3B8PE
std_7Ckg-jC43_1692892411303_65,7Ckg-jC43,3B8PE
std_L6KR-3n4V_1692892407871_55,L6KR-3n4V,3B8PE
std_9cre-nk23_1692892412172_50,9cre-nk23,3B8PE
std_CpVn-AXkA_1692892409942_52,CpVn-AXkA,3B8PE
std_7Pr2-h2Lz_1692892412050_67,7Pr2-h2Lz,3B8PE
std_LJv4-MPjW_1692892408755_62,LJv4-MPjW,3B8PE
std_8Dui-zvMq_1692892406786_54,8Dui-zvMq,3B8PE
std_Kt46-7tgM_1692892401722_57,Kt46-7tgM,3B8PE
std_ZUPs-7Ghf_1692892405793_66,ZUPs-7Ghf,3B8PE
std_U3pd-3CeN_1692892400984_46,U3pd-3CeN,3B8PE
std_K9vY-W29X_1692892407186_59,K9vY-W29X,3B8PE
std_XRXs-HJVX_1692892399948_68,XRXs-HJVX,3B8PE
std_zb92-WEkL_1692892401830_73,zb92-WEkL,3B8PE
std_HuCr-LURQ_1692892402407_53,HuCr-LURQ,3B8PE
std_nGt4-J4bc_1692892401895_63,nGt4-J4bc,3B8PE
std_w9k7-zKeT_1692892398986_75,w9k7-zKeT,3B8PE
std_t9Za-6BhW_1692892406786_51,t9Za-6BhW,3B8PE
std_z286-2K4s_1692892404837_69,z286-2K4s,3B8PE
std_64y8-Z6kN_1692892400025_71,64y8-Z6kN,3B8PE
std_32dh-zkJ6_1692892401308_56,32dh-zkJ6,3B8PE
std_cuLt-PHrb_1692892400984_60,cuLt-PHrb,3B8PE
std_7CTi-4KJq_1692892389348_47,7CTi-4KJq,3B8PE
std_frWm-Hk6G_1692892392024_44,frWm-Hk6G,3B8PE
std_D24E-vAUe_1692892397005_58,D24E-vAUe,3B8PE
std_sNqa-mW47_1692892388490_49,sNqa-mW47,3B8PE
std_m3aX-43R7_1692892391073_76,m3aX-43R7,3B8PE
std_6ya9-m474_1692892390328_64,6ya9-m474,3B8PE
std_vjg8-k6K2_1692892390070_70,vjg8-k6K2,3B8PE
std_Q9LV-s3b2_1692892392670_74,Q9LV-s3b2,3B8PE
std_TGk4-67qg_1692892384238_48,TGk4-67qg,3B8PE
std_9cre-nk23_1692892384608_50,9cre-nk23,3B8PE
std_7Pr2-h2Lz_1692892381424_67,7Pr2-h2Lz,3B8PE
std_7Ckg-jC43_1692892378809_65,7Ckg-jC43,3B8PE
std_c72a-RcqP_1692892382289_72,c72a-RcqP,3B8PE
std_CpVn-AXkA_1692892378577_52,CpVn-AXkA,3B8PE
std_CM72-ur8K_1692892379792_61,CM72-ur8K,3B8PE
std_LJv4-MPjW_1692892380743_62,LJv4-MPjW,3B8PE
std_L6KR-3n4V_1692892383032_55,L6KR-3n4V,3B8PE
std_K9vY-W29X_1692892375898_59,K9vY-W29X,3B8PE
std_ZUPs-7Ghf_1692892375323_66,ZUPs-7Ghf,3B8PE
std_z286-2K4s_1692892374151_69,z286-2K4s,3B8PE
std_HuCr-LURQ_1692892377526_53,HuCr-LURQ,3B8PE
std_nGt4-J4bc_1692892369012_63,nGt4-J4bc,3B8PE
std_zb92-WEkL_1692892375608_73,zb92-WEkL,3B8PE
std_Kt46-7tgM_1692892374819_57,Kt46-7tgM,3B8PE
std_32dh-zkJ6_1692892368660_56,32dh-zkJ6,3B8PE
std_64y8-Z6kN_1692892366109_71,64y8-Z6kN,3B8PE
std_XRXs-HJVX_1692892371419_68,XRXs-HJVX,3B8PE
std_w9k7-zKeT_1692892375024_75,w9k7-zKeT,3B8PE
std_D24E-vAUe_1692892370090_58,D24E-vAUe,3B8PE
std_Q9LV-s3b2_1692892361845_74,Q9LV-s3b2,3B8PE
std_frWm-Hk6G_1692892363429_44,frWm-Hk6G,3B8PE
std_6ya9-m474_1692892358339_64,6ya9-m474,3B8PE
std_vjg8-k6K2_1692892358003_70,vjg8-k6K2,3B8PE
std_7CTi-4KJq_1692892360594_47,7CTi-4KJq,3B8PE
std_sNqa-mW47_1692892361764_49,sNqa-mW47,3B8PE
std_9cre-nk23_1692892360708_50,9cre-nk23,3B8PE
std_TGk4-67qg_1692892360876_48,TGk4-67qg,3B8PE
std_L6KR-3n4V_1692892359512_55,L6KR-3n4V,3B8PE
std_c72a-RcqP_1692892352684_72,c72a-RcqP,3B8PE
std_8Dui-zvMq_1692892353650_54,8Dui-zvMq,3B8PE
std_7Pr2-h2Lz_1692892351112_67,7Pr2-h2Lz,3B8PE
std_LJv4-MPjW_1692892354318_62,LJv4-MPjW,3B8PE
std_CM72-ur8K_1692892350116_61,CM72-ur8K,3B8PE
std_7Ckg-jC43_1692892353039_65,7Ckg-jC43,3B8PE
std_CpVn-AXkA_1692892350851_52,CpVn-AXkA,3B8PE
std_t9Za-6BhW_1692892348393_51,t9Za-6BhW,3B8PE
std_HuCr-LURQ_1692892353186_53,HuCr-LURQ,3B8PE
std_K9vY-W29X_1692892352020_59,K9vY-W29X,3B8PE
std_zb92-WEkL_1692892343785_73,zb92-WEkL,3B8PE
std_cuLt-PHrb_1692892341985_60,cuLt-PHrb,3B8PE
std_w9k7-zKeT_1692892339366_75,w9k7-zKeT,3B8PE
std_s972-eTzJ_1692892350443_45,s972-eTzJ,3B8PE
std_Kt46-7tgM_1692892349269_57,Kt46-7tgM,3B8PE
std_z286-2K4s_1692892350116_69,z286-2K4s,3B8PE
std_U3pd-3CeN_1692892335699_46,U3pd-3CeN,3B8PE
std_XRXs-HJVX_1692892342752_68,XRXs-HJVX,3B8PE
std_D24E-vAUe_1692892341667_58,D24E-vAUe,3B8PE
std_nGt4-J4bc_1692892333689_63,nGt4-J4bc,3B8PE
std_64y8-Z6kN_1692892338455_71,64y8-Z6kN,3B8PE
std_frWm-Hk6G_1692892331355_44,frWm-Hk6G,3B8PE
std_Q9LV-s3b2_1692892336067_74,Q9LV-s3b2,3B8PE
std_sNqa-mW47_1692892334712_49,sNqa-mW47,3B8PE
std_TGk4-67qg_1692892331531_48,TGk4-67qg,3B8PE
std_9cre-nk23_1692892331371_50,9cre-nk23,3B8PE
std_7CTi-4KJq_1692892329654_47,7CTi-4KJq,3B8PE
std_L6KR-3n4V_1692892330717_55,L6KR-3n4V,3B8PE
std_6ya9-m474_1692892333312_64,6ya9-m474,3B8PE
std_vjg8-k6K2_1692892333909_70,vjg8-k6K2,3B8PE
std_LJv4-MPjW_1692892326945_62,LJv4-MPjW,3B8PE
std_8Dui-zvMq_1692892323227_54,8Dui-zvMq,3B8PE
std_HuCr-LURQ_1692892327441_53,HuCr-LURQ,3B8PE
std_7Ckg-jC43_1692892323519_65,7Ckg-jC43,3B8PE
std_c72a-RcqP_1692892322167_72,c72a-RcqP,3B8PE
std_K9vY-W29X_1692892323441_59,K9vY-W29X,3B8PE
std_7Pr2-h2Lz_1692892322025_67,7Pr2-h2Lz,3B8PE
std_CpVn-AXkA_1692892327195_52,CpVn-AXkA,3B8PE
std_s972-eTzJ_1692892323644_45,s972-eTzJ,3B8PE
std_CM72-ur8K_1692892319260_61,CM72-ur8K,3B8PE
std_z286-2K4s_1692892323805_69,z286-2K4s,3B8PE
std_Kt46-7tgM_1692892319044_57,Kt46-7tgM,3B8PE
std_t9Za-6BhW_1692892324488_51,t9Za-6BhW,3B8PE
std_ZUPs-7Ghf_1692892321804_66,ZUPs-7Ghf,3B8PE
std_zb92-WEkL_1692892319566_73,zb92-WEkL,3B8PE
std_XRXs-HJVX_1692892317378_68,XRXs-HJVX,3B8PE
std_cuLt-PHrb_1692892315966_60,cuLt-PHrb,3B8PE
std_D24E-vAUe_1692892311050_58,D24E-vAUe,3B8PE
std_32dh-zkJ6_1692892316304_56,32dh-zkJ6,3B8PE
std_64y8-Z6kN_1692892308928_71,64y8-Z6kN,3B8PE
std_akPZ-2qEn_1692892310199_43,akPZ-2qEn,3B8PE
std_Q9LV-s3b2_1692892308863_74,Q9LV-s3b2,3B8PE
std_U3pd-3CeN_1692892305695_46,U3pd-3CeN,3B8PE
std_sNqa-mW47_1692892307332_49,sNqa-mW47,3B8PE
std_vjg8-k6K2_1692892303916_70,vjg8-k6K2,3B8PE
std_nGt4-J4bc_1692892308863_63,nGt4-J4bc,3B8PE
std_6ya9-m474_1692892304991_64,6ya9-m474,3B8PE
std_TGk4-67qg_1692892303180_48,TGk4-67qg,3B8PE
std_9cre-nk23_1692892298712_50,9cre-nk23,3B8PE
std_frWm-Hk6G_1692892301454_44,frWm-Hk6G,3B8PE
std_L6KR-3n4V_1692892306392_55,L6KR-3n4V,3B8PE
std_7CTi-4KJq_1692892306272_47,7CTi-4KJq,3B8PE
std_HuCr-LURQ_1692892299367_53,HuCr-LURQ,3B8PE
std_CpVn-AXkA_1692892297012_52,CpVn-AXkA,3B8PE
std_LJv4-MPjW_1692892297434_62,LJv4-MPjW,3B8PE
std_t9Za-6BhW_1692892298411_51,t9Za-6BhW,3B8PE
std_z286-2K4s_1692892298697_69,z286-2K4s,3B8PE
std_s972-eTzJ_1692892298052_45,s972-eTzJ,3B8PE
std_7Ckg-jC43_1692892291585_65,7Ckg-jC43,3B8PE
std_K9vY-W29X_1692892293027_59,K9vY-W29X,3B8PE
std_8Dui-zvMq_1692892292647_54,8Dui-zvMq,3B8PE
std_c72a-RcqP_1692892290276_72,c72a-RcqP,3B8PE
std_7Pr2-h2Lz_1692892295020_67,7Pr2-h2Lz,3B8PE
std_ZUPs-7Ghf_1692892289600_66,ZUPs-7Ghf,3B8PE
std_zb92-WEkL_1692892287662_73,zb92-WEkL,3B8PE
std_CM72-ur8K_1692892293945_61,CM72-ur8K,3B8PE
std_Kt46-7tgM_1692892291287_57,Kt46-7tgM,3B8PE
std_XRXs-HJVX_1692892285916_68,XRXs-HJVX,3B8PE
std_32dh-zkJ6_1692892292715_56,32dh-zkJ6,3B8PE
std_cuLt-PHrb_1692892287562_60,cuLt-PHrb,3B8PE
std_D24E-vAUe_1692892281129_58,D24E-vAUe,3B8PE
std_akPZ-2qEn_1692892286447_43,akPZ-2qEn,3B8PE
std_64y8-Z6kN_1692892279717_71,64y8-Z6kN,3B8PE
std_nGt4-J4bc_1692892285044_63,nGt4-J4bc,3B8PE
std_sNqa-mW47_1692892277818_49,sNqa-mW47,3B8PE
std_L6KR-3n4V_1692892277262_55,L6KR-3n4V,3B8PE
std_7CTi-4KJq_1692892279891_47,7CTi-4KJq,3B8PE
std_U3pd-3CeN_1692892272709_46,U3pd-3CeN,3B8PE
std_R3Qo-J397_1692892280481_42,R3Qo-J397,3B8PE
std_6ya9-m474_1692892279534_64,6ya9-m474,3B8PE
std_vjg8-k6K2_1692892272695_70,vjg8-k6K2,3B8PE
std_TGk4-67qg_1692892272973_48,TGk4-67qg,3B8PE
std_frWm-Hk6G_1692892275805_44,frWm-Hk6G,3B8PE
std_HuCr-LURQ_1692892273456_53,HuCr-LURQ,3B8PE
std_9cre-nk23_1692892269109_50,9cre-nk23,3B8PE
std_z286-2K4s_1692892273898_69,z286-2K4s,3B8PE
std_t9Za-6BhW_1692892266106_51,t9Za-6BhW,3B8PE
std_s972-eTzJ_1692892268349_45,s972-eTzJ,3B8PE
std_LJv4-MPjW_1692892271039_62,LJv4-MPjW,3B8PE
std_CpVn-AXkA_1692892266782_52,CpVn-AXkA,3B8PE
std_7Pr2-h2Lz_1692892267939_67,7Pr2-h2Lz,3B8PE
std_CM72-ur8K_1692892263679_61,CM72-ur8K,3B8PE
std_K9vY-W29X_1692892265229_59,K9vY-W29X,3B8PE
std_32dh-zkJ6_1692892260667_56,32dh-zkJ6,3B8PE
std_8Dui-zvMq_1692892264066_54,8Dui-zvMq,3B8PE
std_7Ckg-jC43_1692892258229_65,7Ckg-jC43,3B8PE
std_Kt46-7tgM_1692892263710_57,Kt46-7tgM,3B8PE
std_c72a-RcqP_1692892257594_72,c72a-RcqP,3B8PE
std_ZUPs-7Ghf_1692892261828_66,ZUPs-7Ghf,3B8PE
std_zb92-WEkL_1692892256082_73,zb92-WEkL,3B8PE
std_cuLt-PHrb_1692892260246_60,cuLt-PHrb,3B8PE
std_akPZ-2qEn_1692892257878_43,akPZ-2qEn,3B8PE
std_XRXs-HJVX_1692892259889_68,XRXs-HJVX,3B8PE
std_nGt4-J4bc_1692892251909_63,nGt4-J4bc,3B8PE
std_D24E-vAUe_1692892257675_58,D24E-vAUe,3B8PE
std_R3Qo-J397_1692892256680_42,R3Qo-J397,3B8PE
std_7CTi-4KJq_1692892248031_47,7CTi-4KJq,3B8PE
std_64y8-Z6kN_1692892255065_71,64y8-Z6kN,3B8PE
std_6ya9-m474_1692892248095_64,6ya9-m474,3B8PE
std_sNqa-mW47_1692892246643_49,sNqa-mW47,3B8PE
std_L6KR-3n4V_1692892253456_55,L6KR-3n4V,3B8PE
std_frWm-Hk6G_1692892251746_44,frWm-Hk6G,3B8PE
std_z286-2K4s_1692892239557_69,z286-2K4s,3B8PE
std_HuCr-LURQ_1692892241295_53,HuCr-LURQ,3B8PE
std_TGk4-67qg_1692892241757_48,TGk4-67qg,3B8PE
std_U3pd-3CeN_1692892249148_46,U3pd-3CeN,3B8PE
std_vjg8-k6K2_1692892241629_70,vjg8-k6K2,3B8PE
std_LJv4-MPjW_1692892240997_62,LJv4-MPjW,3B8PE
std_9cre-nk23_1692892239919_50,9cre-nk23,3B8PE
std_s972-eTzJ_1692892241602_45,s972-eTzJ,3B8PE
std_7Pr2-h2Lz_1692892236019_67,7Pr2-h2Lz,3B8PE
std_CpVn-AXkA_1692892236239_52,CpVn-AXkA,3B8PE
std_t9Za-6BhW_1692892237007_51,t9Za-6BhW,3B8PE
std_K9vY-W29X_1692892234344_59,K9vY-W29X,3B8PE
std_8Dui-zvMq_1692892240383_54,8Dui-zvMq,3B8PE
std_Kt46-7tgM_1692892231282_57,Kt46-7tgM,3B8PE
std_CM72-ur8K_1692892230233_61,CM72-ur8K,3B8PE
std_ZUPs-7Ghf_1692892235651_66,ZUPs-7Ghf,3B8PE
std_32dh-zkJ6_1692892229584_56,32dh-zkJ6,3B8PE
std_cuLt-PHrb_1692892231554_60,cuLt-PHrb,3B8PE
std_XRXs-HJVX_1692892229183_68,XRXs-HJVX,3B8PE
std_7Ckg-jC43_1692892232015_65,7Ckg-jC43,3B8PE
std_akPZ-2qEn_1692892224741_43,akPZ-2qEn,3B8PE
std_D24E-vAUe_1692892226038_58,D24E-vAUe,3B8PE
std_c72a-RcqP_1692892224792_72,c72a-RcqP,3B8PE
std_R3Qo-J397_1692892222712_42,R3Qo-J397,3B8PE
std_64y8-Z6kN_1692892231507_71,64y8-Z6kN,3B8PE
std_L6KR-3n4V_1692892225744_55,L6KR-3n4V,3B8PE
std_nGt4-J4bc_1692892225967_63,nGt4-J4bc,3B8PE
std_frWm-Hk6G_1692892225731_44,frWm-Hk6G,3B8PE
std_U3pd-3CeN_1692892217781_46,U3pd-3CeN,3B8PE
std_6ya9-m474_1692892220839_64,6ya9-m474,3B8PE
std_7CTi-4KJq_1692892223821_47,7CTi-4KJq,3B8PE
std_sNqa-mW47_1692892221951_49,sNqa-mW47,3B8PE
std_TGk4-67qg_1692892215884_48,TGk4-67qg,3B8PE
std_vjg8-k6K2_1692892209090_70,vjg8-k6K2,3B8PE
std_s972-eTzJ_1692892215580_45,s972-eTzJ,3B8PE
std_HuCr-LURQ_1692892208962_53,HuCr-LURQ,3B8PE
std_LJv4-MPjW_1692892215294_62,LJv4-MPjW,3B8PE
std_8Dui-zvMq_1692892215850_54,8Dui-zvMq,3B8PE
std_9cre-nk23_1692892208982_50,9cre-nk23,3B8PE
std_z286-2K4s_1692892212643_69,z286-2K4s,3B8PE
std_t9Za-6BhW_1692892210849_51,t9Za-6BhW,3B8PE
std_CpVn-AXkA_1692892204447_52,CpVn-AXkA,3B8PE
std_7Pr2-h2Lz_1692892203021_67,7Pr2-h2Lz,3B8PE
std_ZUPs-7Ghf_1692892210613_66,ZUPs-7Ghf,3B8PE
std_K9vY-W29X_1692892202867_59,K9vY-W29X,3B8PE
std_7Ckg-jC43_1692892203576_65,7Ckg-jC43,3B8PE
std_cuLt-PHrb_1692892200604_60,cuLt-PHrb,3B8PE
std_64y8-Z6kN_1692892202844_71,64y8-Z6kN,3B8PE
std_Kt46-7tgM_1692892199413_57,Kt46-7tgM,3B8PE
std_CM72-ur8K_1692892197294_61,CM72-ur8K,3B8PE
std_32dh-zkJ6_1692892203297_56,32dh-zkJ6,3B8PE
std_XRXs-HJVX_1692892199698_68,XRXs-HJVX,3B8PE
std_D24E-vAUe_1692892194411_58,D24E-vAUe,3B8PE
std_nGt4-J4bc_1692892195267_63,nGt4-J4bc,3B8PE
std_L6KR-3n4V_1692892196643_55,L6KR-3n4V,3B8PE
std_frWm-Hk6G_1692892196909_44,frWm-Hk6G,3B8PE
std_akPZ-2qEn_1692892193870_43,akPZ-2qEn,3B8PE
std_7CTi-4KJq_1692892199446_47,7CTi-4KJq,3B8PE
std_R3Qo-J397_1692892190795_42,R3Qo-J397,3B8PE
std_sNqa-mW47_1692892198008_49,sNqa-mW47,3B8PE
std_6ya9-m474_1692892192131_64,6ya9-m474,3B8PE
std_U3pd-3CeN_1692892185443_46,U3pd-3CeN,3B8PE
std_TGk4-67qg_1692892192173_48,TGk4-67qg,3B8PE
std_8Dui-zvMq_1692892192491_54,8Dui-zvMq,3B8PE
std_s972-eTzJ_1692892182134_45,s972-eTzJ,3B8PE
std_LJv4-MPjW_1692892182576_62,LJv4-MPjW,3B8PE
std_z286-2K4s_1692892187865_69,z286-2K4s,3B8PE
std_t9Za-6BhW_1692892184642_51,t9Za-6BhW,3B8PE
std_ZUPs-7Ghf_1692892185766_66,ZUPs-7Ghf,3B8PE
std_vjg8-k6K2_1692892179436_70,vjg8-k6K2,3B8PE
std_9cre-nk23_1692892176877_50,9cre-nk23,3B8PE
std_HuCr-LURQ_1692892179429_53,HuCr-LURQ,3B8PE
std_CpVn-AXkA_1692892177127_52,CpVn-AXkA,3B8PE
std_7Ckg-jC43_1692892172471_65,7Ckg-jC43,3B8PE
std_32dh-zkJ6_1692892175472_56,32dh-zkJ6,3B8PE
std_7Pr2-h2Lz_1692892178826_67,7Pr2-h2Lz,3B8PE
std_K9vY-W29X_1692892174794_59,K9vY-W29X,3B8PE
std_64y8-Z6kN_1692892176539_71,64y8-Z6kN,3B8PE
std_cuLt-PHrb_1692892176091_60,cuLt-PHrb,3B8PE
std_XRXs-HJVX_1692892170809_68,XRXs-HJVX,3B8PE
std_7CTi-4KJq_1692892168666_47,7CTi-4KJq,3B8PE
std_Kt46-7tgM_1692892171735_57,Kt46-7tgM,3B8PE
std_sNqa-mW47_1692892173411_49,sNqa-mW47,3B8PE
std_CM72-ur8K_1692892170103_61,CM72-ur8K,3B8PE
std_frWm-Hk6G_1692892166905_44,frWm-Hk6G,3B8PE
std_L6KR-3n4V_1692892170822_55,L6KR-3n4V,3B8PE
std_nGt4-J4bc_1692892166211_63,nGt4-J4bc,3B8PE
std_D24E-vAUe_1692892164943_58,D24E-vAUe,3B8PE
std_akPZ-2qEn_1692892165014_43,akPZ-2qEn,3B8PE
std_qJn3-C8vN_1692892163753_41,qJn3-C8vN,3B8PE
std_8Dui-zvMq_1692892168376_54,8Dui-zvMq,3B8PE
std_TGk4-67qg_1692892162883_48,TGk4-67qg,3B8PE
std_6ya9-m474_1692892161829_64,6ya9-m474,3B8PE
std_R3Qo-J397_1692892159870_42,R3Qo-J397,3B8PE
std_z286-2K4s_1692892163649_69,z286-2K4s,3B8PE
std_ZUPs-7Ghf_1692892153737_66,ZUPs-7Ghf,3B8PE
std_U3pd-3CeN_1692892155265_46,U3pd-3CeN,3B8PE
std_t9Za-6BhW_1692892153138_51,t9Za-6BhW,3B8PE
std_LJv4-MPjW_1692892157794_62,LJv4-MPjW,3B8PE
std_s972-eTzJ_1692892152296_45,s972-eTzJ,3B8PE
std_vjg8-k6K2_1692892155710_70,vjg8-k6K2,3B8PE
std_HuCr-LURQ_1692892148882_53,HuCr-LURQ,3B8PE
std_7Pr2-h2Lz_1692892148282_67,7Pr2-h2Lz,3B8PE
std_CpVn-AXkA_1692892144217_52,CpVn-AXkA,3B8PE
std_9cre-nk23_1692892151119_50,9cre-nk23,3B8PE
std_cuLt-PHrb_1692892146736_60,cuLt-PHrb,3B8PE
std_32dh-zkJ6_1692892144548_56,32dh-zkJ6,3B8PE
std_K9vY-W29X_1692892141215_59,K9vY-W29X,3B8PE
std_sNqa-mW47_1692892148040_49,sNqa-mW47,3B8PE
std_7Ckg-jC43_1692892146755_65,7Ckg-jC43,3B8PE
std_Kt46-7tgM_1692892139472_57,Kt46-7tgM,3B8PE
std_L6KR-3n4V_1692892138371_55,L6KR-3n4V,3B8PE
std_XRXs-HJVX_1692892147343_68,XRXs-HJVX,3B8PE
std_CM72-ur8K_1692892139569_61,CM72-ur8K,3B8PE
std_7CTi-4KJq_1692892138777_47,7CTi-4KJq,3B8PE
std_8Dui-zvMq_1692892135760_54,8Dui-zvMq,3B8PE
std_frWm-Hk6G_1692892143289_44,frWm-Hk6G,3B8PE
std_nGt4-J4bc_1692892133278_63,nGt4-J4bc,3B8PE
std_akPZ-2qEn_1692892135412_43,akPZ-2qEn,3B8PE
std_D24E-vAUe_1692892137729_58,D24E-vAUe,3B8PE
std_qJn3-C8vN_1692892135797_41,qJn3-C8vN,3B8PE
std_z286-2K4s_1692892137415_69,z286-2K4s,3B8PE
std_TGk4-67qg_1692892135790_48,TGk4-67qg,3B8PE
std_6ya9-m474_1692892137162_64,6ya9-m474,3B8PE
std_R3Qo-J397_1692892130922_42,R3Qo-J397,3B8PE
std_LJv4-MPjW_1692892127606_62,LJv4-MPjW,3B8PE
std_vjg8-k6K2_1692892132382_70,vjg8-k6K2,3B8PE
std_U3pd-3CeN_1692892131697_46,U3pd-3CeN,3B8PE
a2acf0939d8e490db5fdab9d280e132a,4qr2-cZ8Z,3B8PE
std_ZUPs-7Ghf_1692892126592_66,ZUPs-7Ghf,3B8PE
std_t9Za-6BhW_1692892124548_51,t9Za-6BhW,3B8PE
std_s972-eTzJ_1692892128685_45,s972-eTzJ,3B8PE
std_9cre-nk23_1692892124537_50,9cre-nk23,3B8PE
std_HuCr-LURQ_1692892116571_53,HuCr-LURQ,3B8PE
std_7Pr2-h2Lz_1692892120399_67,7Pr2-h2Lz,3B8PE
std_sNqa-mW47_1692892120305_49,sNqa-mW47,3B8PE
