extuserid,itemcode
perf_user_safari_mp4,156275211655615627521966161566199232066
perf_test_user_1211_2,156275211655615627521966161566199232066
perf_test_user_1211_3,156275211655615627521966161566199232066
perf_test_user_1211_4,156275211655615627521966161566199232066
perf_test_user_1211_5,156275211655615627521966161566199232066
perf_test_user_1211_6,156275211655615627521966161566199232066
perf_test_user_1211_7,156275211655615627521966161566199232066
perf_test_user_1211_8,156275211655615627521966161566199232066
perf_test_user_1211_9,156275211655615627521966161566199232066
perf_test_user_1211_10,156275211655615627521966161566199232066
perf_test_user_1211_11,156275211655615627521966161566199232066
perf_test_user_1211_12,156275211655615627521966161566199232066
perf_test_user_1211_13,156275211655615627521966161566199232066
perf_test_user_1211_14,156275211655615627521966161566199232066
perf_test_user_1211_15,156275211655615627521966161566199232066
perf_test_user_1211_16,156275211655615627521966161566199232066
perf_test_user_1211_17,156275211655615627521966161566199232066
perf_test_user_1211_18,156275211655615627521966161566199232066
perf_test_user_1211_19,156275211655615627521966161566199232066
perf_test_user_1211_20,156275211655615627521966161566199232066
perf_test_user_1211_21,156275211655615627521966161566199232066
perf_test_user_1211_22,156275211655615627521966161566199232066
perf_test_user_1211_23,156275211655615627521966161566199232066
perf_test_user_1211_24,156275211655615627521966161566199232066
perf_test_user_1211_25,156275211655615627521966161566199232066
perf_test_user_1211_26,156275211655615627521966161566199232066
perf_test_user_1211_27,156275211655615627521966161566199232066
perf_test_user_1211_28,156275211655615627521966161566199232066
perf_test_user_1211_29,156275211655615627521966161566199232066
perf_test_user_1211_30,156275211655615627521966161566199232066
perf_test_user_1211_31,156275211655615627521966161566199232066
perf_test_user_1211_32,156275211655615627521966161566199232066
perf_test_user_1211_33,156275211655615627521966161566199232066
perf_test_user_1211_34,156275211655615627521966161566199232066
perf_test_user_1211_35,156275211655615627521966161566199232066
perf_test_user_1211_36,156275211655615627521966161566199232066
perf_test_user_1211_37,156275211655615627521966161566199232066
perf_test_user_1211_38,156275211655615627521966161566199232066
perf_test_user_1211_39,156275211655615627521966161566199232066
perf_test_user_1211_40,156275211655615627521966161566199232066
perf_test_user_1211_41,156275211655615627521966161566199232066
perf_test_user_1211_42,156275211655615627521966161566199232066
perf_test_user_1211_43,156275211655615627521966161566199232066
perf_test_user_1211_44,156275211655615627521966161566199232066
perf_test_user_1211_45,156275211655615627521966161566199232066
perf_test_user_1211_46,156275211655615627521966161566199232066
perf_test_user_1211_47,156275211655615627521966161566199232066
perf_test_user_1211_48,156275211655615627521966161566199232066
perf_test_user_1211_49,156275211655615627521966161566199232066
perf_test_user_1211_50,156275211655615627521966161566199232066
perf_test_user_1211_51,156275211655615627521966161566199232066
perf_test_user_1211_52,156275211655615627521966161566199232066
perf_test_user_1211_53,156275211655615627521966161566199232066
perf_test_user_1211_54,156275211655615627521966161566199232066
perf_test_user_1211_55,156275211655615627521966161566199232066
perf_test_user_1211_56,156275211655615627521966161566199232066
perf_test_user_1211_57,156275211655615627521966161566199232066
perf_test_user_1211_58,156275211655615627521966161566199232066
perf_test_user_1211_59,156275211655615627521966161566199232066
perf_test_user_1211_60,156275211655615627521966161566199232066
perf_test_user_1211_61,156275211655615627521966161566199232066
perf_test_user_1211_62,156275211655615627521966161566199232066
perf_test_user_1211_63,156275211655615627521966161566199232066
perf_test_user_1211_64,156275211655615627521966161566199232066
perf_test_user_1211_65,156275211655615627521966161566199232066
perf_test_user_1211_66,156275211655615627521966161566199232066
perf_test_user_1211_67,156275211655615627521966161566199232066
perf_test_user_1211_68,156275211655615627521966161566199232066
perf_test_user_1211_69,156275211655615627521966161566199232066
perf_test_user_1211_70,156275211655615627521966161566199232066
perf_test_user_1211_71,156275211655615627521966161566199232066
perf_test_user_1211_72,156275211655615627521966161566199232066
perf_test_user_1211_73,156275211655615627521966161566199232066
perf_test_user_1211_74,156275211655615627521966161566199232066
perf_test_user_1211_75,156275211655615627521966161566199232066
perf_test_user_1211_76,156275211655615627521966161566199232066
perf_test_user_1211_77,156275211655615627521966161566199232066
perf_test_user_1211_78,156275211655615627521966161566199232066
perf_test_user_1211_79,156275211655615627521966161566199232066
perf_test_user_1211_80,156275211655615627521966161566199232066
perf_test_user_1211_81,156275211655615627521966161566199232066
perf_test_user_1211_82,156275211655615627521966161566199232066
perf_test_user_1211_83,156275211655615627521966161566199232066
perf_test_user_1211_84,156275211655615627521966161566199232066
perf_test_user_1211_85,156275211655615627521966161566199232066
perf_test_user_1211_86,156275211655615627521966161566199232066
perf_test_user_1211_87,156275211655615627521966161566199232066
perf_test_user_1211_88,156275211655615627521966161566199232066
perf_test_user_1211_89,156275211655615627521966161566199232066
perf_test_user_1211_90,156275211655615627521966161566199232066
perf_test_user_1211_91,156275211655615627521966161566199232066
perf_test_user_1211_92,156275211655615627521966161566199232066
perf_test_user_1211_93,156275211655615627521966161566199232066
perf_test_user_1211_94,156275211655615627521966161566199232066
perf_test_user_1211_95,156275211655615627521966161566199232066
perf_test_user_1211_96,156275211655615627521966161566199232066
perf_test_user_1211_97,156275211655615627521966161566199232066
perf_test_user_1211_98,156275211655615627521966161566199232066
perf_test_user_1211_99,156275211655615627521966161566199232066
perf_test_user_1211_100,156275211655615627521966161566199232066
perf_test_user_1211_101,156275211655615627521966161566199232066
perf_test_user_1211_102,156275211655615627521966161566199232066
perf_test_user_1211_103,156275211655615627521966161566199232066
perf_test_user_1211_104,156275211655615627521966161566199232066
perf_test_user_1211_105,156275211655615627521966161566199232066
perf_test_user_1211_106,156275211655615627521966161566199232066
perf_test_user_1211_107,156275211655615627521966161566199232066
perf_test_user_1211_108,156275211655615627521966161566199232066
perf_test_user_1211_109,156275211655615627521966161566199232066
perf_test_user_1211_110,156275211655615627521966161566199232066
perf_test_user_1211_111,156275211655615627521966161566199232066
perf_test_user_1211_112,156275211655615627521966161566199232066
perf_test_user_1211_113,156275211655615627521966161566199232066
perf_test_user_1211_114,156275211655615627521966161566199232066
perf_test_user_1211_115,156275211655615627521966161566199232066
perf_test_user_1211_116,156275211655615627521966161566199232066
perf_test_user_1211_117,156275211655615627521966161566199232066
perf_test_user_1211_118,156275211655615627521966161566199232066
perf_test_user_1211_119,156275211655615627521966161566199232066
perf_test_user_1211_120,156275211655615627521966161566199232066
perf_test_user_1211_121,156275211655615627521966161566199232066
perf_test_user_1211_122,156275211655615627521966161566199232066
perf_test_user_1211_123,156275211655615627521966161566199232066
perf_test_user_1211_124,156275211655615627521966161566199232066
perf_test_user_1211_125,156275211655615627521966161566199232066
perf_test_user_1211_126,156275211655615627521966161566199232066
perf_test_user_1211_127,156275211655615627521966161566199232066
perf_test_user_1211_128,156275211655615627521966161566199232066
perf_test_user_1211_129,156275211655615627521966161566199232066
perf_test_user_1211_130,156275211655615627521966161566199232066
perf_test_user_1211_131,156275211655615627521966161566199232066
perf_test_user_1211_132,156275211655615627521966161566199232066
perf_test_user_1211_133,156275211655615627521966161566199232066
perf_test_user_1211_134,156275211655615627521966161566199232066
perf_test_user_1211_135,156275211655615627521966161566199232066
perf_test_user_1211_136,156275211655615627521966161566199232066
perf_test_user_1211_137,156275211655615627521966161566199232066
perf_test_user_1211_138,156275211655615627521966161566199232066
perf_test_user_1211_139,156275211655615627521966161566199232066
perf_test_user_1211_140,156275211655615627521966161566199232066
perf_test_user_1211_141,156275211655615627521966161566199232066
perf_test_user_1211_142,156275211655615627521966161566199232066
perf_test_user_1211_143,156275211655615627521966161566199232066
perf_test_user_1211_144,156275211655615627521966161566199232066
perf_test_user_1211_145,156275211655615627521966161566199232066
perf_test_user_1211_146,156275211655615627521966161566199232066
perf_test_user_1211_147,156275211655615627521966161566199232066
perf_test_user_1211_148,156275211655615627521966161566199232066
perf_test_user_1211_149,156275211655615627521966161566199232066
perf_test_user_1211_150,156275211655615627521966161566199232066
perf_test_user_1211_151,156275211655615627521966161566199232066
perf_test_user_1211_152,156275211655615627521966161566199232066
perf_test_user_1211_153,156275211655615627521966161566199232066
perf_test_user_1211_154,156275211655615627521966161566199232066
perf_test_user_1211_155,156275211655615627521966161566199232066
perf_test_user_1211_156,156275211655615627521966161566199232066
perf_test_user_1211_157,156275211655615627521966161566199232066
perf_test_user_1211_158,156275211655615627521966161566199232066
perf_test_user_1211_159,156275211655615627521966161566199232066
perf_test_user_1211_160,156275211655615627521966161566199232066
perf_test_user_1211_161,156275211655615627521966161566199232066
perf_test_user_1211_162,156275211655615627521966161566199232066
perf_test_user_1211_163,156275211655615627521966161566199232066
perf_test_user_1211_164,156275211655615627521966161566199232066
perf_test_user_1211_165,156275211655615627521966161566199232066
perf_test_user_1211_166,156275211655615627521966161566199232066
perf_test_user_1211_167,156275211655615627521966161566199232066
perf_test_user_1211_168,156275211655615627521966161566199232066
perf_test_user_1211_169,156275211655615627521966161566199232066
perf_test_user_1211_170,156275211655615627521966161566199232066
perf_test_user_1211_171,156275211655615627521966161566199232066
perf_test_user_1211_172,156275211655615627521966161566199232066
perf_test_user_1211_173,156275211655615627521966161566199232066
perf_test_user_1211_174,156275211655615627521966161566199232066
perf_test_user_1211_175,156275211655615627521966161566199232066
perf_test_user_1211_176,156275211655615627521966161566199232066
perf_test_user_1211_177,156275211655615627521966161566199232066
perf_test_user_1211_178,156275211655615627521966161566199232066
perf_test_user_1211_179,156275211655615627521966161566199232066
perf_test_user_1211_180,156275211655615627521966161566199232066
perf_test_user_1211_181,156275211655615627521966161566199232066
perf_test_user_1211_182,156275211655615627521966161566199232066
perf_test_user_1211_183,156275211655615627521966161566199232066
perf_test_user_1211_184,156275211655615627521966161566199232066
perf_test_user_1211_185,156275211655615627521966161566199232066
perf_test_user_1211_186,156275211655615627521966161566199232066
perf_test_user_1211_187,156275211655615627521966161566199232066
perf_test_user_1211_188,156275211655615627521966161566199232066
perf_test_user_1211_189,156275211655615627521966161566199232066
perf_test_user_1211_190,156275211655615627521966161566199232066
perf_test_user_1211_191,156275211655615627521966161566199232066
perf_test_user_1211_192,156275211655615627521966161566199232066
perf_test_user_1211_193,156275211655615627521966161566199232066
perf_test_user_1211_194,156275211655615627521966161566199232066
perf_test_user_1211_195,156275211655615627521966161566199232066
perf_test_user_1211_196,156275211655615627521966161566199232066
perf_test_user_1211_197,156275211655615627521966161566199232066
perf_test_user_1211_198,156275211655615627521966161566199232066
perf_test_user_1211_199,156275211655615627521966161566199232066
perf_test_user_1211_200,156275211655615627521966161566199232066
perf_test_user_1211_201,156275211655615627521966161566199232066
perf_test_user_1211_202,156275211655615627521966161566199232066
perf_test_user_1211_203,156275211655615627521966161566199232066
perf_test_user_1211_204,156275211655615627521966161566199232066
perf_test_user_1211_205,156275211655615627521966161566199232066
perf_test_user_1211_206,156275211655615627521966161566199232066
perf_test_user_1211_207,156275211655615627521966161566199232066
perf_test_user_1211_208,156275211655615627521966161566199232066
perf_test_user_1211_209,156275211655615627521966161566199232066
perf_test_user_1211_210,156275211655615627521966161566199232066
perf_test_user_1211_211,156275211655615627521966161566199232066
perf_test_user_1211_212,156275211655615627521966161566199232066
perf_test_user_1211_213,156275211655615627521966161566199232066
perf_test_user_1211_214,156275211655615627521966161566199232066
perf_test_user_1211_215,156275211655615627521966161566199232066
perf_test_user_1211_216,156275211655615627521966161566199232066
perf_test_user_1211_217,156275211655615627521966161566199232066
perf_test_user_1211_218,156275211655615627521966161566199232066
perf_test_user_1211_219,156275211655615627521966161566199232066
perf_test_user_1211_220,156275211655615627521966161566199232066
perf_test_user_1211_221,156275211655615627521966161566199232066
perf_test_user_1211_222,156275211655615627521966161566199232066
perf_test_user_1211_223,156275211655615627521966161566199232066
perf_test_user_1211_224,156275211655615627521966161566199232066
perf_test_user_1211_225,156275211655615627521966161566199232066
perf_test_user_1211_226,156275211655615627521966161566199232066
perf_test_user_1211_227,156275211655615627521966161566199232066
perf_test_user_1211_228,156275211655615627521966161566199232066
perf_test_user_1211_229,156275211655615627521966161566199232066
perf_test_user_1211_230,156275211655615627521966161566199232066
perf_test_user_1211_231,156275211655615627521966161566199232066
perf_test_user_1211_232,156275211655615627521966161566199232066
perf_test_user_1211_233,156275211655615627521966161566199232066
perf_test_user_1211_234,156275211655615627521966161566199232066
perf_test_user_1211_235,156275211655615627521966161566199232066
perf_test_user_1211_236,156275211655615627521966161566199232066
perf_test_user_1211_237,156275211655615627521966161566199232066
perf_test_user_1211_238,156275211655615627521966161566199232066
perf_test_user_1211_239,156275211655615627521966161566199232066
perf_test_user_1211_240,156275211655615627521966161566199232066
perf_test_user_1211_241,156275211655615627521966161566199232066
perf_test_user_1211_242,156275211655615627521966161566199232066
perf_test_user_1211_243,156275211655615627521966161566199232066
perf_test_user_1211_244,156275211655615627521966161566199232066
perf_test_user_1211_245,156275211655615627521966161566199232066
perf_test_user_1211_246,156275211655615627521966161566199232066
perf_test_user_1211_247,156275211655615627521966161566199232066
perf_test_user_1211_248,156275211655615627521966161566199232066
perf_test_user_1211_249,156275211655615627521966161566199232066
perf_test_user_1211_250,156275211655615627521966161566199232066
perf_test_user_1211_251,156275211655615627521966161566199232066
perf_test_user_1211_252,156275211655615627521966161566199232066
perf_test_user_1211_253,156275211655615627521966161566199232066
perf_test_user_1211_254,156275211655615627521966161566199232066
perf_test_user_1211_255,156275211655615627521966161566199232066
perf_test_user_1211_256,156275211655615627521966161566199232066
perf_test_user_1211_257,156275211655615627521966161566199232066
perf_test_user_1211_258,156275211655615627521966161566199232066
perf_test_user_1211_259,156275211655615627521966161566199232066
perf_test_user_1211_260,156275211655615627521966161566199232066
perf_test_user_1211_261,156275211655615627521966161566199232066
perf_test_user_1211_262,156275211655615627521966161566199232066
perf_test_user_1211_263,156275211655615627521966161566199232066
perf_test_user_1211_264,156275211655615627521966161566199232066
perf_test_user_1211_265,156275211655615627521966161566199232066
perf_test_user_1211_266,156275211655615627521966161566199232066
perf_test_user_1211_267,156275211655615627521966161566199232066
perf_test_user_1211_268,156275211655615627521966161566199232066
perf_test_user_1211_269,156275211655615627521966161566199232066
perf_test_user_1211_270,156275211655615627521966161566199232066
perf_test_user_1211_271,156275211655615627521966161566199232066
perf_test_user_1211_272,156275211655615627521966161566199232066
perf_test_user_1211_273,156275211655615627521966161566199232066
perf_test_user_1211_274,156275211655615627521966161566199232066
perf_test_user_1211_275,156275211655615627521966161566199232066
perf_test_user_1211_276,156275211655615627521966161566199232066
perf_test_user_1211_277,156275211655615627521966161566199232066
perf_test_user_1211_278,156275211655615627521966161566199232066
perf_test_user_1211_279,156275211655615627521966161566199232066
perf_test_user_1211_280,156275211655615627521966161566199232066
perf_test_user_1211_281,156275211655615627521966161566199232066
perf_test_user_1211_282,156275211655615627521966161566199232066
perf_test_user_1211_283,156275211655615627521966161566199232066
perf_test_user_1211_284,156275211655615627521966161566199232066
perf_test_user_1211_285,156275211655615627521966161566199232066
perf_test_user_1211_286,156275211655615627521966161566199232066
perf_test_user_1211_287,156275211655615627521966161566199232066
perf_test_user_1211_288,156275211655615627521966161566199232066
perf_test_user_1211_289,156275211655615627521966161566199232066
perf_test_user_1211_290,156275211655615627521966161566199232066
perf_test_user_1211_291,156275211655615627521966161566199232066
perf_test_user_1211_292,156275211655615627521966161566199232066
perf_test_user_1211_293,156275211655615627521966161566199232066
perf_test_user_1211_294,156275211655615627521966161566199232066
perf_test_user_1211_295,156275211655615627521966161566199232066
perf_test_user_1211_296,156275211655615627521966161566199232066
perf_test_user_1211_297,156275211655615627521966161566199232066
perf_test_user_1211_298,156275211655615627521966161566199232066
perf_test_user_1211_299,156275211655615627521966161566199232066
perf_test_user_1211_300,156275211655615627521966161566199232066
perf_test_user_1211_301,156275211655615627521966161566199232066
perf_test_user_1211_302,156275211655615627521966161566199232066
perf_test_user_1211_303,156275211655615627521966161566199232066
perf_test_user_1211_304,156275211655615627521966161566199232066
perf_test_user_1211_305,156275211655615627521966161566199232066
perf_test_user_1211_306,156275211655615627521966161566199232066
perf_test_user_1211_307,156275211655615627521966161566199232066
perf_test_user_1211_308,156275211655615627521966161566199232066
perf_test_user_1211_309,156275211655615627521966161566199232066
perf_test_user_1211_310,156275211655615627521966161566199232066
perf_test_user_1211_311,156275211655615627521966161566199232066
perf_test_user_1211_312,156275211655615627521966161566199232066
perf_test_user_1211_313,156275211655615627521966161566199232066
perf_test_user_1211_314,156275211655615627521966161566199232066
perf_test_user_1211_315,156275211655615627521966161566199232066
perf_test_user_1211_316,156275211655615627521966161566199232066
perf_test_user_1211_317,156275211655615627521966161566199232066
perf_test_user_1211_318,156275211655615627521966161566199232066
perf_test_user_1211_319,156275211655615627521966161566199232066
perf_test_user_1211_320,156275211655615627521966161566199232066
perf_test_user_1211_321,156275211655615627521966161566199232066
perf_test_user_1211_322,156275211655615627521966161566199232066
perf_test_user_1211_323,156275211655615627521966161566199232066
perf_test_user_1211_324,156275211655615627521966161566199232066
perf_test_user_1211_325,156275211655615627521966161566199232066
perf_test_user_1211_326,156275211655615627521966161566199232066
perf_test_user_1211_327,156275211655615627521966161566199232066
perf_test_user_1211_328,156275211655615627521966161566199232066
perf_test_user_1211_329,156275211655615627521966161566199232066
perf_test_user_1211_330,156275211655615627521966161566199232066
perf_test_user_1211_331,156275211655615627521966161566199232066
perf_test_user_1211_332,156275211655615627521966161566199232066
perf_test_user_1211_333,156275211655615627521966161566199232066
perf_test_user_1211_334,156275211655615627521966161566199232066
perf_test_user_1211_335,156275211655615627521966161566199232066
perf_test_user_1211_336,156275211655615627521966161566199232066
perf_test_user_1211_337,156275211655615627521966161566199232066
perf_test_user_1211_338,156275211655615627521966161566199232066
perf_test_user_1211_339,156275211655615627521966161566199232066
perf_test_user_1211_340,156275211655615627521966161566199232066
perf_test_user_1211_341,156275211655615627521966161566199232066
perf_test_user_1211_342,156275211655615627521966161566199232066
perf_test_user_1211_343,156275211655615627521966161566199232066
perf_test_user_1211_344,156275211655615627521966161566199232066
perf_test_user_1211_345,156275211655615627521966161566199232066
perf_test_user_1211_346,156275211655615627521966161566199232066
perf_test_user_1211_347,156275211655615627521966161566199232066
perf_test_user_1211_348,156275211655615627521966161566199232066
perf_test_user_1211_349,156275211655615627521966161566199232066
perf_test_user_1211_350,156275211655615627521966161566199232066
perf_test_user_1211_351,156275211655615627521966161566199232066
perf_test_user_1211_352,156275211655615627521966161566199232066
perf_test_user_1211_353,156275211655615627521966161566199232066
perf_test_user_1211_354,156275211655615627521966161566199232066
perf_test_user_1211_355,156275211655615627521966161566199232066
perf_test_user_1211_356,156275211655615627521966161566199232066
perf_test_user_1211_357,156275211655615627521966161566199232066
perf_test_user_1211_358,156275211655615627521966161566199232066
perf_test_user_1211_359,156275211655615627521966161566199232066
perf_test_user_1211_360,156275211655615627521966161566199232066
perf_test_user_1211_361,156275211655615627521966161566199232066
perf_test_user_1211_362,156275211655615627521966161566199232066
perf_test_user_1211_363,156275211655615627521966161566199232066
perf_test_user_1211_364,156275211655615627521966161566199232066
perf_test_user_1211_365,156275211655615627521966161566199232066
perf_test_user_1211_366,156275211655615627521966161566199232066
perf_test_user_1211_367,156275211655615627521966161566199232066
perf_test_user_1211_368,156275211655615627521966161566199232066
perf_test_user_1211_369,156275211655615627521966161566199232066
perf_test_user_1211_370,156275211655615627521966161566199232066
perf_test_user_1211_371,156275211655615627521966161566199232066
perf_test_user_1211_372,156275211655615627521966161566199232066
perf_test_user_1211_373,156275211655615627521966161566199232066
perf_test_user_1211_374,156275211655615627521966161566199232066
perf_test_user_1211_375,156275211655615627521966161566199232066
perf_test_user_1211_376,156275211655615627521966161566199232066
perf_test_user_1211_377,156275211655615627521966161566199232066
perf_test_user_1211_378,156275211655615627521966161566199232066
perf_test_user_1211_379,156275211655615627521966161566199232066
perf_test_user_1211_380,156275211655615627521966161566199232066
perf_test_user_1211_381,156275211655615627521966161566199232066
perf_test_user_1211_382,156275211655615627521966161566199232066
perf_test_user_1211_383,156275211655615627521966161566199232066
perf_test_user_1211_384,156275211655615627521966161566199232066
perf_test_user_1211_385,156275211655615627521966161566199232066
perf_test_user_1211_386,156275211655615627521966161566199232066
perf_test_user_1211_387,156275211655615627521966161566199232066
perf_test_user_1211_388,156275211655615627521966161566199232066
perf_test_user_1211_389,156275211655615627521966161566199232066
perf_test_user_1211_390,156275211655615627521966161566199232066
perf_test_user_1211_391,156275211655615627521966161566199232066
perf_test_user_1211_392,156275211655615627521966161566199232066
perf_test_user_1211_393,156275211655615627521966161566199232066
perf_test_user_1211_394,156275211655615627521966161566199232066
perf_test_user_1211_395,156275211655615627521966161566199232066
perf_test_user_1211_396,156275211655615627521966161566199232066
perf_test_user_1211_397,156275211655615627521966161566199232066
perf_test_user_1211_398,156275211655615627521966161566199232066
perf_test_user_1211_399,156275211655615627521966161566199232066
perf_test_user_1211_400,156275211655615627521966161566199232066
perf_test_user_1211_401,156275211655615627521966161566199232066
perf_test_user_1211_402,156275211655615627521966161566199232066
perf_test_user_1211_403,156275211655615627521966161566199232066
perf_test_user_1211_404,156275211655615627521966161566199232066
perf_test_user_1211_405,156275211655615627521966161566199232066
perf_test_user_1211_406,156275211655615627521966161566199232066
perf_test_user_1211_407,156275211655615627521966161566199232066
perf_test_user_1211_408,156275211655615627521966161566199232066
perf_test_user_1211_409,156275211655615627521966161566199232066
perf_test_user_1211_410,156275211655615627521966161566199232066
perf_test_user_1211_411,156275211655615627521966161566199232066
perf_test_user_1211_412,156275211655615627521966161566199232066
perf_test_user_1211_413,156275211655615627521966161566199232066
perf_test_user_1211_414,156275211655615627521966161566199232066
perf_test_user_1211_415,156275211655615627521966161566199232066
perf_test_user_1211_416,156275211655615627521966161566199232066
perf_test_user_1211_417,156275211655615627521966161566199232066
perf_test_user_1211_418,156275211655615627521966161566199232066
perf_test_user_1211_419,156275211655615627521966161566199232066
perf_test_user_1211_420,156275211655615627521966161566199232066
perf_test_user_1211_421,156275211655615627521966161566199232066
perf_test_user_1211_422,156275211655615627521966161566199232066
perf_test_user_1211_423,156275211655615627521966161566199232066
perf_test_user_1211_424,156275211655615627521966161566199232066
perf_test_user_1211_425,156275211655615627521966161566199232066
perf_test_user_1211_426,156275211655615627521966161566199232066
perf_test_user_1211_427,156275211655615627521966161566199232066
perf_test_user_1211_428,156275211655615627521966161566199232066
perf_test_user_1211_429,156275211655615627521966161566199232066
perf_test_user_1211_430,156275211655615627521966161566199232066
perf_test_user_1211_431,156275211655615627521966161566199232066
perf_test_user_1211_432,156275211655615627521966161566199232066
perf_test_user_1211_433,156275211655615627521966161566199232066
perf_test_user_1211_434,156275211655615627521966161566199232066
perf_test_user_1211_435,156275211655615627521966161566199232066
perf_test_user_1211_436,156275211655615627521966161566199232066
perf_test_user_1211_437,156275211655615627521966161566199232066
perf_test_user_1211_438,156275211655615627521966161566199232066
perf_test_user_1211_439,156275211655615627521966161566199232066
perf_test_user_1211_440,156275211655615627521966161566199232066
perf_test_user_1211_441,156275211655615627521966161566199232066
perf_test_user_1211_442,156275211655615627521966161566199232066
perf_test_user_1211_443,156275211655615627521966161566199232066
perf_test_user_1211_444,156275211655615627521966161566199232066
perf_test_user_1211_445,156275211655615627521966161566199232066
perf_test_user_1211_446,156275211655615627521966161566199232066
perf_test_user_1211_447,156275211655615627521966161566199232066
perf_test_user_1211_448,156275211655615627521966161566199232066
perf_test_user_1211_449,156275211655615627521966161566199232066
perf_test_user_1211_450,156275211655615627521966161566199232066
perf_test_user_1211_451,156275211655615627521966161566199232066
perf_test_user_1211_452,156275211655615627521966161566199232066
perf_test_user_1211_453,156275211655615627521966161566199232066
perf_test_user_1211_454,156275211655615627521966161566199232066
perf_test_user_1211_455,156275211655615627521966161566199232066
perf_test_user_1211_456,156275211655615627521966161566199232066
perf_test_user_1211_457,156275211655615627521966161566199232066
perf_test_user_1211_458,156275211655615627521966161566199232066
perf_test_user_1211_459,156275211655615627521966161566199232066
perf_test_user_1211_460,156275211655615627521966161566199232066
perf_test_user_1211_461,156275211655615627521966161566199232066
perf_test_user_1211_462,156275211655615627521966161566199232066
perf_test_user_1211_463,156275211655615627521966161566199232066
perf_test_user_1211_464,156275211655615627521966161566199232066
perf_test_user_1211_465,156275211655615627521966161566199232066
perf_test_user_1211_466,156275211655615627521966161566199232066
perf_test_user_1211_467,156275211655615627521966161566199232066
perf_test_user_1211_468,156275211655615627521966161566199232066
perf_test_user_1211_469,156275211655615627521966161566199232066
perf_test_user_1211_470,156275211655615627521966161566199232066
perf_test_user_1211_471,156275211655615627521966161566199232066
perf_test_user_1211_472,156275211655615627521966161566199232066
perf_test_user_1211_473,156275211655615627521966161566199232066
perf_test_user_1211_474,156275211655615627521966161566199232066
perf_test_user_1211_475,156275211655615627521966161566199232066
perf_test_user_1211_476,156275211655615627521966161566199232066
perf_test_user_1211_477,156275211655615627521966161566199232066
perf_test_user_1211_478,156275211655615627521966161566199232066
perf_test_user_1211_479,156275211655615627521966161566199232066
perf_test_user_1211_480,156275211655615627521966161566199232066
perf_test_user_1211_481,156275211655615627521966161566199232066
perf_test_user_1211_482,156275211655615627521966161566199232066
perf_test_user_1211_483,156275211655615627521966161566199232066
perf_test_user_1211_484,156275211655615627521966161566199232066
perf_test_user_1211_485,156275211655615627521966161566199232066
perf_test_user_1211_486,156275211655615627521966161566199232066
perf_test_user_1211_487,156275211655615627521966161566199232066
perf_test_user_1211_488,156275211655615627521966161566199232066
perf_test_user_1211_489,156275211655615627521966161566199232066
perf_test_user_1211_490,156275211655615627521966161566199232066
perf_test_user_1211_491,156275211655615627521966161566199232066
perf_test_user_1211_492,156275211655615627521966161566199232066
perf_test_user_1211_493,156275211655615627521966161566199232066
perf_test_user_1211_494,156275211655615627521966161566199232066
perf_test_user_1211_495,156275211655615627521966161566199232066
perf_test_user_1211_496,156275211655615627521966161566199232066
perf_test_user_1211_497,156275211655615627521966161566199232066
perf_test_user_1211_498,156275211655615627521966161566199232066
perf_test_user_1211_499,156275211655615627521966161566199232066
perf_test_user_1211_500,156275211655615627521966161566199232066
perf_test_user_1211_501,156275211655615627521966161566199232066
perf_test_user_1211_502,156275211655615627521966161566199232066
perf_test_user_1211_503,156275211655615627521966161566199232066
perf_test_user_1211_504,156275211655615627521966161566199232066
perf_test_user_1211_505,156275211655615627521966161566199232066
perf_test_user_1211_506,156275211655615627521966161566199232066
perf_test_user_1211_507,156275211655615627521966161566199232066
perf_test_user_1211_508,156275211655615627521966161566199232066
perf_test_user_1211_509,156275211655615627521966161566199232066
perf_test_user_1211_510,156275211655615627521966161566199232066
perf_test_user_1211_511,156275211655615627521966161566199232066
perf_test_user_1211_512,156275211655615627521966161566199232066
perf_test_user_1211_513,156275211655615627521966161566199232066
perf_test_user_1211_514,156275211655615627521966161566199232066
perf_test_user_1211_515,156275211655615627521966161566199232066
perf_test_user_1211_516,156275211655615627521966161566199232066
perf_test_user_1211_517,156275211655615627521966161566199232066
perf_test_user_1211_518,156275211655615627521966161566199232066
perf_test_user_1211_519,156275211655615627521966161566199232066
perf_test_user_1211_520,156275211655615627521966161566199232066
perf_test_user_1211_521,156275211655615627521966161566199232066
perf_test_user_1211_522,156275211655615627521966161566199232066
perf_test_user_1211_523,156275211655615627521966161566199232066
perf_test_user_1211_524,156275211655615627521966161566199232066
perf_test_user_1211_525,156275211655615627521966161566199232066
perf_test_user_1211_526,156275211655615627521966161566199232066
perf_test_user_1211_527,156275211655615627521966161566199232066
perf_test_user_1211_528,156275211655615627521966161566199232066
perf_test_user_1211_529,156275211655615627521966161566199232066
perf_test_user_1211_530,156275211655615627521966161566199232066
perf_test_user_1211_531,156275211655615627521966161566199232066
perf_test_user_1211_532,156275211655615627521966161566199232066
perf_test_user_1211_533,156275211655615627521966161566199232066
perf_test_user_1211_534,156275211655615627521966161566199232066
perf_test_user_1211_535,156275211655615627521966161566199232066
perf_test_user_1211_536,156275211655615627521966161566199232066
perf_test_user_1211_537,156275211655615627521966161566199232066
perf_test_user_1211_538,156275211655615627521966161566199232066
perf_test_user_1211_539,156275211655615627521966161566199232066
perf_test_user_1211_540,156275211655615627521966161566199232066
perf_test_user_1211_541,156275211655615627521966161566199232066
perf_test_user_1211_542,156275211655615627521966161566199232066
perf_test_user_1211_543,156275211655615627521966161566199232066
perf_test_user_1211_544,156275211655615627521966161566199232066
perf_test_user_1211_545,156275211655615627521966161566199232066
perf_test_user_1211_546,156275211655615627521966161566199232066
perf_test_user_1211_547,156275211655615627521966161566199232066
perf_test_user_1211_548,156275211655615627521966161566199232066
perf_test_user_1211_549,156275211655615627521966161566199232066
perf_test_user_1211_550,156275211655615627521966161566199232066
perf_test_user_1211_551,156275211655615627521966161566199232066
perf_test_user_1211_552,156275211655615627521966161566199232066
perf_test_user_1211_553,156275211655615627521966161566199232066
perf_test_user_1211_554,156275211655615627521966161566199232066
perf_test_user_1211_555,156275211655615627521966161566199232066
perf_test_user_1211_556,156275211655615627521966161566199232066
perf_test_user_1211_557,156275211655615627521966161566199232066
perf_test_user_1211_558,156275211655615627521966161566199232066
perf_test_user_1211_559,156275211655615627521966161566199232066
perf_test_user_1211_560,156275211655615627521966161566199232066
perf_test_user_1211_561,156275211655615627521966161566199232066
perf_test_user_1211_562,156275211655615627521966161566199232066
perf_test_user_1211_563,156275211655615627521966161566199232066
perf_test_user_1211_564,156275211655615627521966161566199232066
perf_test_user_1211_565,156275211655615627521966161566199232066
perf_test_user_1211_566,156275211655615627521966161566199232066
perf_test_user_1211_567,156275211655615627521966161566199232066
perf_test_user_1211_568,156275211655615627521966161566199232066
perf_test_user_1211_569,156275211655615627521966161566199232066
perf_test_user_1211_570,156275211655615627521966161566199232066
perf_test_user_1211_571,156275211655615627521966161566199232066
perf_test_user_1211_572,156275211655615627521966161566199232066
perf_test_user_1211_573,156275211655615627521966161566199232066
perf_test_user_1211_574,156275211655615627521966161566199232066
perf_test_user_1211_575,156275211655615627521966161566199232066
perf_test_user_1211_576,156275211655615627521966161566199232066
perf_test_user_1211_577,156275211655615627521966161566199232066
perf_test_user_1211_578,156275211655615627521966161566199232066
perf_test_user_1211_579,156275211655615627521966161566199232066
perf_test_user_1211_580,156275211655615627521966161566199232066
perf_test_user_1211_581,156275211655615627521966161566199232066
perf_test_user_1211_582,156275211655615627521966161566199232066
perf_test_user_1211_583,156275211655615627521966161566199232066
perf_test_user_1211_584,156275211655615627521966161566199232066
perf_test_user_1211_585,156275211655615627521966161566199232066
perf_test_user_1211_586,156275211655615627521966161566199232066
perf_test_user_1211_587,156275211655615627521966161566199232066
perf_test_user_1211_588,156275211655615627521966161566199232066
perf_test_user_1211_589,156275211655615627521966161566199232066
perf_test_user_1211_590,156275211655615627521966161566199232066
perf_test_user_1211_591,156275211655615627521966161566199232066
perf_test_user_1211_592,156275211655615627521966161566199232066
perf_test_user_1211_593,156275211655615627521966161566199232066
perf_test_user_1211_594,156275211655615627521966161566199232066
perf_test_user_1211_595,156275211655615627521966161566199232066
perf_test_user_1211_596,156275211655615627521966161566199232066
perf_test_user_1211_597,156275211655615627521966161566199232066
perf_test_user_1211_598,156275211655615627521966161566199232066
perf_test_user_1211_599,156275211655615627521966161566199232066
perf_test_user_1211_600,156275211655615627521966161566199232066
perf_test_user_1211_601,156275211655615627521966161566199232066
perf_test_user_1211_602,156275211655615627521966161566199232066
perf_test_user_1211_603,156275211655615627521966161566199232066
perf_test_user_1211_604,156275211655615627521966161566199232066
perf_test_user_1211_605,156275211655615627521966161566199232066
perf_test_user_1211_606,156275211655615627521966161566199232066
perf_test_user_1211_607,156275211655615627521966161566199232066
perf_test_user_1211_608,156275211655615627521966161566199232066
perf_test_user_1211_609,156275211655615627521966161566199232066
perf_test_user_1211_610,156275211655615627521966161566199232066
perf_test_user_1211_611,156275211655615627521966161566199232066
perf_test_user_1211_612,156275211655615627521966161566199232066
perf_test_user_1211_613,156275211655615627521966161566199232066
perf_test_user_1211_614,156275211655615627521966161566199232066
perf_test_user_1211_615,156275211655615627521966161566199232066
perf_test_user_1211_616,156275211655615627521966161566199232066
perf_test_user_1211_617,156275211655615627521966161566199232066
perf_test_user_1211_618,156275211655615627521966161566199232066
perf_test_user_1211_619,156275211655615627521966161566199232066
perf_test_user_1211_620,156275211655615627521966161566199232066
perf_test_user_1211_621,156275211655615627521966161566199232066
perf_test_user_1211_622,156275211655615627521966161566199232066
perf_test_user_1211_623,156275211655615627521966161566199232066
perf_test_user_1211_624,156275211655615627521966161566199232066
perf_test_user_1211_625,156275211655615627521966161566199232066
perf_test_user_1211_626,156275211655615627521966161566199232066
perf_test_user_1211_627,156275211655615627521966161566199232066
perf_test_user_1211_628,156275211655615627521966161566199232066
perf_test_user_1211_629,156275211655615627521966161566199232066
perf_test_user_1211_630,156275211655615627521966161566199232066
perf_test_user_1211_631,156275211655615627521966161566199232066
perf_test_user_1211_632,156275211655615627521966161566199232066
perf_test_user_1211_633,156275211655615627521966161566199232066
perf_test_user_1211_634,156275211655615627521966161566199232066
perf_test_user_1211_635,156275211655615627521966161566199232066
perf_test_user_1211_636,156275211655615627521966161566199232066
perf_test_user_1211_637,156275211655615627521966161566199232066
perf_test_user_1211_638,156275211655615627521966161566199232066
perf_test_user_1211_639,156275211655615627521966161566199232066
perf_test_user_1211_640,156275211655615627521966161566199232066
perf_test_user_1211_641,156275211655615627521966161566199232066
perf_test_user_1211_642,156275211655615627521966161566199232066
perf_test_user_1211_643,156275211655615627521966161566199232066
perf_test_user_1211_644,156275211655615627521966161566199232066
perf_test_user_1211_645,156275211655615627521966161566199232066
perf_test_user_1211_646,156275211655615627521966161566199232066
perf_test_user_1211_647,156275211655615627521966161566199232066
perf_test_user_1211_648,156275211655615627521966161566199232066
perf_test_user_1211_649,156275211655615627521966161566199232066
perf_test_user_1211_650,156275211655615627521966161566199232066
perf_test_user_1211_651,156275211655615627521966161566199232066
perf_test_user_1211_652,156275211655615627521966161566199232066
perf_test_user_1211_653,156275211655615627521966161566199232066
perf_test_user_1211_654,156275211655615627521966161566199232066
perf_test_user_1211_655,156275211655615627521966161566199232066
perf_test_user_1211_656,156275211655615627521966161566199232066
perf_test_user_1211_657,156275211655615627521966161566199232066
perf_test_user_1211_658,156275211655615627521966161566199232066
perf_test_user_1211_659,156275211655615627521966161566199232066
perf_test_user_1211_660,156275211655615627521966161566199232066
perf_test_user_1211_661,156275211655615627521966161566199232066
perf_test_user_1211_662,156275211655615627521966161566199232066
perf_test_user_1211_663,156275211655615627521966161566199232066
perf_test_user_1211_664,156275211655615627521966161566199232066
perf_test_user_1211_665,156275211655615627521966161566199232066
perf_test_user_1211_666,156275211655615627521966161566199232066
perf_test_user_1211_667,156275211655615627521966161566199232066
perf_test_user_1211_668,156275211655615627521966161566199232066
perf_test_user_1211_669,156275211655615627521966161566199232066
perf_test_user_1211_670,156275211655615627521966161566199232066
perf_test_user_1211_671,156275211655615627521966161566199232066
perf_test_user_1211_672,156275211655615627521966161566199232066
perf_test_user_1211_673,156275211655615627521966161566199232066
perf_test_user_1211_674,156275211655615627521966161566199232066
perf_test_user_1211_675,156275211655615627521966161566199232066
perf_test_user_1211_676,156275211655615627521966161566199232066
perf_test_user_1211_677,156275211655615627521966161566199232066
perf_test_user_1211_678,156275211655615627521966161566199232066
perf_test_user_1211_679,156275211655615627521966161566199232066
perf_test_user_1211_680,156275211655615627521966161566199232066
perf_test_user_1211_681,156275211655615627521966161566199232066
perf_test_user_1211_682,156275211655615627521966161566199232066
perf_test_user_1211_683,156275211655615627521966161566199232066
perf_test_user_1211_684,156275211655615627521966161566199232066
perf_test_user_1211_685,156275211655615627521966161566199232066
perf_test_user_1211_686,156275211655615627521966161566199232066
perf_test_user_1211_687,156275211655615627521966161566199232066
perf_test_user_1211_688,156275211655615627521966161566199232066
perf_test_user_1211_689,156275211655615627521966161566199232066
perf_test_user_1211_690,156275211655615627521966161566199232066
perf_test_user_1211_691,156275211655615627521966161566199232066
perf_test_user_1211_692,156275211655615627521966161566199232066
perf_test_user_1211_693,156275211655615627521966161566199232066
perf_test_user_1211_694,156275211655615627521966161566199232066
perf_test_user_1211_695,156275211655615627521966161566199232066
perf_test_user_1211_696,156275211655615627521966161566199232066
perf_test_user_1211_697,156275211655615627521966161566199232066
perf_test_user_1211_698,156275211655615627521966161566199232066
perf_test_user_1211_699,156275211655615627521966161566199232066
perf_test_user_1211_700,156275211655615627521966161566199232066
perf_test_user_1211_701,156275211655615627521966161566199232066
perf_test_user_1211_702,156275211655615627521966161566199232066
perf_test_user_1211_703,156275211655615627521966161566199232066
perf_test_user_1211_704,156275211655615627521966161566199232066
perf_test_user_1211_705,156275211655615627521966161566199232066
perf_test_user_1211_706,156275211655615627521966161566199232066
perf_test_user_1211_707,156275211655615627521966161566199232066
perf_test_user_1211_708,156275211655615627521966161566199232066
perf_test_user_1211_709,156275211655615627521966161566199232066
perf_test_user_1211_710,156275211655615627521966161566199232066
perf_test_user_1211_711,156275211655615627521966161566199232066
perf_test_user_1211_712,156275211655615627521966161566199232066
perf_test_user_1211_713,156275211655615627521966161566199232066
perf_test_user_1211_714,156275211655615627521966161566199232066
perf_test_user_1211_715,156275211655615627521966161566199232066
perf_test_user_1211_716,156275211655615627521966161566199232066
perf_test_user_1211_717,156275211655615627521966161566199232066
perf_test_user_1211_718,156275211655615627521966161566199232066
perf_test_user_1211_719,156275211655615627521966161566199232066
perf_test_user_1211_720,156275211655615627521966161566199232066
perf_test_user_1211_721,156275211655615627521966161566199232066
perf_test_user_1211_722,156275211655615627521966161566199232066
perf_test_user_1211_723,156275211655615627521966161566199232066
perf_test_user_1211_724,156275211655615627521966161566199232066
perf_test_user_1211_725,156275211655615627521966161566199232066
perf_test_user_1211_726,156275211655615627521966161566199232066
perf_test_user_1211_727,156275211655615627521966161566199232066
perf_test_user_1211_728,156275211655615627521966161566199232066
perf_test_user_1211_729,156275211655615627521966161566199232066
perf_test_user_1211_730,156275211655615627521966161566199232066
perf_test_user_1211_731,156275211655615627521966161566199232066
perf_test_user_1211_732,156275211655615627521966161566199232066
perf_test_user_1211_733,156275211655615627521966161566199232066
perf_test_user_1211_734,156275211655615627521966161566199232066
perf_test_user_1211_735,156275211655615627521966161566199232066
perf_test_user_1211_736,156275211655615627521966161566199232066
perf_test_user_1211_737,156275211655615627521966161566199232066
perf_test_user_1211_738,156275211655615627521966161566199232066
perf_test_user_1211_739,156275211655615627521966161566199232066
perf_test_user_1211_740,156275211655615627521966161566199232066
perf_test_user_1211_741,156275211655615627521966161566199232066
perf_test_user_1211_742,156275211655615627521966161566199232066
perf_test_user_1211_743,156275211655615627521966161566199232066
perf_test_user_1211_744,156275211655615627521966161566199232066
perf_test_user_1211_745,156275211655615627521966161566199232066
perf_test_user_1211_746,156275211655615627521966161566199232066
perf_test_user_1211_747,156275211655615627521966161566199232066
perf_test_user_1211_748,156275211655615627521966161566199232066
perf_test_user_1211_749,156275211655615627521966161566199232066
perf_test_user_1211_750,156275211655615627521966161566199232066
perf_test_user_1211_751,156275211655615627521966161566199232066
perf_test_user_1211_752,156275211655615627521966161566199232066
perf_test_user_1211_753,156275211655615627521966161566199232066
perf_test_user_1211_754,156275211655615627521966161566199232066
perf_test_user_1211_755,156275211655615627521966161566199232066
perf_test_user_1211_756,156275211655615627521966161566199232066
perf_test_user_1211_757,156275211655615627521966161566199232066
perf_test_user_1211_758,156275211655615627521966161566199232066
perf_test_user_1211_759,156275211655615627521966161566199232066
perf_test_user_1211_760,156275211655615627521966161566199232066
perf_test_user_1211_761,156275211655615627521966161566199232066
perf_test_user_1211_762,156275211655615627521966161566199232066
perf_test_user_1211_763,156275211655615627521966161566199232066
perf_test_user_1211_764,156275211655615627521966161566199232066
perf_test_user_1211_765,156275211655615627521966161566199232066
perf_test_user_1211_766,156275211655615627521966161566199232066
perf_test_user_1211_767,156275211655615627521966161566199232066
perf_test_user_1211_768,156275211655615627521966161566199232066
perf_test_user_1211_769,156275211655615627521966161566199232066
perf_test_user_1211_770,156275211655615627521966161566199232066
perf_test_user_1211_771,156275211655615627521966161566199232066
perf_test_user_1211_772,156275211655615627521966161566199232066
perf_test_user_1211_773,156275211655615627521966161566199232066
perf_test_user_1211_774,156275211655615627521966161566199232066
perf_test_user_1211_775,156275211655615627521966161566199232066
perf_test_user_1211_776,156275211655615627521966161566199232066
perf_test_user_1211_777,156275211655615627521966161566199232066
perf_test_user_1211_778,156275211655615627521966161566199232066
perf_test_user_1211_779,156275211655615627521966161566199232066
perf_test_user_1211_780,156275211655615627521966161566199232066
perf_test_user_1211_781,156275211655615627521966161566199232066
perf_test_user_1211_782,156275211655615627521966161566199232066
perf_test_user_1211_783,156275211655615627521966161566199232066
perf_test_user_1211_784,156275211655615627521966161566199232066
perf_test_user_1211_785,156275211655615627521966161566199232066
perf_test_user_1211_786,156275211655615627521966161566199232066
perf_test_user_1211_787,156275211655615627521966161566199232066
perf_test_user_1211_788,156275211655615627521966161566199232066
perf_test_user_1211_789,156275211655615627521966161566199232066
perf_test_user_1211_790,156275211655615627521966161566199232066
perf_test_user_1211_791,156275211655615627521966161566199232066
perf_test_user_1211_792,156275211655615627521966161566199232066
perf_test_user_1211_793,156275211655615627521966161566199232066
perf_test_user_1211_794,156275211655615627521966161566199232066
perf_test_user_1211_795,156275211655615627521966161566199232066
perf_test_user_1211_796,156275211655615627521966161566199232066
perf_test_user_1211_797,156275211655615627521966161566199232066
perf_test_user_1211_798,156275211655615627521966161566199232066
perf_test_user_1211_799,156275211655615627521966161566199232066
perf_test_user_1211_800,156275211655615627521966161566199232066
perf_test_user_1211_801,156275211655615627521966161566199232066
perf_test_user_1211_802,156275211655615627521966161566199232066
perf_test_user_1211_803,156275211655615627521966161566199232066
perf_test_user_1211_804,156275211655615627521966161566199232066
perf_test_user_1211_805,156275211655615627521966161566199232066
perf_test_user_1211_806,156275211655615627521966161566199232066
perf_test_user_1211_807,156275211655615627521966161566199232066
perf_test_user_1211_808,156275211655615627521966161566199232066
perf_test_user_1211_809,156275211655615627521966161566199232066
perf_test_user_1211_810,156275211655615627521966161566199232066
perf_test_user_1211_811,156275211655615627521966161566199232066
perf_test_user_1211_812,156275211655615627521966161566199232066
perf_test_user_1211_813,156275211655615627521966161566199232066
perf_test_user_1211_814,156275211655615627521966161566199232066
perf_test_user_1211_815,156275211655615627521966161566199232066
perf_test_user_1211_816,156275211655615627521966161566199232066
perf_test_user_1211_817,156275211655615627521966161566199232066
perf_test_user_1211_818,156275211655615627521966161566199232066
perf_test_user_1211_819,156275211655615627521966161566199232066
perf_test_user_1211_820,156275211655615627521966161566199232066
perf_test_user_1211_821,156275211655615627521966161566199232066
perf_test_user_1211_822,156275211655615627521966161566199232066
perf_test_user_1211_823,156275211655615627521966161566199232066
perf_test_user_1211_824,156275211655615627521966161566199232066
perf_test_user_1211_825,156275211655615627521966161566199232066
perf_test_user_1211_826,156275211655615627521966161566199232066
perf_test_user_1211_827,156275211655615627521966161566199232066
perf_test_user_1211_828,156275211655615627521966161566199232066
perf_test_user_1211_829,156275211655615627521966161566199232066
perf_test_user_1211_830,156275211655615627521966161566199232066
perf_test_user_1211_831,156275211655615627521966161566199232066
perf_test_user_1211_832,156275211655615627521966161566199232066
perf_test_user_1211_833,156275211655615627521966161566199232066
perf_test_user_1211_834,156275211655615627521966161566199232066
perf_test_user_1211_835,156275211655615627521966161566199232066
perf_test_user_1211_836,156275211655615627521966161566199232066
perf_test_user_1211_837,156275211655615627521966161566199232066
perf_test_user_1211_838,156275211655615627521966161566199232066
perf_test_user_1211_839,156275211655615627521966161566199232066
perf_test_user_1211_840,156275211655615627521966161566199232066
perf_test_user_1211_841,156275211655615627521966161566199232066
perf_test_user_1211_842,156275211655615627521966161566199232066
perf_test_user_1211_843,156275211655615627521966161566199232066
perf_test_user_1211_844,156275211655615627521966161566199232066
perf_test_user_1211_845,156275211655615627521966161566199232066
perf_test_user_1211_846,156275211655615627521966161566199232066
perf_test_user_1211_847,156275211655615627521966161566199232066
perf_test_user_1211_848,156275211655615627521966161566199232066
perf_test_user_1211_849,156275211655615627521966161566199232066
perf_test_user_1211_850,156275211655615627521966161566199232066
perf_test_user_1211_851,156275211655615627521966161566199232066
perf_test_user_1211_852,156275211655615627521966161566199232066
perf_test_user_1211_853,156275211655615627521966161566199232066
perf_test_user_1211_854,156275211655615627521966161566199232066
perf_test_user_1211_855,156275211655615627521966161566199232066
perf_test_user_1211_856,156275211655615627521966161566199232066
perf_test_user_1211_857,156275211655615627521966161566199232066
perf_test_user_1211_858,156275211655615627521966161566199232066
perf_test_user_1211_859,156275211655615627521966161566199232066
perf_test_user_1211_860,156275211655615627521966161566199232066
perf_test_user_1211_861,156275211655615627521966161566199232066
perf_test_user_1211_862,156275211655615627521966161566199232066
perf_test_user_1211_863,156275211655615627521966161566199232066
perf_test_user_1211_864,156275211655615627521966161566199232066
perf_test_user_1211_865,156275211655615627521966161566199232066
perf_test_user_1211_866,156275211655615627521966161566199232066
perf_test_user_1211_867,156275211655615627521966161566199232066
perf_test_user_1211_868,156275211655615627521966161566199232066
perf_test_user_1211_869,156275211655615627521966161566199232066
perf_test_user_1211_870,156275211655615627521966161566199232066
perf_test_user_1211_871,156275211655615627521966161566199232066
perf_test_user_1211_872,156275211655615627521966161566199232066
perf_test_user_1211_873,156275211655615627521966161566199232066
perf_test_user_1211_874,156275211655615627521966161566199232066
perf_test_user_1211_875,156275211655615627521966161566199232066
perf_test_user_1211_876,156275211655615627521966161566199232066
perf_test_user_1211_877,156275211655615627521966161566199232066
perf_test_user_1211_878,156275211655615627521966161566199232066
perf_test_user_1211_879,156275211655615627521966161566199232066
perf_test_user_1211_880,156275211655615627521966161566199232066
perf_test_user_1211_881,156275211655615627521966161566199232066
perf_test_user_1211_882,156275211655615627521966161566199232066
perf_test_user_1211_883,156275211655615627521966161566199232066
perf_test_user_1211_884,156275211655615627521966161566199232066
perf_test_user_1211_885,156275211655615627521966161566199232066
perf_test_user_1211_886,156275211655615627521966161566199232066
perf_test_user_1211_887,156275211655615627521966161566199232066
perf_test_user_1211_888,156275211655615627521966161566199232066
perf_test_user_1211_889,156275211655615627521966161566199232066
perf_test_user_1211_890,156275211655615627521966161566199232066
perf_test_user_1211_891,156275211655615627521966161566199232066
perf_test_user_1211_892,156275211655615627521966161566199232066
perf_test_user_1211_893,156275211655615627521966161566199232066
perf_test_user_1211_894,156275211655615627521966161566199232066
perf_test_user_1211_895,156275211655615627521966161566199232066
perf_test_user_1211_896,156275211655615627521966161566199232066
perf_test_user_1211_897,156275211655615627521966161566199232066
perf_test_user_1211_898,156275211655615627521966161566199232066
perf_test_user_1211_899,156275211655615627521966161566199232066
perf_test_user_1211_900,156275211655615627521966161566199232066
perf_test_user_1211_901,156275211655615627521966161566199232066
perf_test_user_1211_902,156275211655615627521966161566199232066
perf_test_user_1211_903,156275211655615627521966161566199232066
perf_test_user_1211_904,156275211655615627521966161566199232066
perf_test_user_1211_905,156275211655615627521966161566199232066
perf_test_user_1211_906,156275211655615627521966161566199232066
perf_test_user_1211_907,156275211655615627521966161566199232066
perf_test_user_1211_908,156275211655615627521966161566199232066
perf_test_user_1211_909,156275211655615627521966161566199232066
perf_test_user_1211_910,156275211655615627521966161566199232066
perf_test_user_1211_911,156275211655615627521966161566199232066
perf_test_user_1211_912,156275211655615627521966161566199232066
perf_test_user_1211_913,156275211655615627521966161566199232066
perf_test_user_1211_914,156275211655615627521966161566199232066
perf_test_user_1211_915,156275211655615627521966161566199232066
perf_test_user_1211_916,156275211655615627521966161566199232066
perf_test_user_1211_917,156275211655615627521966161566199232066
perf_test_user_1211_918,156275211655615627521966161566199232066
perf_test_user_1211_919,156275211655615627521966161566199232066
perf_test_user_1211_920,156275211655615627521966161566199232066
perf_test_user_1211_921,156275211655615627521966161566199232066
perf_test_user_1211_922,156275211655615627521966161566199232066
perf_test_user_1211_923,156275211655615627521966161566199232066
perf_test_user_1211_924,156275211655615627521966161566199232066
perf_test_user_1211_925,156275211655615627521966161566199232066
perf_test_user_1211_926,156275211655615627521966161566199232066
perf_test_user_1211_927,156275211655615627521966161566199232066
perf_test_user_1211_928,156275211655615627521966161566199232066
perf_test_user_1211_929,156275211655615627521966161566199232066
perf_test_user_1211_930,156275211655615627521966161566199232066
perf_test_user_1211_931,156275211655615627521966161566199232066
perf_test_user_1211_932,156275211655615627521966161566199232066
perf_test_user_1211_933,156275211655615627521966161566199232066
perf_test_user_1211_934,156275211655615627521966161566199232066
perf_test_user_1211_935,156275211655615627521966161566199232066
perf_test_user_1211_936,156275211655615627521966161566199232066
perf_test_user_1211_937,156275211655615627521966161566199232066
perf_test_user_1211_938,156275211655615627521966161566199232066
perf_test_user_1211_939,156275211655615627521966161566199232066
perf_test_user_1211_940,156275211655615627521966161566199232066
perf_test_user_1211_941,156275211655615627521966161566199232066
perf_test_user_1211_942,156275211655615627521966161566199232066
perf_test_user_1211_943,156275211655615627521966161566199232066
perf_test_user_1211_944,156275211655615627521966161566199232066
perf_test_user_1211_945,156275211655615627521966161566199232066
perf_test_user_1211_946,156275211655615627521966161566199232066
perf_test_user_1211_947,156275211655615627521966161566199232066
perf_test_user_1211_948,156275211655615627521966161566199232066
perf_test_user_1211_949,156275211655615627521966161566199232066
perf_test_user_1211_950,156275211655615627521966161566199232066
perf_test_user_1211_951,156275211655615627521966161566199232066
perf_test_user_1211_952,156275211655615627521966161566199232066
perf_test_user_1211_953,156275211655615627521966161566199232066
perf_test_user_1211_954,156275211655615627521966161566199232066
perf_test_user_1211_955,156275211655615627521966161566199232066
perf_test_user_1211_956,156275211655615627521966161566199232066
perf_test_user_1211_957,156275211655615627521966161566199232066
perf_test_user_1211_958,156275211655615627521966161566199232066
perf_test_user_1211_959,156275211655615627521966161566199232066
perf_test_user_1211_960,156275211655615627521966161566199232066
perf_test_user_1211_961,156275211655615627521966161566199232066
perf_test_user_1211_962,156275211655615627521966161566199232066
perf_test_user_1211_963,156275211655615627521966161566199232066
perf_test_user_1211_964,156275211655615627521966161566199232066
perf_test_user_1211_965,156275211655615627521966161566199232066
perf_test_user_1211_966,156275211655615627521966161566199232066
perf_test_user_1211_967,156275211655615627521966161566199232066
perf_test_user_1211_968,156275211655615627521966161566199232066
perf_test_user_1211_969,156275211655615627521966161566199232066
perf_test_user_1211_970,156275211655615627521966161566199232066
perf_test_user_1211_971,156275211655615627521966161566199232066
perf_test_user_1211_972,156275211655615627521966161566199232066
perf_test_user_1211_973,156275211655615627521966161566199232066
perf_test_user_1211_974,156275211655615627521966161566199232066
perf_test_user_1211_975,156275211655615627521966161566199232066
perf_test_user_1211_976,156275211655615627521966161566199232066
perf_test_user_1211_977,156275211655615627521966161566199232066
perf_test_user_1211_978,156275211655615627521966161566199232066
perf_test_user_1211_979,156275211655615627521966161566199232066
perf_test_user_1211_980,156275211655615627521966161566199232066
perf_test_user_1211_981,156275211655615627521966161566199232066
perf_test_user_1211_982,156275211655615627521966161566199232066
perf_test_user_1211_983,156275211655615627521966161566199232066
perf_test_user_1211_984,156275211655615627521966161566199232066
perf_test_user_1211_985,156275211655615627521966161566199232066
perf_test_user_1211_986,156275211655615627521966161566199232066
perf_test_user_1211_987,156275211655615627521966161566199232066
perf_test_user_1211_988,156275211655615627521966161566199232066
perf_test_user_1211_989,156275211655615627521966161566199232066
perf_test_user_1211_990,156275211655615627521966161566199232066
perf_test_user_1211_991,156275211655615627521966161566199232066
perf_test_user_1211_992,156275211655615627521966161566199232066
perf_test_user_1211_993,156275211655615627521966161566199232066
perf_test_user_1211_994,156275211655615627521966161566199232066
perf_test_user_1211_995,156275211655615627521966161566199232066
perf_test_user_1211_996,156275211655615627521966161566199232066
perf_test_user_1211_997,156275211655615627521966161566199232066
perf_test_user_1211_998,156275211655615627521966161566199232066
perf_test_user_1211_999,156275211655615627521966161566199232066
perf_test_user_1211_1000,156275211655615627521966161566199232066